jan,title,maker,series,grade,scale
,1/1 G-3ガンプラくん,BANDAI SPIRITS,SDガンダムシリーズ,,1/1
4573102651181,1/1 ガンプラくんDXセット（ランナーVer.再現パーツ付き）,BANDAI SPIRITS,SDガンダムシリーズ,,1/1
,1/1 ガンプラくん［ガンプラくん劇場イメージカラー］,BANDAI SPIRITS,SDガンダムシリーズ,,1/1
,1/1 ガンプラくん［セブン-イレブン限定カラー］,BANDAI SPIRITS,SDガンダムシリーズ,,1/1
,1/1 ガンプラくん［ペインティングモデル］,BANDAI SPIRITS,SDガンダムシリーズ,,1/1
4573102685773,1/1 ザクプラくんDXセット（ランナーVer.再現パーツ付き）,BANDAI SPIRITS,SDガンダムシリーズ,,1/1
,1/1 ザクプラくん［セブン-イレブン限定カラー］,BANDAI SPIRITS,SDガンダムシリーズ,,1/1
4573102685834,1/1 シャアザクくんDXセット（ランナーVer.再現パーツ付き）,BANDAI SPIRITS,SDガンダムシリーズ,,1/1
4573102630513,1/100 Gガンダム,BANDAI SPIRITS,機動武闘伝Gガンダム,,1/100
4934054050758,1/100 Gキャノン,BANDAI SPIRITS,機動戦士ガンダムF91,,1/100
4902425366319,1/100 Gキャノンマグナ,BANDAI SPIRITS,機動戦士ガンダム シルエットフォーミュラ91,,1/100
4902425550213,1/100 Gファルコンユニット ガンダムダブルエックス,BANDAI SPIRITS,機動新世紀ガンダムX,,1/100
4573102631848,1/100 MS-05 リアルタイプ 旧型ザク,BANDAI SPIRITS,機動戦士ガンダム,,1/100
4573102631824,1/100 MS-06 リアルタイプ ザク,BANDAI SPIRITS,機動戦士ガンダム,,1/100
4902425013268,1/100 MS-06R ザクII シン・マツナガ大尉機,BANDAI SPIRITS,機動戦士ガンダムMSV,,1/100
4573102631862,1/100 MS-09 リアルタイプ ドム,BANDAI SPIRITS,機動戦士ガンダム,,1/100
4573102631879,1/100 MS-14 リアルタイプ ゲルググ,BANDAI SPIRITS,機動戦士ガンダム,,1/100
4573102631817,1/100 RX-78 リアルタイプ ガンダム,BANDAI SPIRITS,機動戦士ガンダム,,1/100
4573102631299,1/100 RX-78F00 ガンダム,BANDAI SPIRITS,GUNDAM FACTORY YOKOHAMA,,1/100
4902425370453,1/100 RX-99 ネオガンダム,BANDAI SPIRITS,機動戦士ガンダムシルエットフォーミュラ91,,1/100
4902425422336,1/100 V2アサルトガンダム,BANDAI SPIRITS,機動戦士Vガンダム,,1/100
4902425413853,1/100 V2ガンダム,BANDAI SPIRITS,機動戦士Vガンダム,,1/100
4902425424835,1/100 V2バスターガンダム,BANDAI SPIRITS,機動戦士ガンダムSEED,,1/100
4902425386928,1/100 Vガンダム,BANDAI SPIRITS,機動戦士Vガンダム,,1/100
4902425395968,1/100 Vダッシュガンダム,BANDAI SPIRITS,機動戦士Vガンダム,,1/100
4902425013367,1/100 YMS-09 プロトタイプドム,BANDAI SPIRITS,機動戦士ガンダムMSV,,1/100
4902425013329,1/100 YMS-09 局地戦闘型ドム,BANDAI SPIRITS,機動戦士ガンダムMSV,,1/100
4902425066097,1/100 ZZガンダム,BANDAI SPIRITS,機動戦士ガンダムZZ,,1/100
4902425049236,1/100 Zガンダム,BANDAI SPIRITS,機動戦士Zガンダム,,1/100
4902425247281,1/100 νガンダム（フィン・ファンネル装備型）,BANDAI SPIRITS,機動戦士ガンダム 逆襲のシャア,,1/100
4573102568168,1/100 アカツキガンダム（オオワシパック/シラヌイパック フルセット）,BANDAI SPIRITS,機動戦士ガンダムSEED DESTINY,,1/100
4573102631619,1/100 アッガイ,BANDAI SPIRITS,機動戦士ガンダム,,1/100
4573102631602,1/100 アッグ,BANDAI SPIRITS,機動戦士ガンダムMSV,,1/100
4573102631695,1/100 アッグガイ,BANDAI SPIRITS,機動戦士ガンダムMSV,,1/100
4543112577351,1/100 アリオスガンダム,BANDAI SPIRITS,機動戦士ガンダム00,,1/100
4543112587503,1/100 アリオスガンダム デザイナーズカラーバージョン,BANDAI SPIRITS,機動戦士ガンダム00,,1/100
4902425495125,1/100 アルトロンガンダム,BANDAI SPIRITS,新機動戦記ガンダムW,,1/100
4543112434197,1/100 インフィニットジャスティスガンダム,BANDAI SPIRITS,機動戦士ガンダムSEED DESTINY,,1/100
4543112164100,1/100 イージスガンダム,BANDAI SPIRITS,機動戦士ガンダムSEED,,1/100
4902425471655,1/100 ウイングガンダム,BANDAI SPIRITS,新機動戦記ガンダムW,,1/100
4902425571379,1/100 ウイングガンダム ゼロカスタム,BANDAI SPIRITS,新機動戦記ガンダムW Endless Waltz,,1/100
4902425482880,1/100 ウイングガンダムゼロ,BANDAI SPIRITS,新機動戦記ガンダムW,,1/100
,1/100 ウイングガンダムゼロカスタム スペシャル オペレーションタイプ,BANDAI SPIRITS,新機動戦記ガンダムW Endless Waltz,,1/100
4543112142115,1/100 エールストライクガンダム,BANDAI SPIRITS,機動戦士ガンダムSEED,,1/100
4543112545053,1/100 オーバーフラッグ,BANDAI SPIRITS,機動戦士ガンダム00,,1/100
4543112568885,1/100 オーライザー,BANDAI SPIRITS,機動戦士ガンダム00,,1/100
4543112321701,1/100 カオスガンダム,BANDAI SPIRITS,機動戦士ガンダムSEED DESTINY,,1/100
4573102581846,1/100 ガナーザクウォーリア（ルナマリア・ホーク専用機）,BANDAI SPIRITS,機動戦士ガンダムSEED DESTINY,,1/100
4902425039596,1/100 ガルバルディβ,BANDAI SPIRITS,機動戦士Zガンダム,,1/100
4573102631558,1/100 ガンキャノン,BANDAI SPIRITS,機動戦士ガンダム,,1/100
4902425320694,1/100 ガンタンクR-44,BANDAI SPIRITS,機動戦士ガンダムF91,,1/100
4573102630490,1/100 ガンダム,BANDAI SPIRITS,機動戦士ガンダム,,1/100
4902425310404,1/100 ガンダムF-90,BANDAI SPIRITS,機動戦士ガンダムF90,,1/100
,1/100 ガンダムF-90 2Lタイプ,BANDAI SPIRITS,機動戦士ガンダムF90,,1/100
4902425342085,1/100 ガンダムF-90 Pタイプ,BANDAI SPIRITS,機動戦士ガンダムF90,,1/100
4902425342924,1/100 ガンダムF-90 Vタイプ,BANDAI SPIRITS,機動戦士ガンダムF90,,1/100
4902425323473,1/100 ガンダムF91,BANDAI SPIRITS,機動戦士ガンダムF91,,1/100
4543112341372,1/100 ガンダムMK2,BANDAI SPIRITS,機動戦士Zガンダム,,1/100
4902425374208,1/100 ガンダムRXF-91改,BANDAI SPIRITS,機動戦士ガンダムシルエットフォーミュラ91,,1/100
4902425357645,1/100 ガンダムRXF91,BANDAI SPIRITS,機動戦士ガンダムシルエットフォーミュラ91,,1/100
4543112538055,1/100 ガンダムアストレア,BANDAI SPIRITS,機動戦士ガンダム00,,1/100
4543112544810,1/100 ガンダムアストレアTYPE-F,BANDAI SPIRITS,機動戦士ガンダム00,,1/100
4543112584359,1/100 ガンダムアストレイ グリーンフレーム,BANDAI SPIRITS,機動戦士ガンダムSEED ASTRAY,,1/100
4543112587510,1/100 ガンダムアストレイ ゴールドフレーム,BANDAI SPIRITS,機動戦士ガンダムSEED ASTRAY,,1/100
4543112450715,1/100 ガンダムアストレイ ゴールドフレームアマツ,BANDAI SPIRITS,機動戦士ガンダムSEED ASTRAY,,1/100
4543112267962,1/100 ガンダムアストレイ ブルーフレームセカンドL,BANDAI SPIRITS,機動戦士ガンダムSEED ASTRAY,,1/100
4543112605436,1/100 ガンダムアストレイ ミラージュフレーム,BANDAI SPIRITS,機動戦士ガンダムSEED ASTRAY,,1/100
4543112614186,1/100 ガンダムアストレイ ミラージュフレーム セカンドイシュー,BANDAI SPIRITS,機動戦士ガンダムSEED ASTRAY,,1/100
4543112249234,1/100 ガンダムアストレイ レッドフレーム,BANDAI SPIRITS,機動戦士ガンダムSEED ASTRAY,,1/100
4573102579416,1/100 ガンダムアヴァランチエクシア,BANDAI SPIRITS,機動戦士ガンダム00,,1/100
4902425532752,1/100 ガンダムエアマスター,BANDAI SPIRITS,機動新世紀ガンダムX,,1/100
4902425550206,1/100 ガンダムエアマスターバースト,BANDAI SPIRITS,機動新世紀ガンダムX,,1/100
4543112522276,1/100 ガンダムエクシア,BANDAI SPIRITS,機動戦士ガンダム00,,1/100
,1/100 ガンダムエクシア トランザムモード エクストラフィニッシュVer.,BANDAI SPIRITS,機動戦士ガンダム00,,1/100
4902425526744,1/100 ガンダムエックス,BANDAI SPIRITS,機動新世紀ガンダムX,,1/100
4902425542874,1/100 ガンダムエックスD.V.,BANDAI SPIRITS,機動新世紀ガンダムX,,1/100
4902425488158,1/100 ガンダムエピオン,BANDAI SPIRITS,新機動戦記ガンダムW,,1/100
4549660075943,1/100 ガンダムキマリストルーパー,BANDAI SPIRITS,機動戦士ガンダム 鉄血のオルフェンズ,,1/100
4549660032243,1/100 ガンダムキマリス（ブースター装備）,BANDAI SPIRITS,機動戦士ガンダム 鉄血のオルフェンズ,,1/100
4543112523686,1/100 ガンダムキュリオス,BANDAI SPIRITS,機動戦士ガンダム00,,1/100
4549660018940,1/100 ガンダムグシオン/ガンダムグシオンリベイク,BANDAI SPIRITS,機動戦士ガンダム 鉄血のオルフェンズ,,1/100
4902425606262,1/100 ガンダムサンドロックカスタム,BANDAI SPIRITS,新機動戦記ガンダムW Endless Waltz,,1/100
4902425550121,1/100 ガンダムダブルエックス,BANDAI SPIRITS,機動新世紀ガンダムX,,1/100
4902425476841,1/100 ガンダムデスサイズ,BANDAI SPIRITS,新機動戦記ガンダムW,,1/100
4902425495132,1/100 ガンダムデスサイズヘル,BANDAI SPIRITS,新機動戦記ガンダムW,,1/100
4902425597690,1/100 ガンダムデスサイズヘルカスタム,BANDAI SPIRITS,新機動戦記ガンダムW Endless Waltz,,1/100
4543112522443,1/100 ガンダムデュナメス,BANDAI SPIRITS,機動戦士ガンダム00,,1/100
4902425563169,1/100 ガンダムナタク,BANDAI SPIRITS,新機動戦記ガンダムW Endless Waltz,,1/100
4549660018865,1/100 ガンダムバルバトス,BANDAI SPIRITS,機動戦士ガンダム 鉄血のオルフェンズ,,1/100
4549660073239,1/100 ガンダムバルバトス 第6形態,BANDAI SPIRITS,機動戦士ガンダム 鉄血のオルフェンズ,,1/100
4902425013435,1/100 ガンダムフルアーマータイプ,BANDAI SPIRITS,機動戦士ガンダムMSV,,1/100
4902425597676,1/100 ガンダムヘビーアームズカスタム,BANDAI SPIRITS,新機動戦記ガンダムW Endless Waltz,,1/100
,1/100 ガンダムベース限定 MSエフェクト01（クリアブルー）,BANDAI SPIRITS,ガンプラ周辺グッズ/オプション,,1/100
,1/100 ガンダムベース限定 MSスパイク01&エモーションマニピュレーター（ジオン系）,BANDAI SPIRITS,機動戦士ガンダム00,,1/100
,1/100 ガンダムベース限定 MSバーニア01&エモーションマニピュレーター（連邦系）,BANDAI SPIRITS,ガンプラ周辺グッズ/オプション,,1/100
4573102638434,1/100 ガンダムマックスター,BANDAI SPIRITS,機動武闘伝Gガンダム,,1/100
4902425532790,1/100 ガンダムレオパルド,BANDAI SPIRITS,機動新世紀ガンダムX,,1/100
4902425551623,1/100 ガンダムレオパルドデストロイ,BANDAI SPIRITS,機動新世紀ガンダムX,,1/100
4902425542881,1/100 ガンダムヴァサーゴ,BANDAI SPIRITS,機動新世紀ガンダムX,,1/100
4573102579393,1/100 ガンダムヴァーチェ,BANDAI SPIRITS,機動戦士ガンダム00,,1/100
4902425410067,1/100 ガンブラスター,BANDAI SPIRITS,機動戦士Vガンダム,,1/100
4573102631565,1/100 ギャン,BANDAI SPIRITS,機動戦士ガンダム,,1/100
4902425382456,1/100 クラスターガンダム,BANDAI SPIRITS,機動戦士ガンダムF91,,1/100
4573102615756,1/100 グフ,BANDAI SPIRITS,機動戦士ガンダム,,1/100
4549660041818,1/100 グリムゲルデ,BANDAI SPIRITS,機動戦士ガンダム 鉄血のオルフェンズ,,1/100
4549660075936,1/100 グレイズ改,BANDAI SPIRITS,機動戦士ガンダム 鉄血のオルフェンズ,,1/100
4549660032328,1/100 グレイズ（一般機/指揮官機）,BANDAI SPIRITS,機動戦士ガンダム 鉄血のオルフェンズ,,1/100
4543112574671,1/100 ケルディムガンダム,BANDAI SPIRITS,機動戦士ガンダム00,,1/100
4543112587497,1/100 ケルディムガンダム デザイナーズカラーバージョン,BANDAI SPIRITS,機動戦士ガンダム00,,1/100
4543112603975,1/100 ゲイルストライクガンダム,BANDAI SPIRITS,機動戦士ガンダムSEED,,1/100
4573102635396,1/100 ゴッグ,BANDAI SPIRITS,機動戦士ガンダム,,1/100
4902425612164,1/100 サーペントカスタム,BANDAI SPIRITS,新機動戦記ガンダムW Endless Waltz,,1/100
4543112340993,1/100 ザクウォーリア+ブレイズウィザード&ガナーウィザード,BANDAI SPIRITS,機動戦士ガンダムSEED DESTINY,,1/100
4902425013312,1/100 ザクキャノン,BANDAI SPIRITS,機動戦士ガンダムMSV,,1/100
4902425473666,1/100 シェンロンガンダム,BANDAI SPIRITS,新機動戦記ガンダムW,,1/100
4573102631640,1/100 シャア専用ゲルググ,BANDAI SPIRITS,機動戦士ガンダム,,1/100
4573102631534,1/100 シャア専用ザク,BANDAI SPIRITS,機動戦士ガンダム,,1/100
4573102631664,1/100 シャア専用ズゴック,BANDAI SPIRITS,機動戦士ガンダム,,1/100
4902425432038,1/100 シャイニングガンダム,BANDAI SPIRITS,機動武闘伝Gガンダム,,1/100
4549660059776,1/100 シュヴァルベグレイズ（ガエリオ機）,BANDAI SPIRITS,機動戦士ガンダム 鉄血のオルフェンズ,,1/100
4549660059776,1/100 シュヴァルベグレイズ（マクギリス機）,BANDAI SPIRITS,機動戦士ガンダム 鉄血のオルフェンズ,,1/100
4968728066424,1/100 ジム,BANDAI SPIRITS,機動戦士ガンダム,,1/100
4543112204622,1/100 ジャスティスガンダム,BANDAI SPIRITS,機動戦士ガンダムSEED,,1/100
4902425013374,1/100 ジョニー・ライデン専用ザクII,BANDAI SPIRITS,機動戦士ガンダムMSV,,1/100
4543112341525,1/100 ストライクフリーダムガンダム,BANDAI SPIRITS,機動戦士ガンダムSEED DESTINY,,1/100
4573102587824,1/100 セイバーガンダム,BANDAI SPIRITS,機動戦士ガンダムSEED DESTINY,,1/100
4543112584335,1/100 セラヴィーガンダム,BANDAI SPIRITS,機動戦士ガンダム00,,1/100
4543112587541,1/100 セラヴィーガンダム デザイナーズカラーバージョン,BANDAI SPIRITS,機動戦士ガンダム00,,1/100
4543112321312,1/100 ソードインパルスガンダム,BANDAI SPIRITS,機動戦士ガンダムSEED DESTINY,,1/100
4543112164162,1/100 ソードストライクガンダム,BANDAI SPIRITS,機動戦士ガンダムSEED,,1/100
4573102631701,1/100 ゾゴック,BANDAI SPIRITS,機動戦士ガンダムMSV,,1/100
4902425418254,1/100 ゾリディア,BANDAI SPIRITS,機動戦士Vガンダム,,1/100
4902425733241,1/100 ターンエーガンダム,BANDAI SPIRITS,∀ガンダム,,1/100
4902425326467,1/100 ダギイルス,BANDAI SPIRITS,機動戦士ガンダムF91,,1/100
4543112569066,1/100 ダブルオーガンダム,BANDAI SPIRITS,機動戦士ガンダム00,,1/100
4543112584663,1/100 ダブルオーライザー,BANDAI SPIRITS,機動戦士ガンダム00,,1/100
4543112587534,1/100 ダブルオーライザー デザイナーズカラーバージョン,BANDAI SPIRITS,機動戦士ガンダム00,,1/100
4573102579409,1/100 ティエレン地上型,BANDAI SPIRITS,機動戦士ガンダム00,,1/100
4573102579263,1/100 デスティニーガンダム,BANDAI SPIRITS,機動戦士ガンダムSEED DESTINY,,1/100
4902425320359,1/100 デナンゾン,BANDAI SPIRITS,機動戦士ガンダムF91,,1/100
4543112192509,1/100 デュエルガンダムアサルトシュラウド,BANDAI SPIRITS,機動戦士ガンダムSEED,,1/100
4902425571317,1/100 トールギスIII,BANDAI SPIRITS,新機動戦記ガンダムW Endless Waltz,,1/100
4573102631633,1/100 ドム,BANDAI SPIRITS,機動戦士ガンダム,,1/100
4573102638427,1/100 ドラゴンガンダム,BANDAI SPIRITS,機動武闘伝Gガンダム,,1/100
4543112604033,1/100 ニクスプロヴィデンスガンダム,BANDAI SPIRITS,機動戦士ガンダムSEED,,1/100
4543112614087,1/100 ネブラブリッツガンダム,BANDAI SPIRITS,機動戦士ガンダムSEED,,1/100
4902425038643,1/100 ハイザック,BANDAI SPIRITS,機動戦士Zガンダム,,1/100
4549660167464,1/100 ハイレゾリューションモデル ウイングガンダム EW,BANDAI SPIRITS,新機動戦記ガンダムW Endless Waltz,,1/100
4549660060079,1/100 ハイレゾリューションモデル ガンダムバルバトス,BANDAI SPIRITS,機動戦士ガンダム 鉄血のオルフェンズ,,1/100
4573102576972,1/100 ハイレゾリューションモデル ガンダムバルバトス第6形態,BANDAI SPIRITS,機動戦士ガンダム 鉄血のオルフェンズ,,1/100
4902425355283,1/100 ハーディガン,BANDAI SPIRITS,機動戦士ガンダムF91,,1/100
4543112179869,1/100 バスターガンダム,BANDAI SPIRITS,機動戦士ガンダムSEED,,1/100
4902425013657,1/100 パーフェクトガンダム,BANDAI SPIRITS,機動戦士ガンダムMSV,,1/100
4902425317007,1/100 ビギナギナ,BANDAI SPIRITS,機動戦士ガンダムF91,,1/100
4902425363684,1/100 ビギナゼラ,BANDAI SPIRITS,機動戦士ガンダムF91,,1/100
4573102579232,1/100 フォースインパルスガンダム,BANDAI SPIRITS,機動戦士ガンダムSEED DESTINY,,1/100
4543112385284,1/100 フォースインパルスガンダム+ソードシルエットエクストラフィニッシュバージョン,BANDAI SPIRITS,機動戦士ガンダムSEED DESTINY,,1/100
4543112192592,1/100 フリーダムガンダム,BANDAI SPIRITS,機動戦士ガンダムSEED,,1/100
4573102568281,1/100 フルメカニクス ガンダムバエル,BANDAI SPIRITS,機動戦士ガンダム 鉄血のオルフェンズ,,1/100
4573102568250,1/100 フルメカニクス ガンダムバルバトスルプス,BANDAI SPIRITS,機動戦士ガンダム 鉄血のオルフェンズ,,1/100
4573102568274,1/100 フルメカニクス ガンダムバルバトスルプスレクス,BANDAI SPIRITS,機動戦士ガンダム 鉄血のオルフェンズ,,1/100
,1/100 フルメカニクス ガンダムバルバトスルプス［クリアカラー］,BANDAI SPIRITS,機動戦士ガンダム 鉄血のオルフェンズ,,1/100
4573102568267,1/100 フルメカニクス ガンダムヴィダール,BANDAI SPIRITS,機動戦士ガンダム 鉄血のオルフェンズ,,1/100
4543112227164,1/100 ブリッツガンダム,BANDAI SPIRITS,機動戦士ガンダムSEED,,1/100
4543112341044,1/100 ブレイズザクファントム（ハイネ・ヴェステンフルス専用機）,BANDAI SPIRITS,機動戦士ガンダムSEED DESTINY,,1/100
4573102579256,1/100 ブレイズザクファントム（レイ・ザ・バレル専用機）,BANDAI SPIRITS,機動戦士ガンダムSEED DESTINY,,1/100
4543112253033,1/100 プロヴィデンスガンダム,BANDAI SPIRITS,機動戦士ガンダムSEED,,1/100
4543112603982,1/100 ヘイルバスターガンダム,BANDAI SPIRITS,機動戦士ガンダムSEED,,1/100
4902425326450,1/100 ヘビーガン,BANDAI SPIRITS,機動戦士ガンダムF91,,1/100
4902425325187,1/100 ベルガギロス,BANDAI SPIRITS,機動戦士ガンダムF91,,1/100
4902425437262,1/100 マスターガンダム,BANDAI SPIRITS,機動武闘伝Gガンダム,,1/100
4902425733272,1/100 モビルスモー/ゴールドタイプ,BANDAI SPIRITS,∀ガンダム,,1/100
4573102638441,1/100 ライジングガンダム,BANDAI SPIRITS,機動戦士ガンダムSEED,,1/100
4543112164179,1/100 ランチャーストライクガンダム,BANDAI SPIRITS,機動戦士ガンダムSEED,,1/100
4573102631855,1/100 リアルタイプ ジム,BANDAI SPIRITS,機動戦士ガンダム,,1/100
4573102631831,1/100 リアルタイプガンキャノン,BANDAI SPIRITS,機動戦士ガンダム,,1/100
4902425039589,1/100 リックディアス,BANDAI SPIRITS,機動戦士Zガンダム,,1/100
4573102587817,1/100 レジェンドガンダム,BANDAI SPIRITS,機動戦士ガンダムSEED DESTINY,,1/100
4543112604026,1/100 レーゲンデュエルガンダム,BANDAI SPIRITS,機動戦士ガンダムSEED,,1/100
4543112610034,1/100 ヴァンセイバーガンダム,BANDAI SPIRITS,機動戦士ガンダムSEED DESTINY,,1/100
4573102631572,1/100 旧型ザク,BANDAI SPIRITS,機動戦士ガンダム,,1/100
4986470021553,1/100 百式,BANDAI SPIRITS,機動戦士Zガンダム,,1/100
4573102631657,1/100 量産型ゲルググ,BANDAI SPIRITS,機動戦士ガンダム,,1/100
4573102631541,1/100 量産型ザク,BANDAI SPIRITS,機動戦士ガンダム,,1/100
4573102631671,1/100 量産型ズゴック,BANDAI SPIRITS,機動戦士ガンダム,,1/100
4573102631060,1/1200 ガウ攻撃空母,BANDAI SPIRITS,機動戦士ガンダム,,1/1200
4573102631176,1/1200 サラミス,BANDAI SPIRITS,機動戦士ガンダム,,1/1200
4573102631046,1/1200 シャア専用ムサイ,BANDAI SPIRITS,機動戦士ガンダム,,1/1200
4573102631725,1/1200 ホワイトベース,BANDAI SPIRITS,機動戦士ガンダム,,1/1200
4573102631183,1/1200 マゼラン,BANDAI SPIRITS,機動戦士ガンダム,,1/1200
,1/1200 巡洋艦ムサイ,BANDAI SPIRITS,機動戦士ガンダム,,1/1200
,1/144 AMA-01X ジャムル・フィン,BANDAI SPIRITS,機動戦士ガンダムZZ,,1/144
4573102577238,1/144 GM（ジム）,BANDAI SPIRITS,機動戦士ガンダム,,1/144
4573102603944,1/144 Gアーマー,BANDAI SPIRITS,機動戦士ガンダム,,1/144
4902425049724,1/144 Gディフェンサー,BANDAI SPIRITS,機動戦士Zガンダム,,1/144
4543112249166,1/144 M1アストレイ,BANDAI SPIRITS,機動戦士ガンダムSEED ASTRAY,,1/144
4902425013237,1/144 MS-06E ザク強行偵察型,BANDAI SPIRITS,機動戦士ガンダムMSV,,1/144
4902425013046,1/144 MS-06K ザクキャノン,BANDAI SPIRITS,機動戦士ガンダムMSV,,1/144
4902425013138,1/144 MS-06M 水中用ザク,BANDAI SPIRITS,機動戦士ガンダムMSV,,1/144
4902425013039,1/144 MS-06R ザクII,BANDAI SPIRITS,機動戦士ガンダムMSV,,1/144
4902425013404,1/144 MS-06R-2 ザクII ジョニー・ライデン少佐機,BANDAI SPIRITS,機動戦士ガンダムMSV,,1/144
4902425044057,1/144 MS-07H グフ飛行試験型,BANDAI SPIRITS,機動戦士ガンダムMSV,,1/144
4902425087733,1/144 MS-14B ゲルググ（ジョニー・ライデン少佐用）,BANDAI SPIRITS,機動戦士ガンダムMSV,,1/144
,1/144 MS-14J リゲルグ,BANDAI SPIRITS,機動戦士ガンダムZZ,,1/144
4902425047904,1/144 RGM-79 ジムスナイパーカスタム,BANDAI SPIRITS,機動戦士ガンダムMSV,,1/144
4573102579508,1/144 RMS-106 ハイザック,BANDAI SPIRITS,機動戦士Zガンダム,,1/144
4902425013442,1/144 RX-77-4 ガンキャノンII,BANDAI SPIRITS,機動戦士ガンダム,,1/144
,1/144 RX-79改 Ez8（08小隊版）,BANDAI SPIRITS,機動戦士ガンダム 第08MS小隊,,1/144
4902425062976,1/144 Rジャジャ,BANDAI SPIRITS,機動戦士ガンダムZZ,,1/144
4902425013084,1/144 YMS-09 プロトタイプドム,BANDAI SPIRITS,機動戦士ガンダムMSV,,1/144
4902425013343,1/144 YMS-09 局地戦闘型ドム,BANDAI SPIRITS,機動戦士ガンダムMSV,,1/144
4902425013480,1/144 Zタイプザク,BANDAI SPIRITS,機動戦士Zガンダム,,1/144
4902425069500,1/144 アイザック,BANDAI SPIRITS,機動戦士ガンダムZZ,,1/144
4573102630957,1/144 アッガイ,BANDAI SPIRITS,機動戦士ガンダム,,1/144
4573102630971,1/144 アッグ,BANDAI SPIRITS,機動戦士ガンダムMSV,,1/144
4573102631114,1/144 アッグガイ,BANDAI SPIRITS,機動戦士ガンダムMSV,,1/144
4902425414225,1/144 アビゴル,BANDAI SPIRITS,機動戦士Vガンダム,,1/144
4902425061474,1/144 ガザD,BANDAI SPIRITS,機動戦士ガンダムZZ,,1/144
4902425069494,1/144 ガズR/L,BANDAI SPIRITS,機動戦士ガンダムZZ,,1/144
,1/144 ガナーザクウォーリア（ルナマリア・ホーク専用機）,BANDAI SPIRITS,機動戦士ガンダムSEED DESTINY,,1/144
4902425051864,1/144 ガブスレイ,BANDAI SPIRITS,機動戦士Zガンダム,,1/144
4902425061481,1/144 ガルスJ,BANDAI SPIRITS,機動戦士ガンダムZZ,,1/144
4902425038636,1/144 ガルバルディβ,BANDAI SPIRITS,機動戦士Zガンダム,,1/144
4902425390482,1/144 ガンイージ,BANDAI SPIRITS,機動戦士Vガンダム,,1/144
4573102630926,1/144 ガンキャノン,BANDAI SPIRITS,機動戦士ガンダム,,1/144
4573102631275,1/144 ガンタンク,BANDAI SPIRITS,機動戦士ガンダム,,1/144
4902425414218,1/144 ガンブラスター,BANDAI SPIRITS,機動戦士Vガンダム,,1/144
4902425066110,1/144 ガ・ゾウム,BANDAI SPIRITS,機動戦士ガンダムZZ,,1/144
4902425360768,1/144 ガーベラテトラ,BANDAI SPIRITS,機動戦士ガンダム0083 STARDUST MEMORY,,1/144
4902425049243,1/144 ギャプラン,BANDAI SPIRITS,機動戦士Zガンダム,,1/144
4902425230368,1/144 ギラ・ドーガ,BANDAI SPIRITS,機動戦士ガンダム 逆襲のシャア,,1/144
,1/144 クェス用ヤクト・ドーガ,BANDAI SPIRITS,機動戦士ガンダム 逆襲のシャア,,1/144
4573102662842,1/144 グフ,BANDAI SPIRITS,機動戦士ガンダム,,1/144
4902425044057,1/144 グフ飛行試験型,BANDAI SPIRITS,機動戦士ガンダムMSV,,1/144
4902425275475,1/144 ケンプファー,BANDAI SPIRITS,機動戦士ガンダム0080 ポケットの中の戦争,,1/144
4902425013121,1/144 ゲルググキャノン,BANDAI SPIRITS,機動戦士ガンダムMSV,,1/144
4902425275482,1/144 ゲルググ・J,BANDAI SPIRITS,機動戦士ガンダム0080 ポケットの中の戦争,,1/144
4573102631008,1/144 コアブースター,BANDAI SPIRITS,機動戦士ガンダム,,1/144
4902425410050,1/144 コンティオ,BANDAI SPIRITS,機動戦士Vガンダム,,1/144
4573102631107,1/144 ゴッグ,BANDAI SPIRITS,機動戦士ガンダム,,1/144
4902425208695,1/144 サザビー,BANDAI SPIRITS,機動戦士ガンダム 逆襲のシャア,,1/144
4902425612126,1/144 サーペントカスタム,BANDAI SPIRITS,新機動戦記ガンダムW Endless Waltz,,1/144
,1/144 サーペントカスタム SP,BANDAI SPIRITS,新機動戦記ガンダムW Endless Waltz,,1/144
4902425071305,1/144 ザクIII,BANDAI SPIRITS,機動戦士ガンダムZZ,,1/144
4573102554659,1/144 ザクウォーリア,BANDAI SPIRITS,機動戦士ガンダムSEED DESTINY,,1/144
4902425044095,1/144 ザクキャノン（Z）,BANDAI SPIRITS,機動戦士ガンダムMSV,,1/144
4902425013220,1/144 ザクタンク,BANDAI SPIRITS,機動戦士ガンダムMSV,,1/144
4902425013411,1/144 ザクフリッパー,BANDAI SPIRITS,機動戦士ガンダムMSV,,1/144
4902425013428,1/144 ザクマインレイヤー,BANDAI SPIRITS,機動戦士ガンダムMSV,,1/144
4902425068299,1/144 ザクマリナー,BANDAI SPIRITS,機動戦士ガンダムMSV,,1/144
4902425013237,1/144 ザク強行偵察型,BANDAI SPIRITS,機動戦士ガンダムMSV,,1/144
4573102631213,1/144 シャア専用ゲルググ,BANDAI SPIRITS,機動戦士ガンダム,,1/144
4573102630872,1/144 シャア専用ザク,BANDAI SPIRITS,機動戦士ガンダム,,1/144
4573102630902,1/144 シャア専用ズゴック,BANDAI SPIRITS,機動戦士ガンダム,,1/144
4902425413846,1/144 シャイターン,BANDAI SPIRITS,機動戦士Vガンダム,,1/144
4902425231594,1/144 ジェガン,BANDAI SPIRITS,機動戦士ガンダム 逆襲のシャア,,1/144
4902425393605,1/144 ジェムズガン,BANDAI SPIRITS,機動戦士Vガンダム,,1/144
4573102604255,1/144 ジオング,BANDAI SPIRITS,機動戦士ガンダム,,1/144
,1/144 ジム2,BANDAI SPIRITS,機動戦士Zガンダム,,1/144
4902425013015,1/144 ジムキャノン,BANDAI SPIRITS,機動戦士ガンダムMSV,,1/144
4902425044965,1/144 ジムキャノン（Z）,BANDAI SPIRITS,機動戦士ガンダムMSV,,1/144
4902425744391,1/144 ジムスナイパー,BANDAI SPIRITS,機動戦士ガンダムMSV,,1/144
,1/144 ジム・コマンド,BANDAI SPIRITS,機動戦士ガンダム0080 ポケットの中の戦争,,1/144
,1/144 ジム・コマンド宇宙用,BANDAI SPIRITS,機動戦士ガンダム0080 ポケットの中の戦争,,1/144
4902425395975,1/144 ジャベリン,BANDAI SPIRITS,機動戦士Vガンダム,,1/144
4573102631237,1/144 ジュアッグ,BANDAI SPIRITS,機動戦士ガンダムMSV,,1/144
4543112222435,1/144 ストライクダガー,BANDAI SPIRITS,機動戦士ガンダムSEED,,1/144
4543112339188,1/144 スラッシュザクファントム（イザーク・ジュール専用機）,BANDAI SPIRITS,機動戦士ガンダムSEED DESTINY,,1/144
4902425271309,1/144 ズゴックE,BANDAI SPIRITS,機動戦士ガンダム0080 ポケットの中の戦争,,1/144
4902425062884,1/144 ズサ,BANDAI SPIRITS,機動戦士ガンダムZZ,,1/144
4902425246666,1/144 ゼータプラス C1,BANDAI SPIRITS,機動戦士Zガンダム,,1/144
4573102631121,1/144 ゾゴック,BANDAI SPIRITS,機動戦士ガンダムMSV,,1/144
4573102631282,1/144 ゾック,BANDAI SPIRITS,機動戦士ガンダム,,1/144
4902425420257,1/144 ゾリディア,BANDAI SPIRITS,機動戦士Vガンダム,,1/144
4902425395982,1/144 ゾロアット,BANDAI SPIRITS,機動戦士Vガンダム,,1/144
4902425068183,1/144 ディザートザク,BANDAI SPIRITS,機動戦士ガンダムZZ,,1/144
4902425053783,1/144 ディジェ,BANDAI SPIRITS,機動戦士Zガンダム,,1/144
,1/144 デザートタイプザク,BANDAI SPIRITS,機動戦士ガンダムMSV,,1/144
4902425393612,1/144 トムリアット,BANDAI SPIRITS,機動戦士Vガンダム,,1/144
4902425476865,1/144 トールギス,BANDAI SPIRITS,新機動戦記ガンダムW,,1/144
,1/144 トールギス2,BANDAI SPIRITS,新機動戦記ガンダムW,,1/144
4902425534411,1/144 トールギスII,BANDAI SPIRITS,新機動戦記ガンダムW,,1/144
4902425712598,1/144 トールギスIII,BANDAI SPIRITS,新機動戦記ガンダムW Endless Waltz,,1/144
,1/144 トールギスIII SP,BANDAI SPIRITS,新機動戦記ガンダムW Endless Waltz,,1/144
4573102631244,1/144 ドダイYS,BANDAI SPIRITS,機動戦士ガンダム,,1/144
4902425071282,1/144 ドライセン,BANDAI SPIRITS,機動戦士ガンダムZZ,,1/144
4902425068176,1/144 ドワッジ,BANDAI SPIRITS,機動戦士ガンダムZZ,,1/144
4902425071299,1/144 ドーベンウルフ,BANDAI SPIRITS,機動戦士ガンダムZZ,,1/144
4902425047874,1/144 ネモ,BANDAI SPIRITS,機動戦士Zガンダム,,1/144
4902425273112,1/144 ハイゴッグ,BANDAI SPIRITS,機動戦士ガンダム0080 ポケットの中の戦争,,1/144
4902425051888,1/144 ハンブラビ,BANDAI SPIRITS,機動戦士Zガンダム,,1/144
4902425066103,1/144 ハンマハンマ,BANDAI SPIRITS,機動戦士ガンダムZZ,,1/144
4571628244894,1/144 バウ,BANDAI SPIRITS,機動戦士ガンダムZZ,,1/144
4902425053363,1/144 パラスアテネ,BANDAI SPIRITS,機動戦士Zガンダム,,1/144
4543112339737,1/144 ブレイズザクファントム（ハイネ・ヴェステンフルス専用機）,BANDAI SPIRITS,機動戦士ガンダムSEED DESTINY,,1/144
4573102579218,1/144 ブレイズザクファントム（レイ・ザ・バレル専用機）,BANDAI SPIRITS,機動戦士ガンダムSEED DESTINY,,1/144
4573102671448,1/144 ボール,BANDAI SPIRITS,機動戦士ガンダム,,1/144
4573102631138,1/144 マゼラアタック,BANDAI SPIRITS,機動戦士ガンダム,,1/144
4902425044910,1/144 マラサイ,BANDAI SPIRITS,機動戦士Zガンダム,,1/144
,1/144 マ・クべ専用 ギャン,BANDAI SPIRITS,機動戦士ガンダム,,1/144
4902425051871,1/144 メタス,BANDAI SPIRITS,機動戦士Zガンダム,,1/144
4902425481388,1/144 メリクリウス,BANDAI SPIRITS,新機動戦記ガンダムW,,1/144
4902425771618,1/144 メリクリウス WF-08,BANDAI SPIRITS,新機動戦記ガンダムW,,1/144
4902425725703,1/144 モビルカプル,BANDAI SPIRITS,∀ガンダム,,1/144
4543112192486,1/144 モビルグーン,BANDAI SPIRITS,機動戦士ガンダムSEED,,1/144
4543112142016,1/144 モビルジン,BANDAI SPIRITS,機動戦士ガンダムSEED,,1/144
,1/144 モビルスモー ゴールドメッキタイプ&シルバーメッキタイプ,BANDAI SPIRITS,∀ガンダム,,1/144
4902425733289,1/144 モビルスモー/ゴールドタイプ,BANDAI SPIRITS,∀ガンダム,,1/144
4902425744377,1/144 モビルスモー/シルバータイプ,BANDAI SPIRITS,∀ガンダム,,1/144
4543112222473,1/144 モビルスーツゲイツ,BANDAI SPIRITS,機動戦士ガンダムSEED,,1/144
,1/144 モビルターンエックス,BANDAI SPIRITS,∀ガンダム,,1/144
4543112227126,1/144 モビルディン,BANDAI SPIRITS,機動戦士ガンダムSEED,,1/144
4543112164186,1/144 モビルバクゥ,BANDAI SPIRITS,機動戦士ガンダムSEED,,1/144
4902425725697,1/144 モビルフラット,BANDAI SPIRITS,∀ガンダム,,1/144
4902425208442,1/144 ヤクト・ドーガ,BANDAI SPIRITS,機動戦士ガンダム 逆襲のシャア,,1/144
4902425418261,1/144 リグシャッコー,BANDAI SPIRITS,機動戦士Vガンダム,,1/144
4902425037523,1/144 リックディアス,BANDAI SPIRITS,機動戦士Zガンダム,,1/144
4573102631206,1/144 リックドム,BANDAI SPIRITS,機動戦士ガンダム,,1/144
,1/144 リックドムII（ツヴァイ）,BANDAI SPIRITS,機動戦士ガンダム0080 ポケットの中の戦争,,1/144
,1/144 リ・ガズィ,BANDAI SPIRITS,機動戦士ガンダム 逆襲のシャア,,1/144
4902425481371,1/144 ヴァイエイト,BANDAI SPIRITS,新機動戦記ガンダムW,,1/144
4902425771601,1/144 ヴァイエイト WF-07,BANDAI SPIRITS,新機動戦記ガンダムW,,1/144
4573102630964,1/144 旧型ザク,BANDAI SPIRITS,機動戦士ガンダム,,1/144
4573102630995,1/144 武器セット,BANDAI SPIRITS,機動戦士ガンダム,,1/144
4573102630995,1/144 武器セット（Z）,BANDAI SPIRITS,機動戦士Zガンダム,,1/144
,1/144 水中用ハイザック（Z）,BANDAI SPIRITS,機動戦士Zガンダム,,1/144
4573102592422,1/144 百式,BANDAI SPIRITS,機動戦士Zガンダム,,1/144
4573102631220,1/144 量産型ゲルググ,BANDAI SPIRITS,機動戦士ガンダム,,1/144
4573102630889,1/144 量産型ザク,BANDAI SPIRITS,機動戦士ガンダム,,1/144
4573102630919,1/144 量産型ズゴック,BANDAI SPIRITS,機動戦士ガンダム,,1/144
4902425013459,1/144 高速機動型ザク,BANDAI SPIRITS,機動戦士ガンダムMSV,,1/144
4902425051895,1/220 Zガンダム,BANDAI SPIRITS,機動戦士Zガンダム,,1/220
4902425049731,1/220 アッシマー,BANDAI SPIRITS,機動戦士Zガンダム,,1/220
,1/220 ガンダムMK2,BANDAI SPIRITS,機動戦士Zガンダム,,1/220
4902425057835,1/220 キュベレイ,BANDAI SPIRITS,機動戦士Zガンダム,,1/220
4902425057828,1/220 バイアラン,BANDAI SPIRITS,機動戦士Zガンダム,,1/220
4902425053370,1/220 マラサイ,BANDAI SPIRITS,機動戦士Zガンダム,,1/220
4902425047898,1/220 メッサーラ,BANDAI SPIRITS,機動戦士ガンダム 閃光のハサウェイ,,1/220
4902425051901,1/220 リックディアス,BANDAI SPIRITS,機動戦士Zガンダム,,1/220
4902425053387,1/220 百式,BANDAI SPIRITS,機動戦士Zガンダム,,1/220
4902425049250,1/2200 アーガマ,BANDAI SPIRITS,機動戦士ガンダムZZ,,1/2200
4573102631091,1/2400 ザンジバル,BANDAI SPIRITS,機動戦士ガンダム,,1/2400
4573102631084,1/2400 ジオン軍大型戦闘艦 グワジン,BANDAI SPIRITS,機動戦士ガンダムSEED,,1/2400
4573102631077,1/2400 地球連邦軍宇宙空母 ホワイトベース,BANDAI SPIRITS,機動戦士ガンダム,,1/2400
,1/250 G-アーマー+RX-78 ガンダム,BANDAI SPIRITS,機動戦士ガンダム,,1/250
4573102631916,1/250 ガンダム情景模型 ア・バオア・クー,BANDAI SPIRITS,機動戦士ガンダム,,1/250
4573102631893,1/250 ガンダム情景模型 ジャブローに散る,BANDAI SPIRITS,機動戦士ガンダム,,1/250
4573102631909,1/250 ガンダム情景模型 テキサスの攻防,BANDAI SPIRITS,機動戦士ガンダム,,1/250
4573102631886,1/250 ガンダム情景模型 ランバ・ラル特攻,BANDAI SPIRITS,機動戦士ガンダム,,1/250
4902425013527,1/250 パーフェクトジオング,BANDAI SPIRITS,機動戦士ガンダムMSV,,1/250
4902425049717,1/300 サイコガンダム,BANDAI SPIRITS,機動戦士Zガンダム,,1/300
4902425059808,1/300 サイコガンダムMK2,BANDAI SPIRITS,機動戦士Zガンダム,,1/300
,1/35 MS-06R-1A ザクヘッド（黒い三連星カラーVer.）,BANDAI SPIRITS,機動戦士ガンダムMSV,,1/35
4573102630865,1/48 RX-78F00 ガンダム,BANDAI SPIRITS,GUNDAM FACTORY YOKOHAMA,,1/48
,1/48 RX-78F00 ガンダム［BUST MODEL］,BANDAI SPIRITS,GUNDAM FACTORY YOKOHAMA,,1/48
,1/48 ガンダムベース限定 ユニコーンガンダム ヘッドディスプレイベース（サイコフレームカラーバリエーションVer.）＆ユニコーンガンダム2号機 バンシィ ヘッドディスプレイベース セット,BANDAI SPIRITS,機動戦士ガンダムUC,,1/48
,1/48 シナンジュ ヘッドディスプレイベース,BANDAI SPIRITS,機動戦士ガンダムUC,,1/48
4573102588906,1/48 メガサイズモデル RX-78-2 ガンダム,BANDAI SPIRITS,機動戦士ガンダム,,1/48
,1/48 メガサイズモデル ガンダム ANAオリジナルカラーVer.,BANDAI SPIRITS,,,1/48
,1/48 メガサイズモデル ガンダム RG1/1ガンダムプロジェクトVer.,BANDAI SPIRITS,,,1/48
4573102575937,1/48 メガサイズモデル シャア専用ザク,BANDAI SPIRITS,機動戦士ガンダム,,1/48
4573102606808,1/48 メガサイズモデル 量産型ザク,BANDAI SPIRITS,機動戦士ガンダム,,1/48
,1/48 ユニコーンガンダム ヘッドディスプレイベース,BANDAI SPIRITS,機動戦士ガンダムUC,,1/48
4902425244907,1/550 α・アジール,BANDAI SPIRITS,機動戦士ガンダム 逆襲のシャア,,1/550
,1/550 α･アジール［メタリック］,BANDAI SPIRITS,機動戦士ガンダム 逆襲のシャア,,1/550
4573102631145,1/550 アッザム,BANDAI SPIRITS,機動戦士ガンダム,,1/550
4573102631022,1/550 グラブロ,BANDAI SPIRITS,機動戦士ガンダム,,1/550
4573102631190,1/550 ザクレロ,BANDAI SPIRITS,機動戦士ガンダム,,1/550
4573102631169,1/550 ビグザム,BANDAI SPIRITS,機動戦士ガンダム,,1/550
4573102631039,1/550 ビグロ,BANDAI SPIRITS,機動戦士ガンダム,,1/550
4573102631596,1/550 ブラウ・ブロ,BANDAI SPIRITS,機動戦士ガンダム,,1/550
4573102631152,1/550 ミデア,BANDAI SPIRITS,,,1/550
4573102631015,1/550 ララァスン専用モビルアーマー,BANDAI SPIRITS,,,1/550
4902425013305,1/60 FA-78-1 ガンダムフルアーマータイプ,BANDAI SPIRITS,,,1/60
4902425451879,1/60 Gガンダム,BANDAI SPIRITS,機動武闘伝Gガンダム,,1/60
4902425013299,1/60 MS-06R ザクII(黒い三連星仕様機),BANDAI SPIRITS,機動戦士ガンダムMSV,,1/60
4902425013251,1/60 MS-14C ゲルググキャノン,BANDAI SPIRITS,機動戦士ガンダムMSV,,1/60
4902425414201,1/60 V2ガンダム,BANDAI SPIRITS,機動戦士Vガンダム,,1/60
4902425057828,1/60 Zガンダム,BANDAI SPIRITS,機動戦士Zガンダム,,1/60
4902425482873,1/60 ウイングガンダムゼロ,BANDAI SPIRITS,新機動戦記ガンダムW,,1/60
4535123842160,1/60 ガンダム,BANDAI SPIRITS,機動戦士ガンダム,,1/60
4543112450708,1/60 ガンダムF91,BANDAI SPIRITS,機動戦士ガンダムF91,,1/60
4543112521583,1/60 ガンダムエクシア,BANDAI SPIRITS,機動戦士ガンダム00,,1/60
4902425536057,1/60 ザクII（ジョニー・ライデン少佐機）,BANDAI SPIRITS,機動戦士ガンダムMSV,,1/60
4573102631763,1/60 シャア専用ゲルググ,BANDAI SPIRITS,機動戦士ガンダム,,1/60
4573102631749,1/60 シャア専用ザク,BANDAI SPIRITS,機動戦士ガンダム,,1/60
4902425436296,1/60 シャイニングガンダム,BANDAI SPIRITS,機動武闘伝Gガンダム,,1/60
,1/60 ストライクガンダム,BANDAI SPIRITS,機動戦士ガンダムSEED,,1/60
4543112179876,1/60 ストライクガンダム・ストライカーウエポンシステム,BANDAI SPIRITS,機動戦士ガンダムSEED,,1/60
4543112386090,1/60 ストライクフリーダム ライトニングエディション,BANDAI SPIRITS,機動戦士ガンダムSEED DESTINY,,1/60
4573102631787,1/60 ドム,BANDAI SPIRITS,機動戦士ガンダム,,1/60
4543112321602,1/60 フォースインパルスガンダム,BANDAI SPIRITS,機動戦士ガンダムSEED DESTINY,,1/60
4543112204639,1/60 フリーダムガンダム,BANDAI SPIRITS,機動戦士ガンダムSEED,,1/60
4573102631770,1/60 量産型ゲルググ,BANDAI SPIRITS,機動戦士ガンダム,,1/60
4573102631756,1/60 量産型ザク,BANDAI SPIRITS,機動戦士ガンダム,,1/60
,1/60 黒い三連星使用機 MS-06R ザクII,BANDAI SPIRITS,機動戦士ガンダムMSV,,1/60
4573102631794,1/72 メカニック・モデル ガンダム,BANDAI SPIRITS,機動戦士ガンダム,,1/72
4573102631800,1/72 メカニック・モデル シャア専用ザク,BANDAI SPIRITS,機動戦士ガンダム,,1/72
,2025年プラモデル福箱,BANDAI SPIRITS,ガンプラ周辺グッズ/オプション,,
,ADVANCE OF Z ティターンズの旗のもとに 復刻セット,BANDAI SPIRITS,機動戦士Zガンダム,,
4573102628299,AG 1/144 Gエグゼスジャックエッジ,BANDAI SPIRITS,機動戦士ガンダムAGE,,1/144
4543112710581,AG 1/144 ガフラン,BANDAI SPIRITS,機動戦士ガンダムAGE,,1/144
,AG 1/144 クロノス,BANDAI SPIRITS,機動戦士ガンダムAGE,,1/144
4543112711113,AG 1/144 ジェノアスカスタム（ウルフ）,BANDAI SPIRITS,機動戦士ガンダムAGE,,1/144
4543112711083,AG 1/144 ゼダス,BANDAI SPIRITS,機動戦士ガンダムAGE,,1/144
4543112075871,EXモデル 1/100・1/144 ドップ ファイター,BANDAI SPIRITS,機動戦士ガンダム,,1/100
4543112104700,EXモデル 1/144 ガルマ ドップ,BANDAI SPIRITS,機動戦士ガンダム,,1/144
4543112105431,EXモデル 1/144 ガンペリー,BANDAI SPIRITS,機動新世紀ガンダムX,,1/144
4543112434210,EXモデル 1/144 サムソン・トレーラー,BANDAI SPIRITS,機動新世紀ガンダムX,,1/144
4543112075901,EXモデル 1/144 ジェットコアブースター,BANDAI SPIRITS,機動戦士ガンダム,,1/144
4543112164216,EXモデル 1/144 ジオン軍メカセット（ルッグン/シーランス）,BANDAI SPIRITS,機動新世紀ガンダムX,,1/144
4543112042088,EXモデル 1/144 ドダイツー,BANDAI SPIRITS,機動戦士ガンダム,,1/144
,EXモデル 1/1700 アークエンジェル,BANDAI SPIRITS,機動戦士ガンダムSEED,,1/1700
,EXモデル 1/1700 アークエンジェル リミテッドエディション,BANDAI SPIRITS,機動戦士ガンダムSEED,,1/1700
,EXモデル 1/1700 エターナル リミテッドエディション,BANDAI SPIRITS,機動戦士ガンダムSEED,,1/1700
4543112340603,EXモデル 1/1700 サラミス&マゼラン,BANDAI SPIRITS,機動戦士ガンダム,,1/1700
4543112467379,EXモデル 1/1700 ホワイトベース,BANDAI SPIRITS,機動戦士ガンダム,,1/1700
4543112222480,EXモデル 1/1700 モビルシップ アルビオン,BANDAI SPIRITS,機動戦士ガンダム0083 STARDUST MEMORY,,1/1700
4543112418654,EXモデル 1/1700 モビルシップ アルビオン（リミテッドエディション）,BANDAI SPIRITS,機動戦士ガンダム0083 STARDUST MEMORY,,1/1700
,EXモデル 1/1700 モビルシップ アーガマ,BANDAI SPIRITS,機動戦士ガンダムZZ,,1/1700
,EXモデル 1/1700 モビルシップ アーガマ（リミテッドエディション）,BANDAI SPIRITS,機動戦士ガンダムZZ,,1/1700
4543112258007,EXモデル 20 1/1700 ムサイ,BANDAI SPIRITS,機動戦士ガンダム,,1/1700
4543112321350,EXモデル 21 1/1700 エターナル,BANDAI SPIRITS,機動戦士ガンダムSEED,,1/1700
4543112340474,EXモデル 22 1/144 モビルアーマー エグザス,BANDAI SPIRITS,機動新世紀ガンダムX,,1/144
4543112396013,EXモデル 26 1/1700 ミネルバ,BANDAI SPIRITS,機動戦士ガンダムSEED DESTINY,,1/1700
4543112414298,EXモデル 28 1/144 マゼラ・アタック,BANDAI SPIRITS,機動戦士ガンダム,,1/144
4543112459398,EXモデル 30 1/1700 ラビアンローズ,BANDAI SPIRITS,機動武闘伝Gガンダム,,1/1700
4543112490056,EXモデル 34 1/144 ヒルドルブ,BANDAI SPIRITS,機動新世紀ガンダムX,,1/144
,EXモデル 35 1/144 駆逐モビルポッド オッゴ,BANDAI SPIRITS,機動新世紀ガンダムX,,1/144
,FG 1/144 GNセファー,BANDAI SPIRITS,機動戦士ガンダム00,,1/144
4573102592514,FG 1/144 MS-06F ザクII,BANDAI SPIRITS,,,1/144
4573102579577,FG 1/144 MS-06S シャア専用ザク,BANDAI SPIRITS,機動戦士ガンダム,,1/144
4543112509130,FG ガンダムエクシア,BANDAI SPIRITS,機動戦士ガンダム00,,
,FG ガンダムキュリオス,BANDAI SPIRITS,機動戦士ガンダム00,,
4573102567673,FG ガンダムデュナメス,BANDAI SPIRITS,機動戦士ガンダム00,,
4543112509338,FG ガンダムヴァーチェ,BANDAI SPIRITS,機動戦士ガンダム00,,
,Figure-rise Standard BD ガンダムベース限定 ダイバーアヤメ[ガンダムベースカラー]&プチッガイセット,BANDAI SPIRITS,ガンダムビルドシリーズ,,
,Figure-rise Standard BUILD DIVERS ダイバーアヤメ,BANDAI SPIRITS,ガンダムビルドシリーズ,,
,Figure-rise Standard BUILD DIVERS ダイバーナミ,BANDAI SPIRITS,ガンダムビルドシリーズ,,
,Figure-rise Standard BUILD FIGHTERS TRY ガンダムベース限定 ホシノ・フミナ[ガンダムベースカラー],BANDAI SPIRITS,Figure-rise Standard,,
,Figure-rise Standard あばたーふみな,BANDAI SPIRITS,ガンダムビルドシリーズ,,
4573102685674,Figure-rise Standard アマテ・ユズリハ（マチュ）,BANDAI SPIRITS,Figure-rise Standard,,
,Figure-rise Standard ガンダムベース限定 プルツー［ガンダムベースカラー］,BANDAI SPIRITS,Figure-rise Standard,,
,Figure-rise Standard ガンダムベース限定 ラクス・クライン［ガンダムベースカラー］,BANDAI SPIRITS,Figure-rise Standard,,
,Figure-rise Standard ガンダムベース限定 ルナマリア･ホーク［ガンダムベースカラー］,BANDAI SPIRITS,Figure-rise Standard,,
,Figure-rise Standard スレッタ・マーキュリー,BANDAI SPIRITS,Figure-rise Standard,,
,Figure-rise Standard スレッタ・マーキュリー（一般制服Ver.）,BANDAI SPIRITS,Figure-rise Standard,,
,Figure-rise Standard チュアチュリー・パンランチ,BANDAI SPIRITS,Figure-rise Standard,,
4573102691941,Figure-rise Standard ティファ・アディール,BANDAI SPIRITS,Figure-rise Standard,,
4573102674197,Figure-rise Standard ニカ・ナナウラ,BANDAI SPIRITS,Figure-rise Standard,,
4573102686909,Figure-rise Standard ニャアン,BANDAI SPIRITS,Figure-rise Standard,,
4573102683304,Figure-rise Standard プルツー,BANDAI SPIRITS,Figure-rise Standard,,
,Figure-rise Standard ホシノ・フミナ,BANDAI SPIRITS,Figure-rise Standard,,
,Figure-rise Standard ミオリネ・レンブラン,BANDAI SPIRITS,Figure-rise Standard,,
,Figure-rise Standard ラクス・クライン,BANDAI SPIRITS,Figure-rise Standard,,
,Figure-rise Standard ルナマリア・ホーク,BANDAI SPIRITS,Figure-rise Standard,,
,GUNDAM ASSEMBLE RX-78-2 ガンダム（仮）,BANDAI SPIRITS,機動戦士ガンダム,,
,GUNDAM ASSEMBLE アークエンジェル（仮）,BANDAI SPIRITS,,,
,GUNDAM ASSEMBLE ウイングガンダムゼロEW（仮）,BANDAI SPIRITS,新機動戦記ガンダムW Endless Waltz,,
,GUNDAM ASSEMBLE エールストライクガンダム（仮）,BANDAI SPIRITS,機動戦士ガンダムSEED,,
,GUNDAM ASSEMBLE カプル（仮）,BANDAI SPIRITS,∀ガンダム,,
,GUNDAM ASSEMBLE ガンキャノン（仮）,BANDAI SPIRITS,機動戦士ガンダム,,
,GUNDAM ASSEMBLE ガンタンク（仮）,BANDAI SPIRITS,機動戦士ガンダム,,
,GUNDAM ASSEMBLE ガンダムエアリアル（仮）,BANDAI SPIRITS,機動戦士ガンダム 水星の魔女,,
,GUNDAM ASSEMBLE シャア専用ザクII（仮）,BANDAI SPIRITS,機動戦士ガンダム,,
,GUNDAM ASSEMBLE トールギス（仮）,BANDAI SPIRITS,新機動戦記ガンダムW,,
,GUNDAM ASSEMBLE フルアーマー・ユニコーンガンダム（仮）,BANDAI SPIRITS,機動戦士ガンダムUC,,
,GUNDAM ASSEMBLE ライジングフリーダムガンダム（仮）,BANDAI SPIRITS,機動戦士ガンダムSEED FREEDOM,,
,GUNDAM FACTORY YOKOHAMA RX-78F00 ガンダムコーションマグネット,BANDAI SPIRITS,GUNDAM FACTORY YOKOHAMA,,
,GUNDAM FACTORY YOKOHAMA専用エコプラ 1/100 RX-78F00 ガンダム,BANDAI SPIRITS,GUNDAM FACTORY YOKOHAMA,,1/100
,GUNDAM NEXT FUTURE限定 1/1 ザクプラくん,BANDAI SPIRITS,SDガンダムシリーズ,,1/1
,GUNDAM SIDE-F限定 アクションベース5［GUNDAM SIDE-Fカラー］,BANDAI SPIRITS,ガンプラ周辺グッズ/オプション,,
,GUNPLA 40th メモリアルセット,BANDAI SPIRITS,,,
4543112040312,Gジェネ キュベレイ トリプルコレクション,BANDAI SPIRITS,機動戦士Zガンダム,,
4573102575753,HGAC 1/144 マグアナック,BANDAI SPIRITS,新機動戦記ガンダムW,,1/144
4573102591708,HGAC 1/144 リーオー,BANDAI SPIRITS,新機動戦記ガンダムW,,1/144
4573102582584,HGBC 1/144 24thセンチュリーウエポンズ,BANDAI SPIRITS,ガンダムビルドシリーズ,,1/144
,HGBC 1/144 Ez-ARMS,BANDAI SPIRITS,ガンダムビルドシリーズ,,1/144
4573102557131,HGBC 1/144 HWS&SVカスタムウエポンセット,BANDAI SPIRITS,ガンダムビルドシリーズ,,1/144
4543112851826,HGBC 1/144 K9ドッグパック,BANDAI SPIRITS,ガンダムビルドシリーズ,,1/144
4573102588074,HGBC 1/144 アメイジングウェポンバインダー,BANDAI SPIRITS,ガンダムビルドシリーズ,,1/144
4543112844712,HGBC 1/144 アメイジングブースター,BANDAI SPIRITS,ガンダムビルドシリーズ,,1/144
4573102595652,HGBC 1/144 ガンプラバトルアームアームズ,BANDAI SPIRITS,ガンダムビルドシリーズ,,1/144
4549660076063,HGBC 1/144 ギャ イースタンウェポンズ,BANDAI SPIRITS,ガンダムビルドシリーズ,,1/144
4573102661333,HGBC 1/144 ギャラクシーブースター,BANDAI SPIRITS,ガンダムビルドシリーズ,,1/144
4549660081012,HGBC 1/144 ザ ノーザンポッド,BANDAI SPIRITS,ガンダムビルドシリーズ,,1/144
4573102582577,HGBC 1/144 ジムジムウエポンズ,BANDAI SPIRITS,ガンダムビルドシリーズ,,1/144
4573102568175,HGBC 1/144 ジャイアントガトリング,BANDAI SPIRITS,ガンダムビルドシリーズ,,1/144
4549660304548,HGBC 1/144 スカイハイウイングス,BANDAI SPIRITS,ガンダムビルドシリーズ,,1/144
4573102588098,HGBC 1/144 スカルウェポン,BANDAI SPIRITS,ガンダムビルドシリーズ,,1/144
4549660257608,HGBC 1/144 スピニングブラスター,BANDAI SPIRITS,ガンダムビルドシリーズ,,1/144
4549660257462,HGBC 1/144 ダイバーエースユニット,BANDAI SPIRITS,ガンダムビルドシリーズ,,1/144
4543112865250,HGBC 1/144 ダークマターブースター,BANDAI SPIRITS,ガンダムビルドシリーズ,,1/144
4549660257325,HGBC 1/144 チェンジリングライフル,BANDAI SPIRITS,ガンダムビルドシリーズ,,1/144
4573102553126,HGBC 1/144 ノーネイムライフル,BANDAI SPIRITS,ガンダムビルドシリーズ,,1/144
4573102588067,HGBC 1/144 ハイパーガンプラバトルウェポンズ,BANDAI SPIRITS,ガンダムビルドシリーズ,,1/144
4573102603760,HGBC 1/144 バインダーガン,BANDAI SPIRITS,ガンダムビルドシリーズ,,1/144
4549660197607,HGBC 1/144 バリスティックウエポンズ,BANDAI SPIRITS,ガンダムビルドシリーズ,,1/144
4573102582553,HGBC 1/144 パワードアームズパワーダー,BANDAI SPIRITS,ガンダムビルドシリーズ,,1/144
4573102588043,HGBC 1/144 ビルドブースター,BANDAI SPIRITS,ガンダムビルドシリーズ,,1/144
4573102588050,HGBC 1/144 ビルドブースターMk-II,BANDAI SPIRITS,ガンダムビルドシリーズ,,1/144
4573102582560,HGBC 1/144 ボールデンアームアームズ,BANDAI SPIRITS,ガンダムビルドシリーズ,,1/144
4543112959614,HGBC 1/144 ポータントフライヤー,BANDAI SPIRITS,ガンダムビルドシリーズ,,1/144
4543112943729,HGBC 1/144 メガライドランチャー,BANDAI SPIRITS,ガンダムビルドシリーズ,,1/144
4543112851550,HGBC 1/144 メテオホッパー,BANDAI SPIRITS,ガンダムビルドシリーズ,,1/144
4543112948618,HGBC 1/144 モックアーミーセット,BANDAI SPIRITS,ガンダムビルドシリーズ,,1/144
4573102588081,HGBC 1/144 ユニバースブースタープラフスキーパワーゲート,BANDAI SPIRITS,ガンダムビルドシリーズ,,1/144
4573102588104,HGBC 1/144 ライトニングバックウェポンシステム,BANDAI SPIRITS,ガンダムビルドシリーズ,,1/144
4573102556059,HGBC 1/144 ライトニングバックウェポンシステムMk-II,BANDAI SPIRITS,ガンダムビルドシリーズ,,1/144
4573102588951,HGBC 1/144 ライトニングバックウェポンシステムMk-III,BANDAI SPIRITS,ガンダムビルドシリーズ,,1/144
4573102661326,HGBC 1/144 ヴァリュアブルポッド,BANDAI SPIRITS,ガンダムビルドシリーズ,,1/144
4549660195443,HGBC 1/144 忍パルスビームズ,BANDAI SPIRITS,ガンダムビルドシリーズ,,1/144
4573102588128,HGBC 1/144 次元ビルドナックルズ「角」,BANDAI SPIRITS,ガンダムビルドシリーズ,,1/144
4573102603753,HGBC 1/144 次元ビルドナックルズ（丸）,BANDAI SPIRITS,ガンダムビルドシリーズ,,1/144
4543112851543,HGBC 1/144 祭ウェポン,BANDAI SPIRITS,ガンダムビルドシリーズ,,1/144
4543112948595,HGBC 1/144 紅ウェポン,BANDAI SPIRITS,ガンダムビルドシリーズ,,1/144
4573102582546,HGBC GPベース,BANDAI SPIRITS,ガンダムビルドシリーズ,,
4573102592385,HGBC ダイバーギア,BANDAI SPIRITS,ガンダムビルドシリーズ,,
4573102553607,HGBD 1/144 GBN-ガードフレーム,BANDAI SPIRITS,ガンダムビルドシリーズ,,1/144
4573102661418,HGBD 1/144 オーガ刃-X,BANDAI SPIRITS,ガンダムビルドシリーズ,,1/144
4549660303473,HGBD 1/144 ガルバルディリベイク,BANDAI SPIRITS,ガンダムビルドシリーズ,,1/144
4573102661401,HGBD 1/144 グリモアレッドベレー,BANDAI SPIRITS,ガンダムビルドシリーズ,,1/144
4573102553270,HGBD 1/144 ジェガンブラストマスター,BANDAI SPIRITS,ガンダムビルドシリーズ,,1/144
4549660257318,HGBD 1/144 ジムIIIビームマスター,BANDAI SPIRITS,ガンダムビルドシリーズ,,1/144
4573102609519,HGBD 1/144 モモカプル,BANDAI SPIRITS,ガンダムビルドシリーズ,,1/144
4549660257585,HGBD 1/144 リーオーNPD,BANDAI SPIRITS,ガンダムビルドシリーズ,,1/144
4573102661425,HGBD 1/144 煌・ギラーガ,BANDAI SPIRITS,ガンダムビルドシリーズ,,1/144
,HGBD ガンダムベース限定 モビルドールサラ（ミラーミッションVer.）,BANDAI SPIRITS,ガンダムビルドシリーズ,,
4573102555816,HGBD モビルドールサラ,BANDAI SPIRITS,ガンダムビルドシリーズ,,
4573102604323,HGBD:R 1/144 アウンリゼアーマー,BANDAI SPIRITS,ガンダムビルドシリーズ,,1/144
4573102588579,HGBD:R 1/144 インジャスティスウェポンズ,BANDAI SPIRITS,ガンダムビルドシリーズ,,1/144
4573102602459,HGBD:R 1/144 ウォドムポッド,BANDAI SPIRITS,ガンダムビルドシリーズ,,1/144
,HGBD:R 1/144 エルドラウィンダム,BANDAI SPIRITS,機動戦士ガンダムSEED DESTINY,,1/144
,HGBD:R 1/144 エルドラドートレス,BANDAI SPIRITS,ガンダムビルドシリーズ,,1/144
4573102583062,HGBD:R 1/144 エルドラブルート,BANDAI SPIRITS,ガンダムビルドシリーズ,,1/144
4573102602428,HGBD:R 1/144 サタニクス ウェポンズ,BANDAI SPIRITS,ガンダムビルドシリーズ,,1/144
4573102592255,HGBD:R 1/144 サタニクス ユニット,BANDAI SPIRITS,ガンダムビルドシリーズ,,1/144
4573102588692,HGBD:R 1/144 ゼルトザームアームズ,BANDAI SPIRITS,ガンダムビルドシリーズ,,1/144
4573102607591,HGBD:R 1/144 ダブルリベイクライフル,BANDAI SPIRITS,ガンダムビルドシリーズ,,1/144
4573102604347,HGBD:R 1/144 テルティウムアームズ,BANDAI SPIRITS,ガンダムビルドシリーズ,,1/144
4573102607645,HGBD:R 1/144 トライスラッシュブレイド,BANDAI SPIRITS,ガンダムビルドシリーズ,,1/144
4573102602756,HGBD:R 1/144 ネプテイトウェポンズ,BANDAI SPIRITS,ガンダムビルドシリーズ,,1/144
4573102595447,HGBD:R 1/144 ネプテイトユニット,BANDAI SPIRITS,ガンダムビルドシリーズ,,1/144
4573102602473,HGBD:R 1/144 フェイクニューウェポンズ,BANDAI SPIRITS,ガンダムビルドシリーズ,,1/144
4573102602466,HGBD:R 1/144 フェイクニューユニット,BANDAI SPIRITS,ガンダムビルドシリーズ,,1/144
4573102588258,HGBD:R 1/144 マーズフォーウェポンズ,BANDAI SPIRITS,ガンダムビルドシリーズ,,1/144
4573102589262,HGBD:R 1/144 メルクワンウェポンズ,BANDAI SPIRITS,ガンダムビルドシリーズ,,1/144
4573102588760,HGBD:R 1/144 メルクワンユニット,BANDAI SPIRITS,ガンダムビルドシリーズ,,1/144
4573102604330,HGBD:R 1/144 ロードアストレイダブルリベイク,BANDAI SPIRITS,機動戦士ガンダムSEED ASTRAY,,1/144
4573102588241,HGBD:R 1/144 ヴィートルーウェポンズ,BANDAI SPIRITS,ガンダムビルドシリーズ,,1/144
4573102588265,HGBD:R 1/144 量産型ジオニックソード,BANDAI SPIRITS,ガンダムビルドシリーズ,,1/144
4573102588685,HGBD:R モビルドールメイ,BANDAI SPIRITS,ガンダムビルドシリーズ,,
,HGBF 1/144 Ez-SR フォックスハウンド,BANDAI SPIRITS,ガンダムビルドシリーズ,,1/144
4573102577238,HGBF 1/144 GM/GM,BANDAI SPIRITS,ガンダムビルドシリーズ,,1/144
,HGBF 1/144 GNX-803ACC アクセルレイトジンクス,BANDAI SPIRITS,機動戦士ガンダムSEED,,1/144
4573102587930,HGBF 1/144 R・ギャギャ,BANDAI SPIRITS,ガンダムビルドシリーズ,,1/144
4573102579447,HGBF 1/144 ZZ II（ダブルゼッツー）,BANDAI SPIRITS,ガンダムビルドシリーズ,,1/144
4573102588036,HGBF 1/144 ういにんぐふみな,BANDAI SPIRITS,ガンダムビルドシリーズ,,1/144
,HGBF 1/144 こまんどふみな,BANDAI SPIRITS,ガンダムビルドシリーズ,,1/144
4573102587985,HGBF 1/144 すーぱーふみな,BANDAI SPIRITS,ガンダムビルドシリーズ,,1/144
,HGBF 1/144 すーぱーふみな エゥーゴメイドVer.,BANDAI SPIRITS,ガンダムビルドシリーズ,,1/144
,HGBF 1/144 すーぱーふみな ティターンズメイドVer.,BANDAI SPIRITS,ガンダムビルドシリーズ,,1/144
4549660168973,HGBF 1/144 すーぱーふみなアクシズエンジェル Ver.,BANDAI SPIRITS,ガンダムビルドシリーズ,,1/144
4549660195481,HGBF 1/144 はいぱーギャン子,BANDAI SPIRITS,ガンダムビルドシリーズ,,1/144
,HGBF 1/144 ガーベラ・テトラ（キララ専用機）,BANDAI SPIRITS,ガンダムビルドシリーズ,,1/144
4543112851789,HGBF 1/144 キュベレイパピヨン,BANDAI SPIRITS,ガンダムビルドシリーズ,,1/144
,HGBF 1/144 ギャンギャギャン,BANDAI SPIRITS,ガンダムビルドシリーズ,,1/144
4573102577221,HGBF 1/144 ギャンスロット,BANDAI SPIRITS,ガンダムビルドシリーズ,,1/144
4543112895783,HGBF 1/144 グフ R35,BANDAI SPIRITS,ガンダムビルドシリーズ,,1/144
4543112851772,HGBF 1/144 ケンプファーアメイジング,BANDAI SPIRITS,ガンダムビルドシリーズ,,1/144
,HGBF 1/144 ゴーストジェガン F,BANDAI SPIRITS,ガンダムビルドシリーズ,,1/144
,HGBF 1/144 ゴーストジェガン M,BANDAI SPIRITS,ガンダムビルドシリーズ,,1/144
,HGBF 1/144 サイコジム,BANDAI SPIRITS,ガンダムビルドシリーズ,,1/144
4573102554314,HGBF 1/144 ザクアメイジング,BANDAI SPIRITS,ガンダムビルドシリーズ,,1/144
4573102587909,HGBF 1/144 ジムスナイパーK9,BANDAI SPIRITS,ガンダムビルドシリーズ,,1/144
,HGBF 1/144 ジンクスIV TYPE.GBF,BANDAI SPIRITS,機動戦士ガンダムSEED,,1/144
4573102609502,HGBF 1/144 ストライカージンクス,BANDAI SPIRITS,機動戦士ガンダムSEED,,1/144
4549660195450,HGBF 1/144 チナッガイ,BANDAI SPIRITS,ガンダムビルドシリーズ,,1/144
,HGBF 1/144 チニャッガイ,BANDAI SPIRITS,ガンダムビルドシリーズ,,1/144
4543112967329,HGBF 1/144 ドムR35,BANDAI SPIRITS,ガンダムビルドシリーズ,,1/144
4573102587947,HGBF 1/144 ハイモック,BANDAI SPIRITS,ガンダムビルドシリーズ,,1/144
,HGBF 1/144 ハンブラビスバン,BANDAI SPIRITS,ガンダムビルドシリーズ,,1/144
4573102587992,HGBF 1/144 パパッガイ,BANDAI SPIRITS,ガンダムビルドシリーズ,,1/144
4573102587923,HGBF 1/144 パワードジムカーディガン,BANDAI SPIRITS,ガンダムビルドシリーズ,,1/144
4573102588975,HGBF 1/144 ビルドストライクギャラクシーコスモス,BANDAI SPIRITS,ガンダムビルドシリーズ,,1/144
4573102554352,HGBF 1/144 ベアッガイF（ファミリー）,BANDAI SPIRITS,ガンダムビルドシリーズ,,1/144
4573102554321,HGBF 1/144 ベアッガイIII,BANDAI SPIRITS,ガンダムビルドシリーズ,,1/144
4549660076087,HGBF 1/144 ベアッガイP（プリティ）,BANDAI SPIRITS,ガンダムビルドシリーズ,,1/144
,HGBF 1/144 ベアッガイ「セブン-イレブンカラー」,BANDAI SPIRITS,ガンダムビルドシリーズ,,1/144
,HGBF 1/144 ベリーベリーベアッガイF（ファミリー）,BANDAI SPIRITS,ガンダムビルドシリーズ,,1/144
4543112865236,HGBF 1/144 ミスサザビー,BANDAI SPIRITS,ガンダムビルドシリーズ,,1/144
4549660257691,HGBF 1/144 ミセス.ローエングリン子,BANDAI SPIRITS,ガンダムビルドシリーズ,,1/144
,HGBF 1/144 リックドギャン子,BANDAI SPIRITS,ガンダムビルドシリーズ,,1/144
,HGBF 1/144 ヴァイスシナンジュ,BANDAI SPIRITS,機動戦士ガンダムUC,,1/144
,HGBF 1/144 ヴァイスバーザム,BANDAI SPIRITS,ガンダムビルドシリーズ,,1/144
4573102577191,HGBF 1/144 戦国アストレイ頑駄無,BANDAI SPIRITS,ガンダムビルドシリーズ,,1/144
,HGBF 1/144 煌式（GILLA-SHIKI）,BANDAI SPIRITS,ガンダムビルドシリーズ,,1/144
4543112943705,HGBF 1/144 百万式（メガシキ）,BANDAI SPIRITS,ガンダムビルドシリーズ,,1/144
,HJビルドウェポンカレトヴルッフ炎,BANDAI SPIRITS,ガンダムビルドシリーズ,,
,HY2M 1/12 ガンダム アニメーションカラーVer.【送料無料!】,BANDAI SPIRITS,,,1/12
,Heroic Beginnings [ST01A]（ガンダムアッセンブル3体同封）,BANDAI SPIRITS,,,
,LEDユニット1個セット（ブルー）,BANDAI SPIRITS,ガンプラ周辺グッズ/オプション,,
,LEDユニット1個セット（黄）,BANDAI SPIRITS,ガンプラ周辺グッズ/オプション,,
,LEGEND BB ガンダムベース限定 騎士スペリオルドラゴン［クリアカラー］,BANDAI SPIRITS,SDガンダムシリーズ,,
4573102579645,LEGEND BB コマンドガンダム,BANDAI SPIRITS,SDガンダムシリーズ,,
4573102604187,LEGEND BB バーサル騎士ガンダム,BANDAI SPIRITS,SDガンダムシリーズ,,
4573102579652,LEGEND BB 武者號斗丸,BANDAI SPIRITS,SDガンダムシリーズ,,
4573102604163,LEGEND BB 武者頑駄無,BANDAI SPIRITS,SDガンダムシリーズ,,
4573102604170,LEGEND BB 武者飛駆鳥,BANDAI SPIRITS,SDガンダムシリーズ,,
4573102604156,LEGEND BB 騎士ガンダム,BANDAI SPIRITS,SDガンダムシリーズ,,
4573102604194,LEGEND BB 騎士スペリオルドラゴン,BANDAI SPIRITS,SDガンダムシリーズ,,
,LEGENDBB ガンダムベース限定 武者號斗丸（最終決戦Ver.）［クリアカラー］,BANDAI SPIRITS,SDガンダムシリーズ,,
,LEGENDBB ガンダムベース限定 飛駆鳥大将軍［クリアカラー］,BANDAI SPIRITS,SDガンダムシリーズ,,
,LEGENDBB バーサル騎士ガンダム［メタリック］,BANDAI SPIRITS,SDガンダムシリーズ,,
4549660197652,LEGENDBB 武者頑駄無真悪参,BANDAI SPIRITS,SDガンダムシリーズ,,
,LEGENDBB 真駆参大将軍&新世将頑駄無（超鋼Ver.）,BANDAI SPIRITS,SDガンダムシリーズ,,
,LEGENDBB 騎士スペリオルドラゴン 超メタリックVer.,BANDAI SPIRITS,SDガンダムシリーズ,,
,MGEX 1/100 ガンダムベース限定 ユニコーンガンダム Ver.TWC,BANDAI SPIRITS,機動戦士ガンダムUC,,1/100
4573102633682,MGEX 1/100 ストライクフリーダムガンダム,BANDAI SPIRITS,機動戦士ガンダムSEED DESTINY,,1/100
,MGEX 1/100 ストライクフリーダムガンダム［MIDNIGHT COATING］,BANDAI SPIRITS,機動戦士ガンダムSEED DESTINY,,1/100
,MGEX 1/100 ストライクフリーダムガンダム［TWILIGHT COATING］,BANDAI SPIRITS,機動戦士ガンダムSEED DESTINY,,1/100
,MGEX 1/100 ストライクフリーダムガンダム［メカニカルクリア］,BANDAI SPIRITS,機動戦士ガンダムSEED DESTINY,,1/100
4573102641311,MGEX 1/100 ユニコーンガンダム Ver.Ka,BANDAI SPIRITS,機動戦士ガンダムUC,,1/100
4549660207146,MGEX 1/100 ユニコーンガンダム Ver.Ka［プレミアム “ユニコーンモード” ボックス］,BANDAI SPIRITS,機動戦士ガンダムUC,,1/100
,PERFECT GRADE UNLEASHED 1/60 νガンダム,BANDAI SPIRITS,機動戦士ガンダム 逆襲のシャア,,1/60
,REAL EXPERIENCE MODEL RX-0 ユニコーンガンダム（AUTO-TRANS edition）,BANDAI SPIRITS,機動戦士ガンダムUC,,
4535123837401,Realistic Model Series 機動戦士ガンダム 水星の魔女 Gストラクチャー【GS07-B】MSコンテナ マテリアルカラーエディション,BANDAI SPIRITS,機動戦士ガンダム 水星の魔女,,
,SEED Strike [ST04A]（ガンダムアッセンブル3体同封）,BANDAI SPIRITS,機動戦士ガンダムSEED,,
,U.C.HARD GRAPH ジオン公国軍 サイクロプス隊セット,BANDAI SPIRITS,U.C.HARD GRAPH,,
4543112467294,U.C.HARD GRAPH ジオン公国軍 ランバ・ラル独立遊撃隊セット,BANDAI SPIRITS,U.C.HARD GRAPH,,
,U.C.HARD GRAPH ジオン公国軍 機動偵察セット,BANDAI SPIRITS,U.C.HARD GRAPH,,
,U.C.HARD GRAPH 地球連邦軍 61式戦車5型 セモベンテ隊,BANDAI SPIRITS,U.C.HARD GRAPH,,
4543112670779,U.C.HARD GRAPH 地球連邦軍 多目的軽戦闘機 FF-X7 コア・ファイター,BANDAI SPIRITS,U.C.HARD GRAPH,,
,U.C.HARD GRAPH 地球連邦軍 対MS特技兵セット,BANDAI SPIRITS,U.C.HARD GRAPH,,
4543112480859,U.C.HARD GRAPH 地球連邦軍 陸戦MS小隊ブリーフィングセット,BANDAI SPIRITS,U.C.HARD GRAPH,,
,Wings of Advance [ST02A]（ガンダムアッセンブル3体同封）,BANDAI SPIRITS,新機動戦記ガンダムW,,
,Zeons Rush [ST03A]（ガンダムアッセンブル3体同封）,BANDAI SPIRITS,機動戦士Zガンダム,,
,『機動戦士ガンダムSEED』20周年記念MSセット[メタリック],BANDAI SPIRITS,機動戦士ガンダムSEED,,
4573102574176,アクションベース1 クリア,BANDAI SPIRITS,ガンプラ周辺グッズ/オプション,,
4573102592552,アクションベース1 グレー,BANDAI SPIRITS,ガンプラ周辺グッズ/オプション,,
4543112482181,アクションベース1 シャア・アズナブルカラー,BANDAI SPIRITS,ガンプラ周辺グッズ/オプション,,
4543112568908,アクションベース1 ソレスタルビーングVer.,BANDAI SPIRITS,ガンプラ周辺グッズ/オプション,,
4573102580092,アクションベース1 ブラック,BANDAI SPIRITS,ガンプラ周辺グッズ/オプション,,
4573102592569,アクションベース1 ホワイト,BANDAI SPIRITS,ガンプラ周辺グッズ/オプション,,
4543112585219,アクションベース1 機動戦士ガンダムジオン軍Ver.,BANDAI SPIRITS,ガンプラ周辺グッズ/オプション,,
4543112585226,アクションベース1 機動戦士ガンダム連邦軍Ver.,BANDAI SPIRITS,ガンプラ周辺グッズ/オプション,,
4573102576019,アクションベース2 クリアブルー,BANDAI SPIRITS,ガンプラ周辺グッズ/オプション,,
4573102595782,アクションベース2 グレー,BANDAI SPIRITS,ガンプラ周辺グッズ/オプション,,
4573102576026,アクションベース2 スパークルクリアグリーン,BANDAI SPIRITS,ガンプラ周辺グッズ/オプション,,
4573102576033,アクションベース2 スパークルクリアレッド,BANDAI SPIRITS,ガンプラ周辺グッズ/オプション,,
4573102595775,アクションベース2 ブラック,BANDAI SPIRITS,ガンプラ周辺グッズ/オプション,,
4573102574183,アクションベース3 ブラック,BANDAI SPIRITS,ガンプラ周辺グッズ/オプション,,
4573102588142,アクションベース4 クリア,BANDAI SPIRITS,ガンプラ周辺グッズ/オプション,,
4573102588159,アクションベース4 ブラック,BANDAI SPIRITS,ガンプラ周辺グッズ/オプション,,
4573102588166,アクションベース5 クリア,BANDAI SPIRITS,ガンプラ周辺グッズ/オプション,,
4573102588173,アクションベース5 ブラック,BANDAI SPIRITS,ガンプラ周辺グッズ/オプション,,
,アクションベース5［GUNDAM FACTORY YOKOHAMA Ver.］,BANDAI SPIRITS,GUNDAM FACTORY YOKOHAMA,,
4573102642141,アクションベース6［クリアカラー］,BANDAI SPIRITS,ガンプラ周辺グッズ/オプション,,
4573102671561,アクションベース6［クリアカラー］ミラーシールセット,BANDAI SPIRITS,ガンプラ周辺グッズ/オプション,,
4573102656148,アクションベース6［クリアカラー］機動戦士ガンダム 水星の魔女シールセット,BANDAI SPIRITS,機動戦士ガンダム 水星の魔女,,
4573102720016,アクションベース7 & オプションボックス1［ホワイト］,BANDAI SPIRITS,ガンプラ周辺グッズ/オプション,,
4573102662873,アクションベース7［クリアカラー］,BANDAI SPIRITS,ガンプラ周辺グッズ/オプション,,
4573102671578,アクションベース7［クリアカラー］ミラーシールセット,BANDAI SPIRITS,ガンプラ周辺グッズ/オプション,,
4573102685827,アクションベース7［クリアカラー］機動戦士Gundam GQuuuuuuXシールセット,BANDAI SPIRITS,機動戦士Gundam GQuuuuuuX,,
4573102663092,アクションベース8［クリアカラー］,BANDAI SPIRITS,ガンプラ周辺グッズ/オプション,,
4934054109098,アクションベースミニ,BANDAI SPIRITS,ガンプラ周辺グッズ/オプション,,
,アメイジングレヴA,BANDAI SPIRITS,ガンダムビルドシリーズ,,
,アメイジングレヴD,BANDAI SPIRITS,ガンダムビルドシリーズ,,
4573102588913,ウイングガンダムゼロ炎カスタムキット,BANDAI SPIRITS,新機動戦記ガンダムW,,
4573102720047,ウェポンディスプレイベース01,BANDAI SPIRITS,ガンプラ周辺グッズ/オプション,,
4573102654465,オプションパーツセット,BANDAI SPIRITS,ガンプラ周辺グッズ/オプション,,
4573102683229,オプションパーツセット ガンプラ 14（ガンバレルストライカー）,BANDAI SPIRITS,ガンダムビルドシリーズ,,
4573102683434,オプションパーツセット ガンプラ 15（キャバリアーアイフリッド）,BANDAI SPIRITS,ガンプラ周辺グッズ/オプション,,
4573102685681,オプションパーツセット ガンプラ 16（メテオホッパー）,BANDAI SPIRITS,ガンプラ周辺グッズ/オプション,,
4573102686831,オプションパーツセット ガンプラ 17（バインダーガン）,BANDAI SPIRITS,ガンプラ周辺グッズ/オプション,,
4573102691828,オプションパーツセット ガンプラ 18（ビルドブースターセット）,BANDAI SPIRITS,ガンダムビルドシリーズ,,
4573102720115,オプションパーツセット ガンプラ 19（フィン・ファンネル）,BANDAI SPIRITS,ガンプラ周辺グッズ/オプション,,
4573102720283,オプションパーツセット ガンプラ 20（ライドオンセット）,BANDAI SPIRITS,ガンプラ周辺グッズ/オプション,,
4573102663856,オプションパーツセット ガンプラ01（エールストライカー）,BANDAI SPIRITS,ガンダムビルドシリーズ,,
4573102666932,オプションパーツセット ガンプラ02（ランチャーストライカー&ソードストライカー）,BANDAI SPIRITS,ガンダムビルドシリーズ,,
4573102667076,オプションパーツセット ガンプラ03（ビルドハンズ 角型）,BANDAI SPIRITS,ガンダムビルドシリーズ,,
4573102667069,オプションパーツセット ガンプラ04（ビルドハンズ 丸型）,BANDAI SPIRITS,ガンダムビルドシリーズ,,
4573102671424,オプションパーツセット ガンプラ05（ユニバースブースター プラフスキーパワーゲート）,BANDAI SPIRITS,ガンプラ周辺グッズ/オプション,,
4573102671431,オプションパーツセット ガンプラ06（ヴァリュアブルポッド）,BANDAI SPIRITS,ガンプラ周辺グッズ/オプション,,
4573102671462,オプションパーツセット ガンプラ07（パワードアームズパワーダー）,BANDAI SPIRITS,ガンプラ周辺グッズ/オプション,,
4573102671448,オプションパーツセット ガンプラ08（ボールデンアームアームズ）,BANDAI SPIRITS,ガンダムビルドシリーズ,,
4573102671479,オプションパーツセット ガンプラ09（ジャイアントガトリング）,BANDAI SPIRITS,ガンプラ周辺グッズ/オプション,,
4573102671486,オプションパーツセット ガンプラ10（ギャラクシーブースター）,BANDAI SPIRITS,ガンプラ周辺グッズ/オプション,,
4573102671523,オプションパーツセット ガンプラ11（バルバトス用滑空砲）,BANDAI SPIRITS,機動戦士ガンダム 鉄血のオルフェンズ,,
4573102671530,オプションパーツセット ガンプラ12（大型レールガン）,BANDAI SPIRITS,ガンプラ周辺グッズ/オプション,,
,オプションパーツセット ガンプラ13（バトルアームアームズ）,BANDAI SPIRITS,ガンプラ周辺グッズ/オプション,,
,ガンダムAGE-1 レイザー改造ウェアパーツ,BANDAI SPIRITS,機動戦士ガンダムAGE,,
4582769922916,ガンダムカードゲーム プレミアムカードコレクション ガンダムアッセンブルセット - 機動戦士Gundam GQuuuuuuX -[PC02A],BANDAI SPIRITS,機動戦士Gundam GQuuuuuuX,,
4582769922893,ガンダムカードゲーム プレミアムカードコレクション ガンダムアッセンブルセット - 機動戦士ガンダム 鉄血のオルフェンズ -[PC01A],BANDAI SPIRITS,機動戦士ガンダム 鉄血のオルフェンズ,,
4573102579683,ガンダムデカール No.103 機動戦士ガンダム 鉄血のオルフェンズ汎用1,BANDAI SPIRITS,機動戦士ガンダム 鉄血のオルフェンズ,,
,ガンダムデカール No.104 機動戦士ガンダム 鉄血のオルフェンズ汎用2,BANDAI SPIRITS,機動戦士ガンダム 鉄血のオルフェンズ,,
4573102579706,ガンダムデカール No.107 機動戦士ガンダムUC汎用1,BANDAI SPIRITS,機動戦士ガンダムUC,,
4573102611697,ガンダムデカール No.108 機動戦士Zガンダム/機動戦士ガンダムZZ汎用1,BANDAI SPIRITS,機動戦士ガンダムZZ,,
4573102611727,ガンダムデカール No.114 機動戦士ガンダム サンダーボルト汎用1,BANDAI SPIRITS,機動戦士ガンダム サンダーボルト,,
4549660249191,ガンダムデカール No.120 機動戦士ガンダム外伝 THE BLUE DESTINY汎用1,BANDAI SPIRITS,機動戦士ガンダムSEED DESTINY,,
4573102619853,ガンダムデカール No.121 機動戦士ガンダムAGE汎用1,BANDAI SPIRITS,機動戦士ガンダムAGE,,
4573102619877,ガンダムデカール No.123 機動戦士ガンダム THE ORIGIN汎用4,BANDAI SPIRITS,機動戦士ガンダム THE ORIGIN,,
4573102619884,ガンダムデカール No.124 ガンダムビルドダイバーズシリーズ汎用1,BANDAI SPIRITS,ガンダムビルドシリーズ,,
4573102650832,ガンダムデカール No.133 機動戦士ガンダム 水星の魔女汎用1,BANDAI SPIRITS,機動戦士ガンダム 水星の魔女,,
4573102650818,ガンダムデカール No.134 機動戦士ガンダム 水星の魔女汎用2,BANDAI SPIRITS,機動戦士ガンダム 水星の魔女,,
4573102650825,ガンダムデカール No.135 機動戦士ガンダム 水星の魔女汎用3,BANDAI SPIRITS,機動戦士ガンダム 水星の魔女,,
4573102650856,ガンダムデカール No.136 機動戦士ガンダム サイドストーリーズ汎用1,BANDAI SPIRITS,ガンプラ周辺グッズ/オプション,,
4573102650849,ガンダムデカール No.137 機動戦士ガンダム サイドストーリーズ汎用2,BANDAI SPIRITS,ガンプラ周辺グッズ/オプション,,
4573102574985,ガンダムデカール No.16 地球連邦軍MS用1,BANDAI SPIRITS,ガンプラ周辺グッズ/オプション,,
,ガンダムデカール No.27 1/1700 EXモデル 艦船モデル用,BANDAI SPIRITS,ガンプラ周辺グッズ/オプション,,1/1700
,ガンダムデカール No.36 1/100 機動戦士ガンダムSEED DESTINYモビルスーツ用,BANDAI SPIRITS,機動戦士ガンダムSEED DESTINY,,1/100
4573102611703,ガンダムデカール No.46 機動戦士ガンダムOO汎用1,BANDAI SPIRITS,ガンプラ周辺グッズ/オプション,,
4543112537140,ガンダムデカール No.48 機動戦士ガンダムSEED FRAME ASTRAYS用,BANDAI SPIRITS,機動戦士ガンダムSEED,,
4573102611369,ガンダムデカール No.53 機動戦士ガンダム0080シリーズ用1,BANDAI SPIRITS,機動戦士ガンダム00,,
4573102611499,ガンダムデカール No.54 機動戦士ガンダム0080シリーズ用2,BANDAI SPIRITS,機動戦士ガンダム00,,
4549660212898,ガンダムデカール No.63 1/100 ダブルオーライザー用,BANDAI SPIRITS,機動戦士ガンダム00,,1/100
4543112584670,ガンダムデカール No.64 1/100 ケルディムガンダム用,BANDAI SPIRITS,機動戦士ガンダム00,,1/100
4543112584687,ガンダムデカール No.65 1/100 アリオスガンダム用,BANDAI SPIRITS,機動戦士ガンダム00,,1/100
4543112584694,ガンダムデカール No.66 1/100 セラヴィーガンダム用,BANDAI SPIRITS,機動戦士ガンダム00,,1/100
4573102621610,ガンダムデカール No.80 機動戦士ガンダム00用3,BANDAI SPIRITS,機動戦士ガンダム00,,
,ガンダムデカールDX 01 機動戦士ガンダム 地球連邦軍MS・ジオン軍MS用,BANDAI SPIRITS,ガンプラ周辺グッズ/オプション,,
,ガンダムデカールDX 02 機動戦士ガンダムUC MS用,BANDAI SPIRITS,機動戦士ガンダムUC,,
4573102574930,ガンダムデカールDX 03 機動戦士ガンダムSEEDシリーズ用,BANDAI SPIRITS,機動戦士ガンダムSEED,,
4573102575111,ガンダムデカールDX 04 機動戦士ガンダム 地球連邦軍MS用,BANDAI SPIRITS,ガンプラ周辺グッズ/オプション,,
,ガンダムデカールDX 05 機動戦士ガンダム ジオン軍MS用,BANDAI SPIRITS,ガンプラ周辺グッズ/オプション,,
,ガンダムデカールDX 06 機動戦士ガンダムUC MS用,BANDAI SPIRITS,機動戦士ガンダムUC,,
,ガンダムデカールDX 07 機動戦士ガンダム 鉄血のオルフェンズシリーズ用,BANDAI SPIRITS,機動戦士ガンダム 鉄血のオルフェンズ,,
,ガンダムデカールDX 08 新機動戦記ガンダムW Endless Waltz 敗者たちの栄光用,BANDAI SPIRITS,新機動戦記ガンダムW Endless Waltz,,
,ガンダムデカールDX 09 ADVANCE OF Zシリーズ用,BANDAI SPIRITS,機動戦士Zガンダム,,
,ガンダムデカールDX 10,BANDAI SPIRITS,ガンプラ周辺グッズ/オプション,,
4573102686916,ガンダムデカールNo.139 機動戦士Gundam GQuuuuuuX汎用1,BANDAI SPIRITS,機動戦士Gundam GQuuuuuuX,,
4573102686923,ガンダムデカールNo.140 機動戦士Gundam GQuuuuuuX汎用2,BANDAI SPIRITS,機動戦士Gundam GQuuuuuuX,,
4573102688767,ガンダムデカールNo.141 機動戦士ガンダムSEED FREEDOM汎用1,BANDAI SPIRITS,機動戦士ガンダムSEED FREEDOM,,
4573102688774,ガンダムデカールNo.142 機動戦士ガンダムSEED FREEDOM汎用2,BANDAI SPIRITS,機動戦士ガンダムSEED FREEDOM,,
,ガンダムベース限定 MS汎用ハンガー,BANDAI SPIRITS,,,
,ガンダムベース限定 アクションベース1［ブルー］,BANDAI SPIRITS,ガンプラ周辺グッズ/オプション,,
,ガンダムベース限定 アクションベース2［ブルー］,BANDAI SPIRITS,ガンプラ周辺グッズ/オプション,,
,ガンダムベース限定 アクションベース4［シャア専用カラー］,BANDAI SPIRITS,ガンプラ周辺グッズ/オプション,,
,ガンダムベース限定 アクションベース4［トリコロールカラー］,BANDAI SPIRITS,ガンプラ周辺グッズ/オプション,,
,ガンダムベース限定 アクションベース5［ジオンイメージカラー］,BANDAI SPIRITS,ガンプラ周辺グッズ/オプション,,
,ガンダムベース限定 アクションベース5［ユニコーンカラー］,BANDAI SPIRITS,機動戦士ガンダムUC,,
,ガンダムベース限定 アクションベース5［水星の魔女イメージカラー］,BANDAI SPIRITS,機動戦士ガンダム 水星の魔女,,
,ガンダムベース限定 アクションベース5［連邦イメージカラー］,BANDAI SPIRITS,ガンプラ周辺グッズ/オプション,,
,ガンダムベース限定 アクションベース7［機動戦士ガンダム SEED FREEDOM イメージクリアカラー］,BANDAI SPIRITS,機動戦士ガンダムSEED FREEDOM,,
,ガンダムベース限定 オプションパーツセット ガンプラ（カスタムウェポン & ジョイントセット 1）,BANDAI SPIRITS,ガンプラ周辺グッズ/オプション,,
,ガンダムベース限定 オプションパーツセット ガンプラ（カスタムウェポン & ジョイントセット 2）,BANDAI SPIRITS,ガンプラ周辺グッズ/オプション,,
,ガンダムベース限定 デブリパーツセット,BANDAI SPIRITS,,,
4582538040124,ガンプラ40周年記念 公式ガイドブック,BANDAI SPIRITS,,,
,ガンプラLEDユニット2個セット（ピンク）,BANDAI SPIRITS,ガンプラ周辺グッズ/オプション,,
4573102568366,ガンプラLEDユニット2個セット（緑）,BANDAI SPIRITS,ガンプラ周辺グッズ/オプション,,
,ガンプラLEDユニット2個セット（赤）,BANDAI SPIRITS,ガンプラ周辺グッズ/オプション,,
,ガンプラLEDユニット2個セット（黄）,BANDAI SPIRITS,ガンプラ周辺グッズ/オプション,,
,ガンプラくん アクリルキーチェーン,BANDAI SPIRITS,SDガンダムシリーズ,,
,ガンプラくん（ランナーVer.）アクリルキーチェーン,BANDAI SPIRITS,SDガンダムシリーズ,,
4573102656070,ガンプラパッケージアート アクリルスタンド スレッタ・マーキュリー,BANDAI SPIRITS,ガンプラ周辺グッズ/オプション,,
4573102656087,ガンプラパッケージアート アクリルスタンド ミオリネ・レンブラン,BANDAI SPIRITS,ガンプラ周辺グッズ/オプション,,
4573102656124,ガンプラパッケージアート アクリルボールチェーン ガンダムエアリアル,BANDAI SPIRITS,機動戦士ガンダム 水星の魔女,,
4573102656131,ガンプラパッケージアート アクリルボールチェーン ガンダムエアリアル（改修型）,BANDAI SPIRITS,機動戦士ガンダム 水星の魔女,,
4573102656100,ガンプラパッケージアート アクリルボールチェーン スレッタ・マーキュリー,BANDAI SPIRITS,ガンプラ周辺グッズ/オプション,,
4573102656117,ガンプラパッケージアート アクリルボールチェーン ミオリネ・レンブラン,BANDAI SPIRITS,ガンプラ周辺グッズ/オプション,,
,ガンプラ福袋（ビックカメラ）,BANDAI SPIRITS,ガンプラ周辺グッズ/オプション,,
,ザクプラくん アクリルキーチェーン,BANDAI SPIRITS,SDガンダムシリーズ,,
,ザクプラくん（ランナーVer.）アクリルキーチェーン,BANDAI SPIRITS,SDガンダムシリーズ,,
,シャアザクくん アクリルキーチェーン,BANDAI SPIRITS,SDガンダムシリーズ,,
,シャアザクくん（ランナーVer.）アクリルキーチェーン,BANDAI SPIRITS,SDガンダムシリーズ,,
,ソフビ 1/144 サンタ型アドバルーン,BANDAI SPIRITS,ガンプラ周辺グッズ/オプション,,1/144
,ソフビ 1/144 スノーマン型アドバルーン,BANDAI SPIRITS,ガンプラ周辺グッズ/オプション,,1/144
,ソフビ 1/144 ダミーバルーン（リ・ガズィ搭載型）,BANDAI SPIRITS,機動戦士ガンダム 逆襲のシャア,,1/144
4549660167464,ハイレゾリューションモデル 1/100 ウイングガンダムゼロ EW,BANDAI SPIRITS,新機動戦記ガンダムW Endless Waltz,,1/100
4573102553560,ハイレゾリューションモデル 1/100 ガンダムアストレイ ノワール,BANDAI SPIRITS,機動戦士ガンダムSEED ASTRAY,,1/100
4573102620699,ハイレゾリューションモデル 1/100 ガンダムアストレイ レッドフレーム,BANDAI SPIRITS,機動戦士ガンダムSEED ASTRAY,,1/100
4573102620699,ハイレゾリューションモデル 1/100 ガンダムアストレイ レッドフレーム パワードレッド,BANDAI SPIRITS,機動戦士ガンダムSEED ASTRAY,,1/100
4573102582065,ハイレゾリューションモデル 1/100 ゴッドガンダム,BANDAI SPIRITS,機動武闘伝Gガンダム,,1/100
,ハロプラ GUNDAM SIDE-F限定 ハロ［GUNDAM SIDE-Fカラー］,BANDAI SPIRITS,ガンダムビルドシリーズ,,
,ハロプラ ガンダムベース限定 ハロ[ペインティングモデル] クリア&ホワイト,BANDAI SPIRITS,ガンダムビルドシリーズ,,
,ハロプラ ガンダムベース限定 ハロ［ガンダムベースカラー］,BANDAI SPIRITS,ガンダムビルドシリーズ,,
,ハロプラ ガンダムベース限定 モビルハロ[ガンダムベースカラー],BANDAI SPIRITS,ガンダムビルドシリーズ,,
4573102583079,ハロプラ ザクレロハロ,BANDAI SPIRITS,ガンダムビルドシリーズ,,
4573102574763,ハロプラ ハロ エターナルピンク,BANDAI SPIRITS,ガンダムビルドシリーズ,,
4573102603807,ハロプラ ハロ コントロールブルー,BANDAI SPIRITS,ガンダムビルドシリーズ,,
4573102603784,ハロプラ ハロ シューティングオレンジ,BANDAI SPIRITS,ガンダムビルドシリーズ,,
,ハロプラ ハロ シューティングオレンジ［クリアカラー］,BANDAI SPIRITS,ガンダムビルドシリーズ,,
4573102603777,ハロプラ ハロ ディーヴァレッド,BANDAI SPIRITS,ガンダムビルドシリーズ,,
4573102603814,ハロプラ ハロ ハッピーイエロー,BANDAI SPIRITS,ガンダムビルドシリーズ,,
4549660283744,ハロプラ ハロ ベーシックグリーン,BANDAI SPIRITS,ガンダムビルドシリーズ,,
4573102591227,ハロプラ ハロ ベーシックグリーン［クリアカラー］,BANDAI SPIRITS,ガンダムビルドシリーズ,,
,ハロプラ ハロ[GUNDAM FACTORY YOKOHAMAカラー],BANDAI SPIRITS,GUNDAM FACTORY YOKOHAMA,,
4573102604231,ハロプラ ハロフィッター,BANDAI SPIRITS,ガンダムビルドシリーズ,,
4573102592262,ハロプラ ハロローダー,BANDAI SPIRITS,ガンダムビルドシリーズ,,
,ハロプラ ハロ［ガンダムカラー］,BANDAI SPIRITS,ガンダムビルドシリーズ,,
,ハロプラ ハロ［ガーデングリーン］,BANDAI SPIRITS,ガンダムビルドシリーズ,,
,ハロプラ ハロ［グレイスパープル］,BANDAI SPIRITS,ガンダムビルドシリーズ,,
,ハロプラ ハロ［スカイブルー］,BANDAI SPIRITS,ガンダムビルドシリーズ,,
,ハロプラ ハロ［フラワーピンク］,BANDAI SPIRITS,ガンダムビルドシリーズ,,
,ハロプラ ハロ［マロンブラウン］,BANDAI SPIRITS,ガンダムビルドシリーズ,,
4573102553447,ハロプラ ボールハロ,BANDAI SPIRITS,ガンダムビルドシリーズ,,
4573102557087,ハロプラ モビルハロ,BANDAI SPIRITS,ガンダムビルドシリーズ,,
4573102603791,ハロプラ モモハロ,BANDAI SPIRITS,ガンダムビルドシリーズ,,
,ハロプラ モモハロ［クリアカラー］,BANDAI SPIRITS,ガンダムビルドシリーズ,,
4573102581815,ハロプラ 黒い三連ハロ,BANDAI SPIRITS,ガンダムビルドシリーズ,,
,ハロプラ 黒い三連ハロ［クリアカラー］,BANDAI SPIRITS,ガンダムビルドシリーズ,,
4543112716293,ビルダーズパーツ 1/144 システムウェポン001,BANDAI SPIRITS,ガンプラ周辺グッズ/オプション,,1/144
4543112731364,ビルダーズパーツ 1/144 システムウェポン002,BANDAI SPIRITS,ガンプラ周辺グッズ/オプション,,1/144
4543112776891,ビルダーズパーツ 1/144 システムウェポン003,BANDAI SPIRITS,ガンプラ周辺グッズ/オプション,,1/144
4543112796493,ビルダーズパーツ 1/144 システムウェポン004,BANDAI SPIRITS,ガンプラ周辺グッズ/オプション,,1/144
4543112822598,ビルダーズパーツ 1/144 システムウェポン005,BANDAI SPIRITS,ガンプラ周辺グッズ/オプション,,1/144
4543112851338,ビルダーズパーツ 1/144 システムウェポン006,BANDAI SPIRITS,ガンプラ周辺グッズ/オプション,,1/144
4543112895097,ビルダーズパーツ 1/144 システムウェポン007,BANDAI SPIRITS,ガンプラ周辺グッズ/オプション,,1/144
4543112903815,ビルダーズパーツ 1/144 システムウェポン008,BANDAI SPIRITS,ガンプラ周辺グッズ/オプション,,1/144
4543112967237,ビルダーズパーツ 1/144 システムウェポン009,BANDAI SPIRITS,ガンプラ周辺グッズ/オプション,,1/144
4543112967244,ビルダーズパーツ 1/144 システムウェポン010,BANDAI SPIRITS,ガンプラ周辺グッズ/オプション,,1/144
4573102590305,ビルダーズパーツ システムベース001,BANDAI SPIRITS,ガンプラ周辺グッズ/オプション,,
,ビルダーズパーツ システムベース001（ガンメタル）,BANDAI SPIRITS,ガンプラ周辺グッズ/オプション,,
4573102582850,ビルダーズパーツ システムベース001（ホワイト）,BANDAI SPIRITS,ガンプラ周辺グッズ/オプション,,
4573102628527,ビルダーズパーツHD 1/100 MSエフェクト01,BANDAI SPIRITS,ガンプラ周辺グッズ/オプション,,1/100
4549660111696,ビルダーズパーツHD 1/100 MSエフェクト01（イエロー）,BANDAI SPIRITS,ガンプラ周辺グッズ/オプション,,1/100
4573102619495,ビルダーズパーツHD 1/100 MSスパイク01,BANDAI SPIRITS,ガンプラ周辺グッズ/オプション,,1/100
4549660111702,ビルダーズパーツHD 1/100 MSスパイク01（アイアンメタリック）,BANDAI SPIRITS,ガンプラ周辺グッズ/オプション,,1/100
4573102628503,ビルダーズパーツHD 1/100 MSハンド01（連邦系）,BANDAI SPIRITS,ガンプラ周辺グッズ/オプション,,1/100
4549660111665,ビルダーズパーツHD 1/100 MSハンド01（連邦系）メカニックカラー,BANDAI SPIRITS,ガンプラ周辺グッズ/オプション,,1/100
4573102628510,ビルダーズパーツHD 1/100 MSハンド02（ジオン系）,BANDAI SPIRITS,ガンプラ周辺グッズ/オプション,,1/100
4549660111672,ビルダーズパーツHD 1/100 MSハンド02（ジオン系）メカニックカラー,BANDAI SPIRITS,ガンプラ周辺グッズ/オプション,,1/100
4573102619488,ビルダーズパーツHD 1/100 MSバーニア01,BANDAI SPIRITS,ガンプラ周辺グッズ/オプション,,1/100
4549660111689,ビルダーズパーツHD 1/100 MSバーニア01（メカニックカラー）,BANDAI SPIRITS,ガンプラ周辺グッズ/オプション,,1/100
4573102628534,ビルダーズパーツHD 1/100 MSフィギュア01,BANDAI SPIRITS,ガンプラ周辺グッズ/オプション,,1/100
4549660111719,ビルダーズパーツHD 1/100 MSフィギュア01（ホワイト）,BANDAI SPIRITS,ガンプラ周辺グッズ/オプション,,1/100
4573102619433,ビルダーズパーツHD 1/144 MSエフェクト01,BANDAI SPIRITS,ガンプラ周辺グッズ/オプション,,1/144
4549660111603,ビルダーズパーツHD 1/144 MSエフェクト01（イエロー）,BANDAI SPIRITS,ガンプラ周辺グッズ/オプション,,1/144
4573102628497,ビルダーズパーツHD 1/144 MSスパイク01,BANDAI SPIRITS,ガンプラ周辺グッズ/オプション,,1/144
4549660111610,ビルダーズパーツHD 1/144 MSスパイク01（アイアンメタリック）,BANDAI SPIRITS,ガンプラ周辺グッズ/オプション,,1/144
4573102619471,ビルダーズパーツHD 1/144 MSスパイク02,BANDAI SPIRITS,ガンプラ周辺グッズ/オプション,,1/144
4549660111658,ビルダーズパーツHD 1/144 MSスパイク02（アイアンメタリック）,BANDAI SPIRITS,ガンプラ周辺グッズ/オプション,,1/144
4573102619402,ビルダーズパーツHD 1/144 MSハンド01（連邦系）,BANDAI SPIRITS,ガンプラ周辺グッズ/オプション,,1/144
4573102628640,ビルダーズパーツHD 1/144 MSハンド01（連邦系）ダークグレー,BANDAI SPIRITS,ガンプラ周辺グッズ/オプション,,1/144
4549660111573,ビルダーズパーツHD 1/144 MSハンド01（連邦系）メカニックカラー,BANDAI SPIRITS,ガンプラ周辺グッズ/オプション,,1/144
4573102619419,ビルダーズパーツHD 1/144 MSハンド02（ジオン系）,BANDAI SPIRITS,ガンプラ周辺グッズ/オプション,,1/144
4549660111955,ビルダーズパーツHD 1/144 MSハンド02（ジオン系）ザクグリーン,BANDAI SPIRITS,ガンプラ周辺グッズ/オプション,,1/144
4573102628657,ビルダーズパーツHD 1/144 MSハンド02（ジオン系）ダークグレー,BANDAI SPIRITS,ガンプラ周辺グッズ/オプション,,1/144
4549660111580,ビルダーズパーツHD 1/144 MSハンド02（ジオン系）メカニックカラー,BANDAI SPIRITS,ガンプラ周辺グッズ/オプション,,1/144
4573102619457,ビルダーズパーツHD 1/144 MSハンド03（連邦系・Sサイズ）,BANDAI SPIRITS,ガンプラ周辺グッズ/オプション,,1/144
4549660111634,ビルダーズパーツHD 1/144 MSハンド03（連邦系・Sサイズ）メカニックカラー,BANDAI SPIRITS,ガンプラ周辺グッズ/オプション,,1/144
4573102619464,ビルダーズパーツHD 1/144 MSハンド04（連邦系・Lサイズ）,BANDAI SPIRITS,ガンプラ周辺グッズ/オプション,,1/144
4549660111641,ビルダーズパーツHD 1/144 MSハンド04（連邦系・Lサイズ）メカニックカラー,BANDAI SPIRITS,ガンプラ周辺グッズ/オプション,,1/144
4573102619426,ビルダーズパーツHD 1/144 MSバーニア01,BANDAI SPIRITS,ガンプラ周辺グッズ/オプション,,1/144
4549660111597,ビルダーズパーツHD 1/144 MSバーニア01（メカニックカラー）,BANDAI SPIRITS,ガンプラ周辺グッズ/オプション,,1/144
4549660111726,ビルダーズパーツHD 1/144 MSパイプ01,BANDAI SPIRITS,ガンプラ周辺グッズ/オプション,,1/144
4549660111726,ビルダーズパーツHD 1/144 MSパイプ01（ダークグレー）,BANDAI SPIRITS,ガンプラ周辺グッズ/オプション,,1/144
4573102619440,ビルダーズパーツHD 1/144 MSフィギュア01,BANDAI SPIRITS,ガンプラ周辺グッズ/オプション,,1/144
4549660111627,ビルダーズパーツHD 1/144 MSフィギュア01（ホワイト）,BANDAI SPIRITS,ガンプラ周辺グッズ/オプション,,1/144
4573102619570,ビルダーズパーツHD ノンスケール MSアーマー01,BANDAI SPIRITS,ガンプラ周辺グッズ/オプション,,
4549660111887,ビルダーズパーツHD ノンスケール MSアーマー01（ホワイト）,BANDAI SPIRITS,ガンプラ周辺グッズ/オプション,,
4573102628572,ビルダーズパーツHD ノンスケール MSエンブレムレリーフ01,BANDAI SPIRITS,ガンプラ周辺グッズ/オプション,,
4549660111795,ビルダーズパーツHD ノンスケール MSエンブレムレリーフ01（ゴールド）,BANDAI SPIRITS,ガンプラ周辺グッズ/オプション,,
4573102619563,ビルダーズパーツHD ノンスケール MSキャノン01,BANDAI SPIRITS,ガンプラ周辺グッズ/オプション,,
4549660111849,ビルダーズパーツHD ノンスケール MSキャノン01（ダークグレー）,BANDAI SPIRITS,ガンプラ周辺グッズ/オプション,,
4573102672322,ビルダーズパーツHD ノンスケール MSグランド01,BANDAI SPIRITS,ガンプラ周辺グッズ/オプション,,
4549660111863,ビルダーズパーツHD ノンスケール MSグランド01（アイアンメタリック）,BANDAI SPIRITS,ガンプラ周辺グッズ/オプション,,
4549660111764,ビルダーズパーツHD ノンスケール MSサイトレンズ01,BANDAI SPIRITS,ガンプラ周辺グッズ/オプション,,
4549660111771,ビルダーズパーツHD ノンスケール MSサイトレンズ01（イエロー）,BANDAI SPIRITS,ガンプラ周辺グッズ/オプション,,
4573102628565,ビルダーズパーツHD ノンスケール MSサイトレンズ01（グリーン）,BANDAI SPIRITS,ガンプラ周辺グッズ/オプション,,
4573102619525,ビルダーズパーツHD ノンスケール MSサイトレンズ01（ピンク）,BANDAI SPIRITS,ガンプラ周辺グッズ/オプション,,
4549660111764,ビルダーズパーツHD ノンスケール MSサイトレンズ01（レッド）,BANDAI SPIRITS,ガンプラ周辺グッズ/オプション,,
4573102619518,ビルダーズパーツHD ノンスケール MSスラスター01,BANDAI SPIRITS,ガンプラ周辺グッズ/オプション,,
4549660111757,ビルダーズパーツHD ノンスケール MSスラスター01（メカニックカラー）,BANDAI SPIRITS,ガンプラ周辺グッズ/オプション,,
4573102619587,ビルダーズパーツHD ノンスケール MSソード01,BANDAI SPIRITS,ガンプラ周辺グッズ/オプション,,
4549660111917,ビルダーズパーツHD ノンスケール MSソード01（アイアンメタリック）,BANDAI SPIRITS,ガンプラ周辺グッズ/オプション,,
4573102628558,ビルダーズパーツHD ノンスケール MSタンク01,BANDAI SPIRITS,ガンプラ周辺グッズ/オプション,,
4549660111740,ビルダーズパーツHD ノンスケール MSタンク01（ホワイト）,BANDAI SPIRITS,ガンプラ周辺グッズ/オプション,,
4573102619549,ビルダーズパーツHD ノンスケール MSディテール01,BANDAI SPIRITS,ガンプラ周辺グッズ/オプション,,
4549660111818,ビルダーズパーツHD ノンスケール MSディテール01（メカニックカラー）,BANDAI SPIRITS,ガンプラ周辺グッズ/オプション,,
4573102619556,ビルダーズパーツHD ノンスケール MSバーニア02,BANDAI SPIRITS,ガンプラ周辺グッズ/オプション,,
4549660111825,ビルダーズパーツHD ノンスケール MSバーニア02（メカニックカラー）,BANDAI SPIRITS,ガンプラ周辺グッズ/オプション,,
4573102628633,ビルダーズパーツHD ノンスケール MSバーニア03,BANDAI SPIRITS,ガンプラ周辺グッズ/オプション,,
4549660111900,ビルダーズパーツHD ノンスケール MSバーニア03（メカニックカラー）,BANDAI SPIRITS,ガンプラ周辺グッズ/オプション,,
4573102619532,ビルダーズパーツHD ノンスケール MSパネル01,BANDAI SPIRITS,ガンプラ周辺グッズ/オプション,,
4549660111788,ビルダーズパーツHD ノンスケール MSパネル01（ホワイト）,BANDAI SPIRITS,ガンプラ周辺グッズ/オプション,,
4573102628626,ビルダーズパーツHD ノンスケール MSファンネル01,BANDAI SPIRITS,ガンプラ周辺グッズ/オプション,,
4549660111870,ビルダーズパーツHD ノンスケール MSファンネル01（ホワイト）,BANDAI SPIRITS,ガンプラ周辺グッズ/オプション,,
4573102628541,ビルダーズパーツHD ノンスケール MSブレード01,BANDAI SPIRITS,ガンプラ周辺グッズ/オプション,,
4549660111733,ビルダーズパーツHD ノンスケール MSブレード01（ホワイト）,BANDAI SPIRITS,ガンプラ周辺グッズ/オプション,,
4573102692238,ビルダーズパーツHD ノンスケール MSマリン01,BANDAI SPIRITS,ガンプラ周辺グッズ/オプション,,
4549660111894,ビルダーズパーツHD ノンスケール MSマリン01（メカニックカラー）,BANDAI SPIRITS,ガンプラ周辺グッズ/オプション,,
4573102628619,ビルダーズパーツHD ノンスケール MSランチャー01,BANDAI SPIRITS,ガンプラ周辺グッズ/オプション,,
4549660111856,ビルダーズパーツHD ノンスケール MSランチャー01（アイアンメタリック）,BANDAI SPIRITS,ガンプラ周辺グッズ/オプション,,
4573102628589,ビルダーズパーツHD ノンスケール MSレドーム01,BANDAI SPIRITS,ガンプラ周辺グッズ/オプション,,
4549660111801,ビルダーズパーツHD ノンスケール MSレドーム01（ホワイト）,BANDAI SPIRITS,ガンプラ周辺グッズ/オプション,,
4573102628602,ビルダーズパーツHD ノンスケール MS強化ウイング01,BANDAI SPIRITS,新機動戦記ガンダムW,,
4549660111832,ビルダーズパーツHD ノンスケール MS強化ウイング01（ホワイト）,BANDAI SPIRITS,新機動戦記ガンダムW,,
,フルメカニクス 1/100 ガンダムベース限定 ZGMF-X10A フリーダムガンダム Ver.GCP,BANDAI SPIRITS,機動戦士ガンダムSEED,,1/100
,ブレイブバトルウォーリアーズ 013 真 夏侯惇ギロス,BANDAI SPIRITS,SDガンダムシリーズ,,
,ブレイブバトルウォーリアーズ 021 真 豪華 龍装 劉備ガンダム,BANDAI SPIRITS,SDガンダムシリーズ,,
4543112670762,ブレイブバトルウォーリアーズ 真 紅蓮装 曹操ガンダムVS猛虎装 孫権ガンダム 赤壁の戦いセット,BANDAI SPIRITS,SDガンダムシリーズ,,
,ブレイブバトルウォーリアーズ 真 董卓ザク,BANDAI SPIRITS,SDガンダムシリーズ,,
,ブレイブバトルウォーリアーズ 真 黄蓋グフ,BANDAI SPIRITS,SDガンダムシリーズ,,
,ベストメカコレクション 1/144 RX78FRGMT GUNDAM,BANDAI SPIRITS,機動新世紀ガンダムX,,1/144
4535123838231,マシンビルド 機動戦士ガンダム スキウレ,BANDAI SPIRITS,ガンダムビルドシリーズ,,
4535123836909,マシンビルド 機動戦士ガンダム バストライナー,BANDAI SPIRITS,ガンダムビルドシリーズ,,
4535123841767,マシンビルド 機動戦士ガンダム 逆襲のシャア α・アジール,BANDAI SPIRITS,ガンダムビルドシリーズ,,
4535123842443,マシンビルド 機動武闘伝Gガンダム ブッドキャリアー,BANDAI SPIRITS,ガンダムビルドシリーズ,,
,マーキュリーレヴA,BANDAI SPIRITS,ガンプラ周辺グッズ/オプション,,
,マーキュリーレヴD,BANDAI SPIRITS,ガンプラ周辺グッズ/オプション,,
,メガサイズモデル 1/48 ガンダムベース限定 RX-0 ユニコーンガンダム Ver.TWC,BANDAI SPIRITS,機動戦士ガンダムUC,,1/48
,メガサイズモデル 1/48 ガンダムベース限定 RX-78-2 ガンダム [メタリックグロスインジェクション],BANDAI SPIRITS,機動戦士ガンダム,,1/48
4573102579867,メガサイズモデル 1/48 ユニコーンガンダム（デストロイモード）,BANDAI SPIRITS,機動戦士ガンダムUC,,1/48
,夢のお年玉箱2026 ガンプラ（ハイグレード）の夢,BANDAI SPIRITS,,,
,夢のお年玉箱2026 ガンプラ（マスターグレード）の夢,BANDAI SPIRITS,,,
,機動戦士ガンダム30th ガンプラプレミアムBOX,BANDAI SPIRITS,機動戦士ガンダム,,
4902425420264,武器セット（機動戦士Vガンダム）,BANDAI SPIRITS,機動戦士Vガンダム,,
4573102642554,水星の魔女 ウェポンディスプレイベース,BANDAI SPIRITS,機動戦士ガンダム 水星の魔女,,
4573102558992,発光ユニット（白）2灯式,BANDAI SPIRITS,,,
,ENTRY GRADE 1/144 RX-78-2 GUNDAM［Big Mac COLOR］ (2023),BANDAI SPIRITS,Universal Century,EG,1/144
,ENTRY GRADE 1/144 RX-78-2 GUNDAM［島根スサノオマジックカラー］ (2023),BANDAI SPIRITS,機動戦士ガンダム00,EG,1/144
4573102612472,ENTRY GRADE 1/144 RX-78-2 ガンダム,BANDAI SPIRITS,機動戦士ガンダム,EG,1/144
,ENTRY GRADE 1/144 RX-78-2 ガンダム (2020),BANDAI SPIRITS,Universal Century,EG,1/144
,ENTRY GRADE 1/144 RX-78-2 ガンダム (2021),BANDAI SPIRITS,Universal Century,EG,1/144
,ENTRY GRADE 1/144 RX-78-2 ガンダム (2023),BANDAI SPIRITS,Universal Century,EG,1/144
,ENTRY GRADE 1/144 RX-78-2 ガンダム (2024),BANDAI SPIRITS,Universal Century,EG,1/144
,ENTRY GRADE 1/144 RX-78-2 ガンダム (ライトパッケージVer.) (2020),BANDAI SPIRITS,Universal Century,EG,1/144
,ENTRY GRADE 1/144 RX-78-2 ガンダム ソリッドクリア (2020),BANDAI SPIRITS,Universal Century,EG,1/144
,ENTRY GRADE 1/144 RX-78-2 ガンダム ソリッドクリアリバース,BANDAI SPIRITS,Universal Century,EG,1/144
,ENTRY GRADE 1/144 RX-78-2 ガンダム(フルウェポンセット) (2021),BANDAI SPIRITS,Universal Century,EG,1/144
4573102620330,ENTRY GRADE 1/144 RX-78-2 ガンダム（フルウェポンセット）,BANDAI SPIRITS,機動戦士ガンダム,EG,1/144
,ENTRY GRADE 1/144 RX-78-2 ガンダム（フルウェポンセット）［BHCPDIIカラー］,BANDAI SPIRITS,機動戦士ガンダム,EG,1/144
4573102607478,ENTRY GRADE 1/144 RX-78-2 ガンダム（ライトパッケージVer.）,BANDAI SPIRITS,機動戦士ガンダム,EG,1/144
,ENTRY GRADE 1/144 RX-78-2 ガンダム［スノーイメージカラー］,BANDAI SPIRITS,Universal Century,EG,1/144
,ENTRY GRADE 1/144 RX-78-2 ガンダム［ヴィンテージカラー］,BANDAI SPIRITS,機動戦士ガンダム,EG,1/144
,ENTRY GRADE 1/144 RX-78-3 G-3ガンダム ソリッドクリア,BANDAI SPIRITS,Universal Century,EG,1/144
4573102633842,ENTRY GRADE 1/144 RX-93ff νガンダム,BANDAI SPIRITS,機動戦士ガンダム 逆襲のシャア,EG,1/144
,ENTRY GRADE 1/144 RX-93ff νガンダム (2022),BANDAI SPIRITS,Universal Century,EG,1/144
4573102656889,ENTRY GRADE 1/144 νガンダム,BANDAI SPIRITS,機動戦士ガンダム 逆襲のシャア,EG,1/144
,ENTRY GRADE 1/144 νガンダム (2022),BANDAI SPIRITS,Universal Century,EG,1/144
,ENTRY GRADE 1/144 νガンダム (アクシズ・ショックイメージカラー) (2025),BANDAI SPIRITS,Universal Century,EG,1/144
,ENTRY GRADE 1/144 νガンダム (サイコフレーム発光イメージカラー) (2024),BANDAI SPIRITS,Universal Century,EG,1/144
,ENTRY GRADE 1/144 νガンダム ソリッドクリア,BANDAI SPIRITS,機動戦士ガンダム 逆襲のシャア,EG,1/144
,ENTRY GRADE 1/144 νガンダム ソリッドクリア (2024),BANDAI SPIRITS,Universal Century,EG,1/144
,ENTRY GRADE 1/144 νガンダム&フィン・ファンネルペーパーレス (2026),BANDAI SPIRITS,Universal Century,EG,1/144
,ENTRY GRADE 1/144 νガンダム「セブン-イレブンカラー」,BANDAI SPIRITS,機動戦士ガンダム 逆襲のシャア,EG,1/144
,ENTRY GRADE 1/144 νガンダム（アクシズ・ショックイメージカラー）,BANDAI SPIRITS,機動戦士ガンダム 逆襲のシャア,EG,1/144
,ENTRY GRADE 1/144 νガンダム（サイコフレーム発光イメージカラー）,BANDAI SPIRITS,機動戦士ガンダム 逆襲のシャア,EG,1/144
,ENTRY GRADE 1/144 νガンダム（セブン-イレブン限定カラー） (2022),BANDAI SPIRITS,Universal Century,EG,1/144
4573102621689,ENTRY GRADE 1/144 ウイングガンダム,BANDAI SPIRITS,新機動戦記ガンダムW,EG,1/144
,ENTRY GRADE 1/144 ウイングガンダム (2025),BANDAI SPIRITS,Universal Century,EG,1/144
,ENTRY GRADE 1/144 ガンダムベース限定 RX-78 ガンダム (2021),BANDAI SPIRITS,Universal Century,EG,1/144
,ENTRY GRADE 1/144 ガンダムベース限定 RX-78 ガンダム [ペインティングモデル],BANDAI SPIRITS,機動戦士ガンダム,EG,1/144
,ENTRY GRADE 1/144 ガンダムベース限定 RX-78-2 ガンダム (2022),BANDAI SPIRITS,Universal Century,EG,1/144
,ENTRY GRADE 1/144 ガンダムベース限定 RX-78-2 ガンダム [ガンダムベースカラー],BANDAI SPIRITS,機動戦士ガンダム,EG,1/144
,ENTRY GRADE 1/144 ガンダムベース限定 νガンダム (2023),BANDAI SPIRITS,Universal Century,EG,1/144
,ENTRY GRADE 1/144 ガンダムベース限定 νガンダム［ペインティング モデル］,BANDAI SPIRITS,機動戦士ガンダム 逆襲のシャア,EG,1/144
,ENTRY GRADE 1/144 ガンダムベース限定 ストライクガンダム,BANDAI SPIRITS,機動戦士ガンダムSEED,EG,1/144
,ENTRY GRADE 1/144 ガンダムベース限定 ストライクガンダム［ペインティング モデル］,BANDAI SPIRITS,機動戦士ガンダムSEED,EG,1/144
,ENTRY GRADE 1/144 ガンダムベース限定 ビルドストライクエクシードギャラクシー (2025),BANDAI SPIRITS,ガンダムビルドシリーズ,EG,1/144
,ENTRY GRADE 1/144 ガンダムベース限定 ラーガンダム 試作壱型,BANDAI SPIRITS,ガンダムビルドシリーズ,EG,1/144
,ENTRY GRADE 1/144 ガンダムベース限定 ラーガンダム 試作壱型 (2023),BANDAI SPIRITS,Universal Century,EG,1/144
,ENTRY GRADE 1/144 ガンバレルストライクガンダム（ガンダムブレイカーVer.）,BANDAI SPIRITS,ガンダムビルドシリーズ,EG,1/144
,ENTRY GRADE 1/144 ガンバレルストライクガンダム（ガンダムブレイカーVer.） (2024),BANDAI SPIRITS,ガンダムビルドシリーズ,EG,1/144
4573102620705,ENTRY GRADE 1/144 ストライクガンダム,BANDAI SPIRITS,機動戦士ガンダムSEED,EG,1/144
,ENTRY GRADE 1/144 ストライクガンダム (2022),BANDAI SPIRITS,機動戦士ガンダムSEED,EG,1/144
,ENTRY GRADE 1/144 ストライクガンダム ソリッドアナザー バズーカ装備Ver. (2022),BANDAI SPIRITS,機動戦士ガンダムSEED,EG,1/144
,ENTRY GRADE 1/144 ストライクガンダム ソリッドクリア (2021),BANDAI SPIRITS,機動戦士ガンダムSEED,EG,1/144
,ENTRY GRADE 1/144 ストライクガンダム ソリッドクリアアナザー バズーカ装備ver.,BANDAI SPIRITS,機動戦士ガンダムSEED,EG,1/144
,ENTRY GRADE 1/144 ストライクガンダム(ライトパッケージVer.),BANDAI SPIRITS,機動戦士ガンダムSEED,EG,1/144
,ENTRY GRADE 1/144 ストライクガンダム「セブン-イレブンカラー」,BANDAI SPIRITS,機動戦士ガンダムSEED,EG,1/144
,ENTRY GRADE 1/144 ストライクガンダム（セブン-イレブン限定カラー）,BANDAI SPIRITS,機動戦士ガンダムSEED,EG,1/144
,ENTRY GRADE 1/144 ストライクガンダム（ライトパッケージVer.）,BANDAI SPIRITS,機動戦士ガンダムSEED,EG,1/144
,ENTRY GRADE 1/144 ストライクガンダム［リサーキュレーションカラー/ネオングリーン］ (2023),BANDAI SPIRITS,機動戦士ガンダムSEED,EG,1/144
,ENTRY GRADE 1/144 ストライクルージュ,BANDAI SPIRITS,機動戦士ガンダムSEED,EG,1/144
,ENTRY GRADE 1/144 ストライクルージュ (2025),BANDAI SPIRITS,機動戦士ガンダムSEED,EG,1/144
,ENTRY GRADE 1/144 ストライクルージュ(ライトパッケージ Ver.) (2021),BANDAI SPIRITS,機動戦士ガンダムSEED,EG,1/144
4573102656896,ENTRY GRADE 1/144 ビルドストライク エクシードギャラクシー,BANDAI SPIRITS,ガンダムビルドシリーズ,EG,1/144
,ENTRY GRADE 1/144 ラーガンダム,BANDAI SPIRITS,ガンダムビルドシリーズ,EG,1/144
,ENTRY GRADE 1/144 ラーガンダム (2023),BANDAI SPIRITS,Universal Century,EG,1/144
,ENTRY GRADE RX-78-2 GUNDAM (AMERICAN TYPE),BANDAI SPIRITS,Universal Century,EG,1/144
,ENTRY GRADE ULTRAMAN(ULTRAMAN: RISING) (2024),BANDAI SPIRITS,Universal Century,EG,1/144
,ENTRY GRADE うずまきナルト (2023),BANDAI SPIRITS,Universal Century,EG,1/144
,ENTRY GRADE うちはサスケ,BANDAI SPIRITS,Universal Century,EG,1/144
,ENTRY GRADE ウルトラマンゼロ (2020),BANDAI SPIRITS,Universal Century,EG,1/144
,ENTRY GRADE カービィ (2021),BANDAI SPIRITS,Universal Century,EG,1/144
,ENTRY GRADE カービィ 星のカービィファン限定メタリックVer. (2024),BANDAI SPIRITS,Universal Century,EG,1/144
,ENTRY GRADE ドラえもん (2020),BANDAI SPIRITS,Universal Century,EG,1/144
,ENTRY GRADE 仮面ライダーセイバー (2020),BANDAI SPIRITS,Universal Century,EG,1/144
,ENTRY GRADE 仮面ライダーゼロワン ライジングホッパー (2020),BANDAI SPIRITS,機動戦士ガンダムSEED,EG,1/144
,ENTRY GRADE 江戸川コナン (2021),BANDAI SPIRITS,Universal Century,EG,1/144
,ENTRY GRADE 江戸川コナン(シャア専用ザクIIカラー)&HG 1/144 シャア専用ザクII（赤井秀一カラー） (2021),BANDAI SPIRITS,Universal Century,EG,1/144
,ENTRY GRADE 超サイヤ人ゴッド超サイヤ人 ベジータ,BANDAI SPIRITS,Universal Century,EG,1/144
,ENTRY GRADE 超サイヤ人ゴッド超サイヤ人 孫悟空,BANDAI SPIRITS,Universal Century,EG,1/144
,EXPO2025 ENTRY GRADE 1/144 RX-78F00/E ガンダム,BANDAI SPIRITS,GUNDAM NEXT FUTURE PAVILION,EG,1/144
,EXPO2025 ENTRY GRADE 1/144 RX-78F00/E ガンダム (2025),BANDAI SPIRITS,Universal Century,EG,1/144
,EXPO2025 ENTRY GRADE 1/144 RX-78F00/E ガンダム用オプションパーツセット (EX-001 グラスフェザー装備),BANDAI SPIRITS,Universal Century,EG,1/144
,EXPO2025 ENTRY GRADE 1/144 RX-78F00/E ガンダム用オプションパーツセット（EX-001 グラスフェザー装備）,BANDAI SPIRITS,GUNDAM NEXT FUTURE PAVILION,EG,1/144
,GUNDAM NEXT FUTURE限定 ENTRY GRADE 1/144 RX-78-2 ガンダム (2022),BANDAI SPIRITS,Universal Century,EG,1/144
,GUNDAM NEXT FUTURE限定 ENTRY GRADE 1/144 RX-78-2 ガンダム［クラシックカラー］,BANDAI SPIRITS,機動戦士ガンダム,EG,1/144
,びっくらたまご ドラマチックお風呂シリーズ ENTRY GRADE 1/144 ストライクガンダム(グランドスラム装備) & miniガンプラ モビルグーン(ブラウン) / モビルゾノ(グリーン) (2022),BANDAI SPIRITS,機動戦士ガンダムSEED,EG,1/144
,びっくらたまご ドラマチックお風呂シリーズ ENTRY GRADE 1/144 ストライクガンダム(ディアクティブモード) & miniガンプラ モビルグーン(サンドイエロー) / モビルゾノ(ライトグレー),BANDAI SPIRITS,機動戦士ガンダムSEED,EG,1/144
4549660704515,びっくらたまご ドラマチックお風呂シリーズ ENTRY GRADE 1/144 ストライクガンダム（グランドスラム装備）& miniガンプラ,BANDAI SPIRITS,機動戦士ガンダムSEED,EG,1/144
4549660704522,びっくらたまご ドラマチックお風呂シリーズ ENTRY GRADE 1/144 ストライクガンダム（ディアクティブモード）& miniガンプラ,BANDAI SPIRITS,機動戦士ガンダムSEED,EG,1/144
,ガンプラ入りラウンドBOX ENTRY GRADE 1/144 ストライクガンダム［リサーキュレーションカラー/ネオングリーン］,BANDAI SPIRITS,機動戦士ガンダムSEED,EG,1/144
4573102616623,FULL MECHANICS 1/100 エールカラミティガンダム,BANDAI SPIRITS,機動戦士ガンダムSEED,FM,1/100
4573102633491,FULL MECHANICS 1/100 カラミティガンダム,BANDAI SPIRITS,機動戦士ガンダムSEED,FM,1/100
4573102650900,FULL MECHANICS 1/100 カラミティガンダム［クリアカラー］,BANDAI SPIRITS,機動戦士ガンダムSEED,FM,1/100
4573102654298,FULL MECHANICS 1/100 ガンダムエアリアル,BANDAI SPIRITS,機動戦士ガンダム 水星の魔女,FM,1/100
,FULL MECHANICS 1/100 ガンダムエアリアル ソリッドクリア,BANDAI SPIRITS,機動戦士ガンダム 水星の魔女,FM,1/100
,FULL MECHANICS 1/100 ガンダムエアリアル ソリッドクリアアナザー,BANDAI SPIRITS,機動戦士ガンダム 水星の魔女,FM,1/100
,FULL MECHANICS 1/100 ガンダムエアリアル パーメットスコア・シックス,BANDAI SPIRITS,機動戦士ガンダム 水星の魔女,FM,1/100
,FULL MECHANICS 1/100 ソードカラミティガンダム,BANDAI SPIRITS,機動戦士ガンダムSEED,FM,1/100
,FULL MECHANICS 1/100 フォビドゥンガンダム,BANDAI SPIRITS,機動戦士ガンダムSEED,FM,1/100
,FULL MECHANICS 1/100 ブーストレイダーガンダム,BANDAI SPIRITS,機動戦士ガンダムSEED,FM,1/100
,FULL MECHANICS 1/100 レイダーガンダム,BANDAI SPIRITS,機動戦士ガンダムSEED,FM,1/100
4902425250526,1/144 Ex-S ガンダム,BANDAI SPIRITS,ガンダム・センチネル,HG,1/144
4573102582652,1/144 Gガンダム,BANDAI SPIRITS,機動武闘伝Gガンダム,HG,1/144
4902425448596,1/144 Gガンダムグレードアップセット,BANDAI SPIRITS,機動武闘伝Gガンダム,HG,1/144
4543112142047,1/144 HG エールストライクガンダム,BANDAI SPIRITS,機動戦士ガンダムSEED,HG,1/144
4573102662859,1/144 HG ジャスティスガンダム,BANDAI SPIRITS,機動戦士ガンダムSEED,HG,1/144
4902425786766,1/144 HG ジーセイバー（無重力仕様）,BANDAI SPIRITS,機動戦士ガンダムSEED DESTINY,HG,1/144
4543112340979,1/144 HG デスティニーガンダム,BANDAI SPIRITS,機動戦士ガンダムSEED DESTINY,HG,1/144
4573102662842,1/144 HG フリーダムガンダム,BANDAI SPIRITS,機動戦士ガンダムSEED,HG,1/144
4543112164049,1/144 HG ブリッツガンダム,BANDAI SPIRITS,機動戦士ガンダムSEED,HG,1/144
,1/144 RX-78F00 HMT ガンダム高機動型,BANDAI SPIRITS,GUNDAM FACTORY YOKOHAMA,HG,1/144
,1/144 RX-78F00 HMT ガンダム高機動型（G-3イメージカラー）,BANDAI SPIRITS,GUNDAM FACTORY YOKOHAMA,HG,1/144
4573102685551,1/144 RX-78F00 ガンダム,BANDAI SPIRITS,GUNDAM FACTORY YOKOHAMA,HG,1/144
,1/144 RX-78F00 ガンダム&ガンダムドック,BANDAI SPIRITS,GUNDAM FACTORY YOKOHAMA,HG,1/144
,1/144 RX-78F00/E ガンダム（EX-001 グラスフェザー装備）［JAL スペシャルパッケージVer.］,BANDAI SPIRITS,GUNDAM NEXT FUTURE PAVILION,HG,1/144
4902425250533,1/144 Sガンダム/ブースター・ユニット装着型,BANDAI SPIRITS,ガンダム・センチネル,HG,1/144
4902425413839,1/144 V2ガンダム,BANDAI SPIRITS,機動戦士Vガンダム,HG,1/144
4902425425238,1/144 V2バスターガンダム,BANDAI SPIRITS,機動戦士ガンダムSEED,HG,1/144
4902425390475,1/144 Vガンダム,BANDAI SPIRITS,機動戦士Vガンダム,HG,1/144
4543112948748,1/144 Vダッシュガンダム,BANDAI SPIRITS,機動戦士Vガンダム,HG,1/144
4573102592422,1/144 ZZガンダム,BANDAI SPIRITS,機動戦士ガンダムZZ,HG,1/144
4573102592422,1/144 Zガンダム,BANDAI SPIRITS,機動戦士Zガンダム,HG,1/144
4573102633842,1/144 νガンダム,BANDAI SPIRITS,機動戦士ガンダム 逆襲のシャア,HG,1/144
4543112318749,1/144 アビスガンダム,BANDAI SPIRITS,機動戦士ガンダムSEED DESTINY,HG,1/144
4902425488172,1/144 アルトロンガンダム,BANDAI SPIRITS,新機動戦記ガンダムW,HG,1/144
4543112139344,1/144 イージスガンダム,BANDAI SPIRITS,機動戦士ガンダムSEED,HG,1/144
4573102616616,1/144 ウイングガンダム,BANDAI SPIRITS,新機動戦記ガンダムW,HG,1/144
4902425771496,1/144 ウイングガンダム WF-01,BANDAI SPIRITS,新機動戦記ガンダムW,HG,1/144
4573102588913,1/144 ウイングガンダムゼロ,BANDAI SPIRITS,新機動戦記ガンダムW,HG,1/144
4902425712574,1/144 ウイングガンダムゼロカスタム,BANDAI SPIRITS,新機動戦記ガンダムW Endless Waltz,HG,1/144
,1/144 ウイングガンダムゼロカスタム SP,BANDAI SPIRITS,新機動戦記ガンダムW Endless Waltz,HG,1/144
4573102579171,1/144 カオスガンダム,BANDAI SPIRITS,機動戦士ガンダムSEED DESTINY,HG,1/144
4543112192479,1/144 カラミティガンダム,BANDAI SPIRITS,機動戦士ガンダムSEED,HG,1/144
4543112314246,1/144 ガイアガンダム,BANDAI SPIRITS,機動戦士ガンダムSEED DESTINY,HG,1/144
4573102574961,1/144 ガンダム,BANDAI SPIRITS,機動戦士ガンダム,HG,1/144
4902425357652,1/144 ガンダム GP03S,BANDAI SPIRITS,機動戦士ガンダム0083 STARDUST MEMORY,HG,1/144
4902425345611,1/144 ガンダムGP-01,BANDAI SPIRITS,機動戦士ガンダム0083 STARDUST MEMORY,HG,1/144
4573102606730,1/144 ガンダムGP-01Fb,BANDAI SPIRITS,機動戦士ガンダム0083 STARDUST MEMORY,HG,1/144
4573102557308,1/144 ガンダムGP-02A,BANDAI SPIRITS,機動戦士ガンダム0083 STARDUST MEMORY,HG,1/144
,1/144 ガンダムMK2,BANDAI SPIRITS,機動戦士Zガンダム,HG,1/144
4902425275536,1/144 ガンダムNT-1,BANDAI SPIRITS,機動戦士ガンダム0080 ポケットの中の戦争,HG,1/144
4902425532769,1/144 ガンダムアシュタロン,BANDAI SPIRITS,機動新世紀ガンダムX,HG,1/144
4573102574190,1/144 ガンダムアスクレプオス,BANDAI SPIRITS,新機動戦記ガンダムW,HG,1/144
4543112142023,1/144 ガンダムアストレイ（ブルーフレーム）,BANDAI SPIRITS,機動戦士ガンダムSEED ASTRAY,HG,1/144
4543112134042,1/144 ガンダムアストレイ（レッドフレーム）,BANDAI SPIRITS,機動戦士ガンダムSEED ASTRAY,HG,1/144
4902425526706,1/144 ガンダムエアマスター,BANDAI SPIRITS,機動新世紀ガンダムX,HG,1/144
4902425550138,1/144 ガンダムエアマスターバースト,BANDAI SPIRITS,機動新世紀ガンダムX,HG,1/144
4902425526690,1/144 ガンダムエックス,BANDAI SPIRITS,機動新世紀ガンダムX,HG,1/144
4902425532806,1/144 ガンダムエックスD.V.,BANDAI SPIRITS,機動新世紀ガンダムX,HG,1/144
4902425482897,1/144 ガンダムエピオン,BANDAI SPIRITS,新機動戦記ガンダムW,HG,1/144
4573102604217,1/144 ガンダムエルオーブースター,BANDAI SPIRITS,新機動戦記ガンダムW,HG,1/144
4573102574213,1/144 ガンダムグリープ,BANDAI SPIRITS,新機動戦記ガンダムW,HG,1/144
4902425476858,1/144 ガンダムサンドロック,BANDAI SPIRITS,新機動戦記ガンダムW,HG,1/144
4902425612140,1/144 ガンダムサンドロックカスタム,BANDAI SPIRITS,新機動戦記ガンダムW Endless Waltz,HG,1/144
,1/144 ガンダムサンドロックカスタム SP,BANDAI SPIRITS,新機動戦記ガンダムW Endless Waltz,HG,1/144
4573102590367,1/144 ガンダムシュピーゲル,BANDAI SPIRITS,機動武闘伝Gガンダム,HG,1/144
4573102604200,1/144 ガンダムジェミナス01,BANDAI SPIRITS,新機動戦記ガンダムW,HG,1/144
4902425542911,1/144 ガンダムダブルエックス,BANDAI SPIRITS,機動新世紀ガンダムX,HG,1/144
4573102616548,1/144 ガンダムデスサイズ,BANDAI SPIRITS,新機動戦記ガンダムW,HG,1/144
4902425494074,1/144 ガンダムデスサイズヘル,BANDAI SPIRITS,新機動戦記ガンダムW,HG,1/144
4902425612133,1/144 ガンダムデスサイズヘルカスタム,BANDAI SPIRITS,新機動戦記ガンダムW Endless Waltz,HG,1/144
,1/144 ガンダムデスサイズヘルカスタム SP,BANDAI SPIRITS,新機動戦記ガンダムW Endless Waltz,HG,1/144
4902425612157,1/144 ガンダムナタク,BANDAI SPIRITS,新機動戦記ガンダムW Endless Waltz,HG,1/144
,1/144 ガンダムナタク SP,BANDAI SPIRITS,新機動戦記ガンダムW Endless Waltz,HG,1/144
4902425013145,1/144 ガンダムフルアーマータイプ,BANDAI SPIRITS,,HG,1/144
4573102607454,1/144 ガンダムヘビーアームズ,BANDAI SPIRITS,新機動戦記ガンダムW,HG,1/144
4902425612102,1/144 ガンダムヘビーアームズカスタム,BANDAI SPIRITS,新機動戦記ガンダムW Endless Waltz,HG,1/144
,1/144 ガンダムヘビーアームズカスタム SP,BANDAI SPIRITS,新機動戦記ガンダムW Endless Waltz,HG,1/144
,1/144 ガンダムベース限定 システムウェポンキット001,BANDAI SPIRITS,ガンプラ周辺グッズ/オプション,HG,1/144
,1/144 ガンダムベース限定 システムウェポンキット002,BANDAI SPIRITS,ガンプラ周辺グッズ/オプション,HG,1/144
,1/144 ガンダムベース限定 システムウェポンキット003,BANDAI SPIRITS,ガンプラ周辺グッズ/オプション,HG,1/144
,1/144 ガンダムベース限定 システムウェポンキット004,BANDAI SPIRITS,ガンプラ周辺グッズ/オプション,HG,1/144
,1/144 ガンダムベース限定 システムウェポンキット005,BANDAI SPIRITS,ガンプラ周辺グッズ/オプション,HG,1/144
,1/144 ガンダムベース限定 システムウェポンキット006,BANDAI SPIRITS,ガンプラ周辺グッズ/オプション,HG,1/144
,1/144 ガンダムベース限定 システムウェポンキット007,BANDAI SPIRITS,ガンプラ周辺グッズ/オプション,HG,1/144
,1/144 ガンダムベース限定 システムウェポンキット008,BANDAI SPIRITS,ガンプラ周辺グッズ/オプション,HG,1/144
,1/144 ガンダムベース限定 システムウェポンキット009,BANDAI SPIRITS,ガンプラ周辺グッズ/オプション,HG,1/144
,1/144 ガンダムベース限定 システムウェポンキット010,BANDAI SPIRITS,ガンプラ周辺グッズ/オプション,HG,1/144
,1/144 ガンダムベース限定 ホワイトベースMSハンガー 3個セット,BANDAI SPIRITS,機動戦士ガンダム,HG,1/144
4573102590336,1/144 ガンダムマックスター,BANDAI SPIRITS,機動武闘伝Gガンダム,HG,1/144
4902425526713,1/144 ガンダムレオパルド,BANDAI SPIRITS,機動新世紀ガンダムX,HG,1/144
4902425550220,1/144 ガンダムレオパルドデストロイ,BANDAI SPIRITS,機動新世紀ガンダムX,HG,1/144
4573102590343,1/144 ガンダムローズ,BANDAI SPIRITS,機動武闘伝Gガンダム,HG,1/144
4902425526751,1/144 ガンダムヴァサーゴ,BANDAI SPIRITS,機動新世紀ガンダムX,HG,1/144
4902425551630,1/144 ガンダムヴァサーゴチェストブレイク,BANDAI SPIRITS,機動新世紀ガンダムX,HG,1/144
4573102633644,1/144 シェンロンガンダム,BANDAI SPIRITS,新機動戦記ガンダムW,HG,1/144
4573102577467,1/144 シャイニングガンダム,BANDAI SPIRITS,機動武闘伝Gガンダム,HG,1/144
4543112192462,1/144 ジャスティスガンダム,BANDAI SPIRITS,機動戦士ガンダムSEED,HG,1/144
,1/144 ストライクガンダム,BANDAI SPIRITS,機動戦士ガンダムSEED,HG,1/144
4543112341136,1/144 ストライクフリーダムガンダム,BANDAI SPIRITS,機動戦士ガンダムSEED DESTINY,HG,1/144
,1/144 スペリオルガンダム,BANDAI SPIRITS,ガンダム・センチネル,HG,1/144
4543112321329,1/144 セイバーガンダム,BANDAI SPIRITS,機動戦士ガンダムSEED DESTINY,HG,1/144
4573102554666,1/144 ソードインパルスガンダム,BANDAI SPIRITS,機動戦士ガンダムSEED DESTINY,HG,1/144
4543112164117,1/144 ソードストライクガンダム,BANDAI SPIRITS,機動戦士ガンダムSEED,HG,1/144
4902425725680,1/144 ターンエーガンダム,BANDAI SPIRITS,∀ガンダム,HG,1/144
4573102576064,1/144 デスティニーガンダム,BANDAI SPIRITS,機動戦士ガンダムSEED DESTINY,HG,1/144
4573102590404,1/144 デビルガンダム,BANDAI SPIRITS,機動武闘伝Gガンダム,HG,1/144
,1/144 デビルガンダム［クリアカラー］,BANDAI SPIRITS,機動武闘伝Gガンダム,HG,1/144
4543112135520,1/144 デュエルガンダム,BANDAI SPIRITS,機動戦士ガンダムSEED,HG,1/144
4573102590329,1/144 ドラゴンガンダム,BANDAI SPIRITS,機動武闘伝Gガンダム,HG,1/144
4573102574206,1/144 ハイドラガンダム,BANDAI SPIRITS,新機動戦記ガンダムW,HG,1/144
4543112142092,1/144 バスターガンダム,BANDAI SPIRITS,機動戦士ガンダムSEED,HG,1/144
4902425013497,1/144 パーフェクトガンダム,BANDAI SPIRITS,機動戦士ガンダムMSV,HG,1/144
,1/144 ファンネル付νガンダム,BANDAI SPIRITS,機動戦士ガンダム 逆襲のシャア,HG,1/144
4543112204592,1/144 フォビドゥンガンダム,BANDAI SPIRITS,機動戦士ガンダムSEED,HG,1/144
4543112268686,1/144 フォースインパルスガンダム,BANDAI SPIRITS,機動戦士ガンダムSEED DESTINY,HG,1/144
4573102574046,1/144 フリーダムガンダム,BANDAI SPIRITS,機動戦士ガンダムSEED,HG,1/144
,1/144 フルアーマーZZガンダム,BANDAI SPIRITS,機動戦士ガンダムZZ,HG,1/144
4543112318763,1/144 ブラストインパルスガンダム,BANDAI SPIRITS,機動戦士ガンダムSEED DESTINY,HG,1/144
4543112164049,1/144 ブリッツガンダム,BANDAI SPIRITS,機動戦士ガンダムSEED,HG,1/144
4902425013114,1/144 プロトタイプガンダム,BANDAI SPIRITS,機動戦士ガンダムMSV,HG,1/144
4543112237156,1/144 プロヴィデンスガンダム,BANDAI SPIRITS,機動戦士ガンダムSEED,HG,1/144
4573102590350,1/144 ボルトガンダム,BANDAI SPIRITS,機動武闘伝Gガンダム,HG,1/144
4573102590374,1/144 マスターガンダム,BANDAI SPIRITS,機動武闘伝Gガンダム,HG,1/144
4573102590398,1/144 ライジングガンダム,BANDAI SPIRITS,機動戦士ガンダムSEED,HG,1/144
4543112164124,1/144 ランチャーストライクガンダム,BANDAI SPIRITS,機動戦士ガンダムSEED,HG,1/144
4543112227133,1/144 レイダーガンダム,BANDAI SPIRITS,機動戦士ガンダムSEED,HG,1/144
4543112710604,AG 1/144 ガンダムAGE-1 スパロー,BANDAI SPIRITS,機動戦士ガンダムAGE,HG,1/144
4543112710598,AG 1/144 ガンダムAGE-1 タイタス,BANDAI SPIRITS,機動戦士ガンダムAGE,HG,1/144
4543112710611,AG 1/144 ガンダムAGE-1 ノーマル,BANDAI SPIRITS,機動戦士ガンダムAGE,HG,1/144
,ENTRY GRADE 江戸川コナン（シャア専用ザクIIカラー）&HG 1/144 シャア専用ザクII（赤井秀一カラー）,BANDAI SPIRITS,機動戦士ガンダム THE ORIGIN,HG,1/144
4573102685551,EXPO2025 1/144 RX-78F00/E ガンダム（EX-001 グラスフェザー装備）,BANDAI SPIRITS,GUNDAM NEXT FUTURE PAVILION,HG,1/144
,EXPO2025 1/144 RX-78F00/E ガンダム（EX-001 グラスフェザー装備）ケミカルリサイクルVer.,BANDAI SPIRITS,GUNDAM NEXT FUTURE PAVILION,HG,1/144
4543112075888,EXモデル 05 1/144 Sガンダムアタッカー,BANDAI SPIRITS,ガンダム・センチネル,HG,1/144
4543112164230,EXモデル 1/144 ガンダムシードメカセット1（メビウス<ゼロ> & スカイグラスパー）,BANDAI SPIRITS,機動戦士ガンダムSEEDシリーズ,HG,1/144
4543112039064,EXモデル 1/144 ガンダムトレーラー,BANDAI SPIRITS,機動新世紀ガンダムX,HG,1/144
4573102579560,FG 1/144 RX-78-2 ガンダム,BANDAI SPIRITS,機動戦士ガンダム,HG,1/144
,FG 1/144 ガンダムラジエル,BANDAI SPIRITS,機動戦士ガンダム00V,HG,1/144
,GUNDAM FACTORY YOKOHAMA専用エコプラ 1/144 RX-78F00 ガンダム,BANDAI SPIRITS,GUNDAM FACTORY YOKOHAMA,HG,1/144
,GUNDAM NEXT FUTURE限定 HG 1/144 ガンダムエアリアル［リサーキュレーションカラー/ネオンブルー］,BANDAI SPIRITS,機動戦士ガンダム 水星の魔女,HG,1/144
4543112135537,HG 1/144 01ガンダム,BANDAI SPIRITS,機動戦士Gundam GQuuuuuuX,HG,1/144
4573102606532,HG 1/144 1.5（アイズ）ガンダム,BANDAI SPIRITS,,HG,1/144
4543112453792,HG 1/144 105スローターダガー,BANDAI SPIRITS,機動戦士ガンダムSEED,HG,1/144
4573102568137,HG 1/144 105ダガー+ガンバレル,BANDAI SPIRITS,機動戦士ガンダムSEED,HG,1/144
4543112545039,HG 1/144 AEUイナクト（デモカラー）,BANDAI SPIRITS,機動戦士ガンダム00,HG,1/144
,HG 1/144 Dガンダムファースト,BANDAI SPIRITS,,HG,1/144
,HG 1/144 Ez-SR-MAXIMA,BANDAI SPIRITS,機動戦士Zガンダム,HG,1/144
4573102577306,HG 1/144 G-セルフ（大気圏用パック&宇宙用パック）（劇場版Ver.）,BANDAI SPIRITS,ガンダム Gのレコンギスタ,HG,1/144
4573102609601,HG 1/144 G3ガンダム+シャア専用リック・ドムセット,BANDAI SPIRITS,機動戦士ガンダム,HG,1/144
4573102686824,HG 1/144 GFreD,BANDAI SPIRITS,機動戦士Gundam GQuuuuuuX,HG,1/144
,HG 1/144 GNR-010/XN ザンライザー改造キット,BANDAI SPIRITS,機動新世紀ガンダムX,HG,1/144
4573102606471,HG 1/144 GNアーチャー,BANDAI SPIRITS,機動戦士ガンダム00,HG,1/144
,HG 1/144 GNアームズ TYPE-D+ガンダムデュナメス,BANDAI SPIRITS,機動戦士ガンダム00,HG,1/144
,HG 1/144 GNアームズ TYPE-E（リアルカラーVer.）,BANDAI SPIRITS,機動戦士ガンダム00,HG,1/144
4573102579294,HG 1/144 GNアームズTYPE-E+ガンダムエクシア（トランザムモード）,BANDAI SPIRITS,機動戦士ガンダム00,HG,1/144
4543112653949,HG 1/144 GPB-04B ベアッガイ,BANDAI SPIRITS,ガンダムビルドシリーズ,HG,1/144
4543112653932,HG 1/144 GPB-06F スーパーカスタムザクF2000,BANDAI SPIRITS,模型戦士ガンプラビルダーズ ビギニングG,HG,1/144
4573102683175,HG 1/144 GQuuuuuuX,BANDAI SPIRITS,機動戦士Gundam GQuuuuuuX,HG,1/144
4573102720009,HG 1/144 GQuuuuuuX（エンディミオン・ユニット覚醒時）,BANDAI SPIRITS,機動戦士Gundam GQuuuuuuX,HG,1/144
,HG 1/144 GUNDAM SIDE-F限定 ギラ・ドーガ（ヴィンセント・グライスナー専用機）,BANDAI SPIRITS,機動戦士ガンダム 逆襲のシャア,HG,1/144
,HG 1/144 GUNDAM SIDE-F限定 ジェガン（ユウ･カジマ専用機）,BANDAI SPIRITS,機動戦士ガンダム 逆襲のシャア,HG,1/144
,HG 1/144 GUNDAM SIDE-F限定 ジムIII（地球連邦軍仕様/ボッシュ・ウェラー専用機）,BANDAI SPIRITS,機動戦士Zガンダム,HG,1/144
4573102603661,HG 1/144 Gエグゼス,BANDAI SPIRITS,機動戦士ガンダムAGE,HG,1/144
4573102628299,HG 1/144 Gエグゼス ジャックエッジ,BANDAI SPIRITS,機動戦士ガンダムAGE,HG,1/144
4573102603715,HG 1/144 Gサイフォス,BANDAI SPIRITS,機動戦士ガンダムAGE,HG,1/144
4573102573858,HG 1/144 Gバウンサー,BANDAI SPIRITS,機動戦士ガンダムZZ,HG,1/144
,HG 1/144 Gパーツ［フルドド］,BANDAI SPIRITS,ADVANCE OF Z ティターンズの旗のもとに,HG,1/144
,HG 1/144 Gパーツ［フルドド］（実戦配備カラー）,BANDAI SPIRITS,ADVANCE OF Z ティターンズの旗のもとに,HG,1/144
4543112652997,HG 1/144 Hi-νガンダム GPBカラー,BANDAI SPIRITS,模型戦士ガンプラビルダーズ ビギニングG,HG,1/144
,HG 1/144 IIネオ・ジオング（ナラティブVer.）,BANDAI SPIRITS,機動戦士ガンダムNT,HG,1/144
4573102577351,HG 1/144 MS-04 ブグ,BANDAI SPIRITS,機動戦士ガンダム THE ORIGIN,HG,1/144
4573102577351,HG 1/144 MS-04 ブグ（ランバ・ラル機）,BANDAI SPIRITS,機動戦士ガンダム THE ORIGIN,HG,1/144
4573102606617,HG 1/144 MS-05 ザクI（黒い三連星機）,BANDAI SPIRITS,機動戦士ガンダムMSV,HG,1/144
4573102577368,HG 1/144 MS-05S シャア専用ザクI,BANDAI SPIRITS,機動戦士ガンダム,HG,1/144
4573102577368,HG 1/144 MS-05S シャア専用ザクI（LIMITED MODEL）,BANDAI SPIRITS,機動戦士ガンダム,HG,1/144
,HG 1/144 MS-06RD-4 高機動試作型ザク,BANDAI SPIRITS,機動戦士ガンダムMSV,HG,1/144
,HG 1/144 MSN-04Ⅱ ナイチンゲール［クリアカラー］,BANDAI SPIRITS,機動戦士ガンダム 逆襲のシャア,HG,1/144
4573102610607,HG 1/144 MSオプションセット1 & CGSモビルワーカー,BANDAI SPIRITS,機動戦士ガンダム THE ORIGIN,HG,1/144
4549660018803,HG 1/144 MSオプションセット2&CGS モビルワーカー（宇宙用）,BANDAI SPIRITS,機動戦士ガンダム THE ORIGIN,HG,1/144
4573102579485,HG 1/144 MSオプションセット3&ギャラルホルンモビルワーカー,BANDAI SPIRITS,機動戦士ガンダム THE ORIGIN,HG,1/144
4573102610614,HG 1/144 MSオプションセット4 & ユニオンモビルワーカー,BANDAI SPIRITS,機動戦士ガンダム THE ORIGIN,HG,1/144
4549660112433,HG 1/144 MSオプションセット5 & 鉄華団モビルワーカー,BANDAI SPIRITS,機動戦士ガンダム THE ORIGIN,HG,1/144
4549660144557,HG 1/144 MSオプションセット6 & HDモビルワーカー,BANDAI SPIRITS,機動戦士ガンダム THE ORIGIN,HG,1/144
4573102568243,HG 1/144 MSオプションセット7,BANDAI SPIRITS,機動戦士ガンダム 鉄血のオルフェンズ,HG,1/144
4549660129653,HG 1/144 MSオプションセット8 & SAUモビルワーカー,BANDAI SPIRITS,機動戦士ガンダム THE ORIGIN,HG,1/144
4573102558985,HG 1/144 MSオプションセット9,BANDAI SPIRITS,機動戦士ガンダム 鉄血のオルフェンズ,HG,1/144
4543112733665,HG 1/144 R01 エールストライクガンダム,BANDAI SPIRITS,機動戦士ガンダムSEED,HG,1/144
4543112142030,HG 1/144 R02 デュエルガンダム アサルトシュラウド,BANDAI SPIRITS,機動戦士ガンダムSEED,HG,1/144
4573102603609,HG 1/144 R03 バスターガンダム,BANDAI SPIRITS,機動戦士ガンダムSEED,HG,1/144
4573102603616,HG 1/144 R04 ブリッツガンダム,BANDAI SPIRITS,機動戦士ガンダムSEED,HG,1/144
4573102603623,HG 1/144 R05 イージスガンダム,BANDAI SPIRITS,機動戦士ガンダムSEED,HG,1/144
4573102579126,HG 1/144 R06 モビルジン,BANDAI SPIRITS,機動戦士ガンダムSEED,HG,1/144
4573102579133,HG 1/144 R07 モビルシグー,BANDAI SPIRITS,機動戦士ガンダムSEED,HG,1/144
4573102557377,HG 1/144 R08 カラミティガンダム,BANDAI SPIRITS,機動戦士ガンダムSEED,HG,1/144
4573102579140,HG 1/144 R09 フォビドゥンガンダム,BANDAI SPIRITS,機動戦士ガンダムSEED,HG,1/144
4573102557384,HG 1/144 R10 レイダーガンダム,BANDAI SPIRITS,機動戦士ガンダムSEED,HG,1/144
4573102573810,HG 1/144 R11 ラゴゥ,BANDAI SPIRITS,機動戦士ガンダムSEED,HG,1/144
4573102573827,HG 1/144 R12 モビルバクゥ,BANDAI SPIRITS,機動戦士ガンダムSEED,HG,1/144
4573102557391,HG 1/144 R13 プロヴィデンスガンダム,BANDAI SPIRITS,機動戦士ガンダムSEED,HG,1/144
4543112753045,HG 1/144 R14 ジャスティスガンダム,BANDAI SPIRITS,機動戦士ガンダムSEED,HG,1/144
4573102579157,HG 1/144 R15 フリーダムガンダム,BANDAI SPIRITS,機動戦士ガンダムSEED,HG,1/144
4573102603630,HG 1/144 R16 M1アストレイ,BANDAI SPIRITS,機動戦士ガンダムSEED ASTRAY,HG,1/144
,HG 1/144 RGM-89J ジェガンノーマルタイプ（F91Ver.）,BANDAI SPIRITS,機動戦士ガンダムF91,HG,1/144
,HG 1/144 RGM-89M ジェガンBタイプ（F91Ver.）,BANDAI SPIRITS,機動戦士ガンダムF91,HG,1/144
,HG 1/144 RGM-89R ジェガンAタイプ（F91Ver.）,BANDAI SPIRITS,機動戦士ガンダムF91,HG,1/144
,HG 1/144 RX-0 ユニコーンガンダム D-MODE ANAオリジナルカラーVer.,BANDAI SPIRITS,機動戦士ガンダムUC,HG,1/144
4902425051864,HG 1/144 RX-110 ガブスレイ,BANDAI SPIRITS,機動戦士Zガンダム,HG,1/144
,HG 1/144 RX-78-02 ガンダム ロールアウトカラー（GUNDAM THE ORIGIN版）,BANDAI SPIRITS,機動戦士ガンダム THE ORIGIN,HG,1/144
4573102589293,HG 1/144 RX-78-02 ガンダム（GUNDAM THE ORIGIN版）,BANDAI SPIRITS,機動戦士ガンダム THE ORIGIN,HG,1/144
4573102589293,HG 1/144 RX-78-02 ガンダム（ククルス・ドアンの島版）,BANDAI SPIRITS,機動戦士ガンダム THE ORIGIN,HG,1/144
,HG 1/144 RX-78-2 GUNDAM Ver.G30th グリーン東京プロジェクト,BANDAI SPIRITS,機動戦士ガンダム,HG,1/144
,HG 1/144 RX-78-2 ガンダム Ver.G30th ANAオリジナルカラーVer.,BANDAI SPIRITS,機動戦士ガンダム,HG,1/144
,HG 1/144 RX-78-2 ガンダム Ver.G30th REAL GRADE 1/1 GUNDAM PROJECT,BANDAI SPIRITS,機動戦士ガンダム,HG,1/144
,HG 1/144 RX-78-2 ガンダム Ver.GFT REVIVE EDITION,BANDAI SPIRITS,機動戦士ガンダム,HG,1/144
,HG 1/144 RX-78-2 ガンダム 一番くじオリジナルカラー,BANDAI SPIRITS,機動戦士ガンダム,HG,1/144
4573102582058,HG 1/144 RX-78-2 ガンダム（東京2020オリンピックエンブレム）,BANDAI SPIRITS,機動戦士ガンダム,HG,1/144
4573102582058,HG 1/144 RX-78-2 ガンダム（東京2020パラリンピックエンブレム）,BANDAI SPIRITS,機動戦士ガンダム,HG,1/144
,HG 1/144 RX-78-2 ガンダム［2020年ドバイ国際博覧会 日本館PRアンバサダー］,BANDAI SPIRITS,機動戦士ガンダム,HG,1/144
4573102582058,HG 1/144 RX-78-2 ガンダム［BEYOND GLOBAL］,BANDAI SPIRITS,機動戦士ガンダム,HG,1/144
,HG 1/144 RX-78-2 ガンダム［BEYOND GLOBAL］［クリアカラー］,BANDAI SPIRITS,機動戦士ガンダム,HG,1/144
,HG 1/144 RX-78-2 ガンダム［JAL オリジナルカラーVer.］,BANDAI SPIRITS,機動戦士ガンダム,HG,1/144
,HG 1/144 RX-78-2 ガンダム［アースカラー］,BANDAI SPIRITS,機動戦士ガンダム,HG,1/144
,HG 1/144 RX-78-2 ガンダム［クリアカラー］,BANDAI SPIRITS,機動戦士ガンダム,HG,1/144
,HG 1/144 RX-78-3 G-3ガンダム［BEYOND GLOBAL］,BANDAI SPIRITS,機動戦士ガンダム,HG,1/144
4573102557162,HG 1/144 R・ジャジャ（Twilight AXIS Ver.）,BANDAI SPIRITS,機動戦士ガンダムZZ,HG,1/144
,HG 1/144 V2アサルトバスターガンダム［クリアカラー］,BANDAI SPIRITS,機動戦士ガンダムSEED,HG,1/144
4549660063087,HG 1/144 YMS-03 ヴァッフ,BANDAI SPIRITS,機動戦士ガンダム THE ORIGIN,HG,1/144
,HG 1/144 YMS-07A-0 プロトタイプグフ（機動実証機 サンドカラーVer.）,BANDAI SPIRITS,機動戦士ガンダム THE ORIGIN,HG,1/144
,HG 1/144 YMS-07A-0 プロトタイプグフ（機動実証機 ブルーカラーVer.）,BANDAI SPIRITS,機動戦士ガンダム THE ORIGIN,HG,1/144
4573102616173,HG 1/144 ZGMF-X20A ストライクフリーダムガンダム Ver.GFT,BANDAI SPIRITS,機動戦士ガンダムSEED DESTINY,HG,1/144
,HG 1/144 Zガンダム［U.C.0088］,BANDAI SPIRITS,機動戦士Zガンダム,HG,1/144
,HG 1/144 Zガンダム［クリアカラー］,BANDAI SPIRITS,機動戦士Zガンダム,HG,1/144
,HG 1/144 Ξガンダム［クリアカラー］劇場公開記念パッケージ,BANDAI SPIRITS,,HG,1/144
4543112615671,HG 1/144 νガンダム メタリックコーティングVer.,BANDAI SPIRITS,機動戦士ガンダム 逆襲のシャア,HG,1/144
,HG 1/144 νガンダム用 ブースターベッド,BANDAI SPIRITS,機動戦士ガンダム 逆襲のシャア,HG,1/144
,HG 1/144 「機動戦士ガンダム00」 1st Season MSセット[クリアカラー],BANDAI SPIRITS,機動戦士ガンダム00,HG,1/144
,HG 1/144 「機動戦士ガンダム00」 2nd Season MSセット[クリアカラー],BANDAI SPIRITS,機動戦士ガンダム00,HG,1/144
,HG 1/144 「機動戦士ガンダムAGE」 MSセット[クリアカラー],BANDAI SPIRITS,機動戦士ガンダムAGE,HG,1/144
4549660168973,HG 1/144 すーぱーふみなアクシズエンジェル Ver.（Mk-IIアクシズイメージカラー）,BANDAI SPIRITS,ガンダムビルドシリーズ,HG,1/144
,HG 1/144 アイズガンダム タイプ ダーク+スペシャルアクションベース,BANDAI SPIRITS,機動戦士ガンダム00V,HG,1/144
,HG 1/144 アクア・ハンブラビII ティターンズ仕様（A.O.Z RE-BOOT版）,BANDAI SPIRITS,機動戦士Zガンダム,HG,1/144
,HG 1/144 アクア・ハンブラビII（A.O.Z RE-BOOT版）,BANDAI SPIRITS,機動戦士Zガンダム,HG,1/144
4549660210566,HG 1/144 アクト・ザク,BANDAI SPIRITS,機動戦士ガンダム THE ORIGIN,HG,1/144
4549660210566,HG 1/144 アクト・ザク（キシリア部隊機）,BANDAI SPIRITS,機動戦士ガンダム THE ORIGIN,HG,1/144
4573102628251,HG 1/144 アデル,BANDAI SPIRITS,機動戦士ガンダムAGE,HG,1/144
4573102628251,HG 1/144 アデル（ディーヴァ所属部隊カラー）,BANDAI SPIRITS,機動戦士ガンダムAGE,HG,1/144
4573102631398,HG 1/144 アトラスガンダム（GUNDAM THUNDERBOLT BANDIT FLOWER版）,BANDAI SPIRITS,機動戦士ガンダム サンダーボルト,HG,1/144
4573102631398,HG 1/144 アトラスガンダム（GUNDAM THUNDERBOLT版）,BANDAI SPIRITS,機動戦士ガンダム サンダーボルト,HG,1/144
,HG 1/144 アドヴァンスドジンクス,BANDAI SPIRITS,機動戦士ガンダムSEED,HG,1/144
,HG 1/144 アドヴァンスドジンクス（デボラ機）,BANDAI SPIRITS,機動戦士ガンダムSEED,HG,1/144
4543112318749,HG 1/144 アビスガンダム,BANDAI SPIRITS,機動戦士ガンダムSEED DESTINY,HG,1/144
4543112566577,HG 1/144 アヘッド,BANDAI SPIRITS,機動戦士ガンダム00,HG,1/144
4543112574763,HG 1/144 アヘッドスマルトロン,BANDAI SPIRITS,機動戦士ガンダム00,HG,1/144
,HG 1/144 アメイジングズゴック,BANDAI SPIRITS,ガンダムビルドシリーズ,HG,1/144
4543112568786,HG 1/144 アリオスガンダム,BANDAI SPIRITS,機動戦士ガンダム00,HG,1/144
4573102556042,HG 1/144 アリオスガンダム GNHW/M,BANDAI SPIRITS,機動戦士ガンダム00,HG,1/144
,HG 1/144 アリオスガンダム&GNアーチャー クリアカラーバージョン,BANDAI SPIRITS,機動戦士ガンダム00,HG,1/144
4543112615350,HG 1/144 アリオスガンダム（トランザムモード）グロスインジェクションVer.,BANDAI SPIRITS,機動戦士ガンダム00,HG,1/144
4573102606495,HG 1/144 アルケーガンダム,BANDAI SPIRITS,機動戦士ガンダム00,HG,1/144
4902425488172,HG 1/144 アルトロンガンダム,BANDAI SPIRITS,新機動戦記ガンダムW,HG,1/144
,HG 1/144 アースリィガンダム[ダイブイントゥディメンションクリア],BANDAI SPIRITS,ガンダムビルドシリーズ,HG,1/144
4543112531520,HG 1/144 アームズアストレイPMCカスタム（レオンズ・グレイブス専用機）,BANDAI SPIRITS,機動戦士ガンダムSEED ASTRAY,HG,1/144
4573102635044,HG 1/144 イオフレーム獅電,BANDAI SPIRITS,機動戦士ガンダム 鉄血のオルフェンズ,HG,1/144
,HG 1/144 イオフレーム獅電改（オルガ機）,BANDAI SPIRITS,機動戦士ガンダム 鉄血のオルフェンズ,HG,1/144
,HG 1/144 イオフレーム獅電改（ライド機）,BANDAI SPIRITS,機動戦士ガンダム 鉄血のオルフェンズ,HG,1/144
,HG 1/144 イオフレーム獅電改（流星号）,BANDAI SPIRITS,機動戦士ガンダム 鉄血のオルフェンズ,HG,1/144
4573102635044,HG 1/144 イオフレーム獅電（テイワズ所属機）,BANDAI SPIRITS,機動戦士ガンダム 鉄血のオルフェンズ,HG,1/144
,HG 1/144 イフリート・イェーガー,BANDAI SPIRITS,機動戦士ガンダム外伝,HG,1/144
4573102574060,HG 1/144 イフリート（ダグ・シュナイド機）,BANDAI SPIRITS,機動戦士ガンダム外伝,HG,1/144
4573102662859,HG 1/144 イモータルジャスティスガンダム,BANDAI SPIRITS,機動戦士ガンダムSEED FREEDOM,HG,1/144
4573102554680,HG 1/144 インフィニットジャスティスガンダム,BANDAI SPIRITS,機動戦士ガンダムSEED DESTINY,HG,1/144
4573102666925,HG 1/144 インフィニットジャスティスガンダム弐式,BANDAI SPIRITS,機動戦士ガンダムSEED FREEDOM,HG,1/144
,HG 1/144 インフィニットジャスティスガンダム弐式［クリアカラー］,BANDAI SPIRITS,機動戦士ガンダムSEED FREEDOM,HG,1/144
,HG 1/144 インフィニットジャスティスガンダム［クリアカラー］,BANDAI SPIRITS,機動戦士ガンダムSEED DESTINY,HG,1/144
4573102592279,HG 1/144 ウィンダム,BANDAI SPIRITS,機動戦士ガンダムSEED DESTINY,HG,1/144
,HG 1/144 ウィンダム&ダガーL用 拡張セット,BANDAI SPIRITS,機動戦士ガンダムSEED DESTINY,HG,1/144
4573102592279,HG 1/144 ウィンダム（ネオ・ロアノーク専用機）,BANDAI SPIRITS,機動戦士ガンダムSEED DESTINY,HG,1/144
,HG 1/144 ウイングガンダムスカイゼロ,BANDAI SPIRITS,新機動戦記ガンダムW,HG,1/144
,HG 1/144 ウイングガンダムゼロ［クリアカラー］,BANDAI SPIRITS,新機動戦記ガンダムW,HG,1/144
,HG 1/144 ウイングガンダム［クリアカラー］,BANDAI SPIRITS,新機動戦記ガンダムW,HG,1/144
4543112642677,HG 1/144 エクストリームガンダム,BANDAI SPIRITS,,HG,1/144
,HG 1/144 エクストリームガンダム type-レオス,BANDAI SPIRITS,,HG,1/144
4543112642677,HG 1/144 エクストリームガンダム（type-レオス）エクリプス・フェース,BANDAI SPIRITS,,HG,1/144
4573102685940,HG 1/144 エグザベ専用ギャン（ハクジ装備）,BANDAI SPIRITS,機動戦士Gundam GQuuuuuuX,HG,1/144
4543112957023,HG 1/144 エルフ・ブルック（マスク専用機）,BANDAI SPIRITS,ガンダム Gのレコンギスタ,HG,1/144
4543112957023,HG 1/144 エルフ・ブルック（量産機）,BANDAI SPIRITS,ガンダム Gのレコンギスタ,HG,1/144
,HG 1/144 エンゲージガンダム,BANDAI SPIRITS,,HG,1/144
4573102603654,HG 1/144 オオワシアカツキガンダム,BANDAI SPIRITS,機動戦士ガンダムSEED DESTINY,HG,1/144
,HG 1/144 オルトリンデ,BANDAI SPIRITS,機動戦士ガンダム 水星の魔女,HG,1/144
4573102592347,HG 1/144 オーガンダム,BANDAI SPIRITS,,HG,1/144
4573102557322,HG 1/144 オーガンダム（実戦配備型）,BANDAI SPIRITS,,HG,1/144
4573102606426,HG 1/144 オーバーフラッグ,BANDAI SPIRITS,機動戦士ガンダム00,HG,1/144
,HG 1/144 オーバーフラッグ&ミスター・ブシドー専用アヘッド（グロスインジェクションバージョン）,BANDAI SPIRITS,機動戦士ガンダム00,HG,1/144
4543112568823,HG 1/144 オーライザー,BANDAI SPIRITS,機動戦士ガンダム00,HG,1/144
4543112314161,HG 1/144 カオスガンダム,BANDAI SPIRITS,機動戦士ガンダムSEED DESTINY,HG,1/144
4543112964304,HG 1/144 カットシー,BANDAI SPIRITS,ガンダム Gのレコンギスタ,HG,1/144
4573102674784,HG 1/144 カバカーリー,BANDAI SPIRITS,ガンダム Gのレコンギスタ,HG,1/144
4543112192479,HG 1/144 カラミティガンダム,BANDAI SPIRITS,機動戦士ガンダムSEED,HG,1/144
4543112314246,HG 1/144 ガイアガンダム,BANDAI SPIRITS,機動戦士ガンダムSEED DESTINY,HG,1/144
4543112382559,HG 1/144 ガイアガンダム（アンドリュー・バルトフェルド専用機）,BANDAI SPIRITS,機動戦士ガンダムSEED DESTINY,HG,1/144
4902425069494,HG 1/144 ガズ R/L,BANDAI SPIRITS,機動戦士ガンダムZZ,HG,1/144
4543112599384,HG 1/144 ガッデス,BANDAI SPIRITS,機動戦士ガンダム00,HG,1/144
4543112574701,HG 1/144 ガデッサ,BANDAI SPIRITS,機動戦士ガンダム00,HG,1/144
4573102579195,HG 1/144 ガナーザクウォーリア,BANDAI SPIRITS,機動戦士ガンダムSEED DESTINY,HG,1/144
4573102579195,HG 1/144 ガナーザクウォーリア（ルナマリア・ホーク専用機）,BANDAI SPIRITS,機動戦士ガンダムSEED DESTINY,HG,1/144
4543112715388,HG 1/144 ガフラン,BANDAI SPIRITS,機動戦士ガンダムAGE,HG,1/144
4543112584328,HG 1/144 ガラッゾ,BANDAI SPIRITS,機動戦士ガンダム00,HG,1/144
4573102688453,HG 1/144 ガルスJ,BANDAI SPIRITS,機動戦士ガンダムZZ,HG,1/144
,HG 1/144 ガルバルディβ［クリアカラー］,BANDAI SPIRITS,機動戦士Zガンダム,HG,1/144
4573102606563,HG 1/144 ガンキャノン最初期型（ロールアウト1号機）,BANDAI SPIRITS,機動戦士ガンダム THE ORIGIN,HG,1/144
4573102606563,HG 1/144 ガンキャノン最初期型（鉄騎兵中隊機）,BANDAI SPIRITS,機動戦士ガンダム THE ORIGIN,HG,1/144
4573102556073,HG 1/144 ガンキャノン機動試験型/火力試験型,BANDAI SPIRITS,機動戦士ガンダム THE ORIGIN,HG,1/144
4573102653154,HG 1/144 ガンキャノン（ククルス・ドアンの島版）,BANDAI SPIRITS,機動戦士ガンダム THE ORIGIN,HG,1/144
4573102577313,HG 1/144 ガンタンク初期型,BANDAI SPIRITS,機動戦士ガンダム,HG,1/144
4543112943736,HG 1/144 ガンダム G-セルフ用オプションユニット宇宙用パック,BANDAI SPIRITS,ガンダム Gのレコンギスタ,HG,1/144
4543112964212,HG 1/144 ガンダム G-セルフ（アサルトパック装備型）,BANDAI SPIRITS,ガンダム Gのレコンギスタ,HG,1/144
4573102577306,HG 1/144 ガンダム G-セルフ（パーフェクトパック装備型）,BANDAI SPIRITS,ガンダム Gのレコンギスタ,HG,1/144
4573102577306,HG 1/144 ガンダム G-セルフ（リフレクターパック装備型）,BANDAI SPIRITS,ガンダム Gのレコンギスタ,HG,1/144
4573102577245,HG 1/144 ガンダム G-セルフ（大気圏用パック装備型）,BANDAI SPIRITS,ガンダム Gのレコンギスタ,HG,1/144
4573102577276,HG 1/144 ガンダム G-ルシファー,BANDAI SPIRITS,機動戦士ガンダム,HG,1/144
4573102589279,HG 1/144 ガンダム G‐エルス（BEFORE）,BANDAI SPIRITS,機動戦士ガンダム,HG,1/144
4573102582058,HG 1/144 ガンダム RX-78,BANDAI SPIRITS,機動戦士ガンダム,HG,1/144
,HG 1/144 ガンダム THE ART OF GUNDAM OSAKA メタリックエディション,BANDAI SPIRITS,機動戦士ガンダム,HG,1/144
,HG 1/144 ガンダム Ver.GFT,BANDAI SPIRITS,機動戦士ガンダム,HG,1/144
,HG 1/144 ガンダム Ver.GFT「セブン-イレブンカラー」,BANDAI SPIRITS,機動戦士ガンダム,HG,1/144
,HG 1/144 ガンダム4号機,BANDAI SPIRITS,,HG,1/144
,HG 1/144 ガンダム5号機,BANDAI SPIRITS,,HG,1/144
,HG 1/144 ガンダム6号機（マドロック）,BANDAI SPIRITS,,HG,1/144
4573102591609,HG 1/144 ガンダム7号機,BANDAI SPIRITS,,HG,1/144
4543112728203,HG 1/144 ガンダムAGE-1 スパロー,BANDAI SPIRITS,機動戦士ガンダムAGE,HG,1/144
4543112716231,HG 1/144 ガンダムAGE-1 タイタス,BANDAI SPIRITS,機動戦士ガンダムAGE,HG,1/144
4573102582706,HG 1/144 ガンダムAGE-1 ノーマル,BANDAI SPIRITS,機動戦士ガンダムAGE,HG,1/144
4573102573902,HG 1/144 ガンダムAGE-1 フルグランサ,BANDAI SPIRITS,機動戦士ガンダムAGE,HG,1/144
,HG 1/144 ガンダムAGE-1 レイザー&ガンダムAGE-2 アルティメス セット,BANDAI SPIRITS,機動戦士ガンダムAGE,HG,1/144
4573102603685,HG 1/144 ガンダムAGE-2 ダブルバレット,BANDAI SPIRITS,機動戦士ガンダムAGE,HG,1/144
4573102573872,HG 1/144 ガンダムAGE-2 ダークハウンド,BANDAI SPIRITS,機動戦士ガンダムAGE,HG,1/144
4573102582713,HG 1/144 ガンダムAGE-2 ノーマル,BANDAI SPIRITS,機動戦士ガンダムAGE,HG,1/144
,HG 1/144 ガンダムAGE-2 フルカラーメッキVer.,BANDAI SPIRITS,機動戦士ガンダムAGE,HG,1/144
,HG 1/144 ガンダムAGE-2 特務隊仕様,BANDAI SPIRITS,機動戦士ガンダムAGE,HG,1/144
4573102628305,HG 1/144 ガンダムAGE-3 オービタル,BANDAI SPIRITS,機動戦士ガンダムAGE,HG,1/144
4573102573865,HG 1/144 ガンダムAGE-3 ノーマル,BANDAI SPIRITS,機動戦士ガンダムAGE,HG,1/144
,HG 1/144 ガンダムAGE-3 ノーマル フルカラーメッキVer.,BANDAI SPIRITS,機動戦士ガンダムAGE,HG,1/144
4573102628329,HG 1/144 ガンダムAGE-3 フォートレス,BANDAI SPIRITS,機動戦士ガンダムAGE,HG,1/144
4573102573889,HG 1/144 ガンダムAGE-FX,BANDAI SPIRITS,機動戦士ガンダムAGE,HG,1/144
4543112807526,HG 1/144 ガンダムAGE-FX バースト,BANDAI SPIRITS,機動戦士ガンダムAGE,HG,1/144
4573102555854,HG 1/144 ガンダムAGEIIマグナムSVver.（FXプロージョン）,BANDAI SPIRITS,ガンダムビルドシリーズ,HG,1/144
4573102574053,HG 1/144 ガンダムAN-01 トリスタン,BANDAI SPIRITS,,HG,1/144
4573102667014,HG 1/144 ガンダムEX（復讐のレクイエム）,BANDAI SPIRITS,機動戦士ガンダム 復讐のレクイエム,HG,1/144
,HG 1/144 ガンダムF91ヴァイタル 1号機&2号機セット,BANDAI SPIRITS,機動戦士ガンダムF91,HG,1/144
,HG 1/144 ガンダムF91［残像イメージクリアーVer.］,BANDAI SPIRITS,機動戦士ガンダムF91,HG,1/144
4573102591548,HG 1/144 ガンダムFSD,BANDAI SPIRITS,SDガンダムシリーズ,HG,1/144
4543112932808,HG 1/144 ガンダムG-アルケイン,BANDAI SPIRITS,ガンダム Gのレコンギスタ,HG,1/144
4573102577306,HG 1/144 ガンダムG-セルフ（大気圏用パック装備型）カラークリアVer.,BANDAI SPIRITS,ガンダム Gのレコンギスタ,HG,1/144
4573102577306,HG 1/144 ガンダムG-セルフ（宇宙用パック+大気圏パック）Ver.GFT スペースメタリック カラー,BANDAI SPIRITS,ガンダム Gのレコンギスタ,HG,1/144
4573102581839,HG 1/144 ガンダムG40（Industrial Design Ver.）,BANDAI SPIRITS,,HG,1/144
,HG 1/144 ガンダムMK2,BANDAI SPIRITS,機動戦士Zガンダム,HG,1/144
,HG 1/144 ガンダムMk-III,BANDAI SPIRITS,機動戦士Zガンダム,HG,1/144
,HG 1/144 ガンダムTR-1 次世代量産機（実戦配備カラー）（ADVANCE OF Z ティターンズの旗のもとに）,BANDAI SPIRITS,機動戦士Zガンダム,HG,1/144
4573102606600,HG 1/144 ガンダムTR-1［アドバンスド・ヘイズル］,BANDAI SPIRITS,ADVANCE OF Z ティターンズの旗のもとに,HG,1/144
,HG 1/144 ガンダムTR-1［アドバンスド・ヘイズル］&ガンダムTR-6用拡張パーツ,BANDAI SPIRITS,ADVANCE OF Z ティターンズの旗のもとに,HG,1/144
,HG 1/144 ガンダムTR-1［ハイゼンスレイ・ラーII］（ADVANCE OF Z ティターンズの旗のもとに）,BANDAI SPIRITS,機動戦士Zガンダム,HG,1/144
,HG 1/144 ガンダムTR-1［ハイゼンスレイ］（ADVANCE OF Z ティターンズの旗のもとに）,BANDAI SPIRITS,機動戦士Zガンダム,HG,1/144
4573102603968,HG 1/144 ガンダムTR-1［ヘイズル2号機］,BANDAI SPIRITS,ADVANCE OF Z ティターンズの旗のもとに,HG,1/144
,HG 1/144 ガンダムTR-1［ヘイズル・アウスラ］ギガンティック・アーム・ユニット装備,BANDAI SPIRITS,ADVANCE OF Z ティターンズの旗のもとに,HG,1/144
,HG 1/144 ガンダムTR-1［ヘイズル改］&ガンダムTR-6用拡張パーツ,BANDAI SPIRITS,ADVANCE OF Z ティターンズの旗のもとに,HG,1/144
,HG 1/144 ガンダムTR-6［ウーンドウォート］サイコブレードカスタム（A.O.Z RE-BOOT版）,BANDAI SPIRITS,機動戦士Zガンダム,HG,1/144
,HG 1/144 ガンダムTR-6［キハールII］（ADVANCE OF Z ティターンズの旗のもとに）,BANDAI SPIRITS,機動戦士Zガンダム,HG,1/144
,HG 1/144 ガンダムTR-6［キハールII］（ADVANCE OF Z ティターンズの旗のもとに）【6個まとめ買い】,BANDAI SPIRITS,機動戦士Zガンダム,HG,1/144
,HG 1/144 ガンダムTR-6［ハイゼンスレイII・ラー］（ADVANCE OF Z ティターンズの旗のもとに）,BANDAI SPIRITS,機動戦士Zガンダム,HG,1/144
,HG 1/144 ガンダムTR-6［ハイゼンスレイII・ラー］（ADVANCE OF Z ティターンズの旗のもとに）［クリアカラー］,BANDAI SPIRITS,機動戦士Zガンダム,HG,1/144
,HG 1/144 ガンダムTR-6［ハイゼンスレイII］（ADVANCE OF Z ティターンズの旗のもとに）,BANDAI SPIRITS,機動戦士Zガンダム,HG,1/144
,HG 1/144 ガンダムTR-6［バーザムII］レジオン鹵獲仕様（A.O.Z RE-BOOT版）,BANDAI SPIRITS,機動戦士Zガンダム,HG,1/144
,HG 1/144 ガンダムTR-6［ヘイズルII］,BANDAI SPIRITS,ADVANCE OF Z ティターンズの旗のもとに,HG,1/144
,HG 1/144 ガンダムVer.G30th&EXガンダムトレーラー フルカラーメッキバージョン,BANDAI SPIRITS,機動戦士ガンダム,HG,1/144
,HG 1/144 ガンダム「ゴールドインジェクションカラー」,BANDAI SPIRITS,,HG,1/144
4573102574190,HG 1/144 ガンダムアスクレプオス,BANDAI SPIRITS,新機動戦記ガンダムW,HG,1/144
4573102591555,HG 1/144 ガンダムアスタロト,BANDAI SPIRITS,機動戦士ガンダム 鉄血のオルフェンズ,HG,1/144
4573102554642,HG 1/144 ガンダムアスタロト オリジン,BANDAI SPIRITS,機動戦士ガンダム 鉄血のオルフェンズ,HG,1/144
4573102603913,HG 1/144 ガンダムアスタロトリナシメント,BANDAI SPIRITS,機動戦士ガンダム 鉄血のオルフェンズ,HG,1/144
4573102606549,HG 1/144 ガンダムアストレア,BANDAI SPIRITS,,HG,1/144
,HG 1/144 ガンダムアストレア Type F,BANDAI SPIRITS,,HG,1/144
4543112531513,HG 1/144 ガンダムアストレイ グリーンフレーム（トロヤ・ノワレ専用機）,BANDAI SPIRITS,機動戦士ガンダムSEED ASTRAY,HG,1/144
4573102603586,HG 1/144 ガンダムアストレイ ブルーフレーム,BANDAI SPIRITS,機動戦士ガンダムSEED ASTRAY,HG,1/144
4573102556011,HG 1/144 ガンダムアストレイ ブルーフレーム セカンドL,BANDAI SPIRITS,機動戦士ガンダムSEED ASTRAY,HG,1/144
4573102603579,HG 1/144 ガンダムアストレイ レッドフレーム,BANDAI SPIRITS,機動戦士ガンダムSEED ASTRAY,HG,1/144
4573102554604,HG 1/144 ガンダムアストレイゴールドフレーム,BANDAI SPIRITS,機動戦士ガンダムSEED ASTRAY,HG,1/144
4573102575913,HG 1/144 ガンダムアストレイゴールドフレーム天（アマツ）,BANDAI SPIRITS,機動戦士ガンダムSEED ASTRAY,HG,1/144
4573102554604,HG 1/144 ガンダムアストレイゴールドフレーム天（アマツ）ミナ,BANDAI SPIRITS,機動戦士ガンダムSEED ASTRAY,HG,1/144
,HG 1/144 ガンダムアストレイレッドフレームインバージョン,BANDAI SPIRITS,機動戦士ガンダムSEED ASTRAY,HG,1/144
4573102556028,HG 1/144 ガンダムアストレイレッドフレーム（フライトユニット装備）,BANDAI SPIRITS,機動戦士ガンダムSEED ASTRAY,HG,1/144
,HG 1/144 ガンダムアストレイレッドフレーム（フライトユニット装備）メッキフレーム/クリアアーマーVer.,BANDAI SPIRITS,機動戦士ガンダムSEED ASTRAY,HG,1/144
4573102633835,HG 1/144 ガンダムアスモデウス,BANDAI SPIRITS,,HG,1/144
4573102666994,HG 1/144 ガンダムアメイジングバルバトスルプス,BANDAI SPIRITS,ガンダムビルドシリーズ,HG,1/144
,HG 1/144 ガンダムアメイジングバルバトスルプス［メタリック］,BANDAI SPIRITS,ガンダムビルドシリーズ,HG,1/144
4573102590244,HG 1/144 ガンダムアヴァランチエクシアダッシュ,BANDAI SPIRITS,機動戦士ガンダム00,HG,1/144
4573102603890,HG 1/144 ガンダムウヴァル,BANDAI SPIRITS,,HG,1/144
4902425550138,HG 1/144 ガンダムエアマスターバースト,BANDAI SPIRITS,機動新世紀ガンダムX,HG,1/144
4573102650962,HG 1/144 ガンダムエアリアル,BANDAI SPIRITS,機動戦士ガンダム 水星の魔女,HG,1/144
,HG 1/144 ガンダムエアリアル ソリッドクリア,BANDAI SPIRITS,機動戦士ガンダム 水星の魔女,HG,1/144
,HG 1/144 ガンダムエアリアル パーメットスコア・シックス,BANDAI SPIRITS,機動戦士ガンダム 水星の魔女,HG,1/144
4573102650962,HG 1/144 ガンダムエアリアル（改修型）,BANDAI SPIRITS,機動戦士ガンダム 水星の魔女,HG,1/144
,HG 1/144 ガンダムエアリアル［クリアカラー］,BANDAI SPIRITS,機動戦士ガンダム 水星の魔女,HG,1/144
4573102579270,HG 1/144 ガンダムエクシア,BANDAI SPIRITS,機動戦士ガンダム00,HG,1/144
,HG 1/144 ガンダムエクシア クリアカラーバージョン,BANDAI SPIRITS,機動戦士ガンダム00,HG,1/144
,HG 1/144 ガンダムエクシア メタリックバージョン,BANDAI SPIRITS,機動戦士ガンダム00,HG,1/144
4573102557339,HG 1/144 ガンダムエクシア リペアII,BANDAI SPIRITS,機動戦士ガンダム00,HG,1/144
,HG 1/144 ガンダムエクシア リペアII & Oガンダム（実戦配備型）クリアカラーバージョン,BANDAI SPIRITS,機動戦士ガンダム00,HG,1/144
,HG 1/144 ガンダムエクシア用アストレア改造パーツ,BANDAI SPIRITS,機動戦士ガンダム00,HG,1/144
4573102579270,HG 1/144 ガンダムエクシア（トランザムモード）グロスインジェクションバージョン,BANDAI SPIRITS,機動戦士ガンダム00,HG,1/144
4573102604217,HG 1/144 ガンダムエルオーブースター,BANDAI SPIRITS,新機動戦記ガンダムW,HG,1/144
4573102579799,HG 1/144 ガンダムキマリス,BANDAI SPIRITS,機動戦士ガンダム 鉄血のオルフェンズ,HG,1/144
4573102579478,HG 1/144 ガンダムキマリストルーパー,BANDAI SPIRITS,機動戦士ガンダム 鉄血のオルフェンズ,HG,1/144
4573102554529,HG 1/144 ガンダムキマリスヴィダール,BANDAI SPIRITS,機動戦士ガンダム 鉄血のオルフェンズ,HG,1/144
4573102653222,HG 1/144 ガンダムキャリバーン,BANDAI SPIRITS,機動戦士ガンダム 水星の魔女,HG,1/144
,HG 1/144 ガンダムキャリバーン パーメットスコア・ファイブ,BANDAI SPIRITS,機動戦士ガンダム 水星の魔女,HG,1/144
4573102579287,HG 1/144 ガンダムキュリオス,BANDAI SPIRITS,機動戦士ガンダム00,HG,1/144
4573102579287,HG 1/144 ガンダムキュリオス（トランザムモード）グロスインジェクションバージョン,BANDAI SPIRITS,機動戦士ガンダム00,HG,1/144
4573102603845,HG 1/144 ガンダムグシオン,BANDAI SPIRITS,機動戦士ガンダム 鉄血のオルフェンズ,HG,1/144
4573102579805,HG 1/144 ガンダムグシオンリベイク,BANDAI SPIRITS,機動戦士ガンダム 鉄血のオルフェンズ,HG,1/144
4573102554475,HG 1/144 ガンダムグシオンリベイクフルシティ,BANDAI SPIRITS,機動戦士ガンダム 鉄血のオルフェンズ,HG,1/144
4573102574213,HG 1/144 ガンダムグリープ,BANDAI SPIRITS,新機動戦記ガンダムW,HG,1/144
4573102619808,HG 1/144 ガンダムグレモリー,BANDAI SPIRITS,,HG,1/144
4573102592361,HG 1/144 ガンダムサバーニャ,BANDAI SPIRITS,機動戦士ガンダム00,HG,1/144
,HG 1/144 ガンダムサバーニャ クリアカラーVer.,BANDAI SPIRITS,機動戦士ガンダム00,HG,1/144
4573102592361,HG 1/144 ガンダムサバーニャ（最終決戦仕様）,BANDAI SPIRITS,機動戦士ガンダム00,HG,1/144
4573102725424,HG 1/144 ガンダムサンドロック改,BANDAI SPIRITS,新機動戦記ガンダムW,HG,1/144
4573102630438,HG 1/144 ガンダムサンドロック改 EW,BANDAI SPIRITS,新機動戦記ガンダムW Endless Waltz,HG,1/144
,HG 1/144 ガンダムサンドロック［クリアカラー］,BANDAI SPIRITS,新機動戦記ガンダムW,HG,1/144
4573102691927,HG 1/144 ガンダムザガン,BANDAI SPIRITS,,HG,1/144
4573102567499,HG 1/144 ガンダムザラキエル,BANDAI SPIRITS,,HG,1/144
4573102555762,HG 1/144 ガンダムシャイニングブレイク（BEFORE）,BANDAI SPIRITS,機動武闘伝Gガンダム,HG,1/144
4573102650245,HG 1/144 ガンダムシュバルゼッテ,BANDAI SPIRITS,機動戦士ガンダム 水星の魔女,HG,1/144
,HG 1/144 ガンダムシュバルゼッテ［リサーキュレーションカラー/ネオンパープル］,BANDAI SPIRITS,機動戦士ガンダム 水星の魔女,HG,1/144
4573102604200,HG 1/144 ガンダムジェミナス01,BANDAI SPIRITS,新機動戦記ガンダムW,HG,1/144
,HG 1/144 ガンダムジェミナス01用アサルトブースター&高機動型ユニット 拡張セット,BANDAI SPIRITS,新機動戦記ガンダムW,HG,1/144
,HG 1/144 ガンダムジェミナス02,BANDAI SPIRITS,新機動戦記ガンダムW,HG,1/144
,HG 1/144 ガンダムジェミナス02用 陸戦重装ユニット 拡張パーツ,BANDAI SPIRITS,新機動戦記ガンダムW,HG,1/144
,HG 1/144 ガンダムジリウス,BANDAI SPIRITS,,HG,1/144
4573102606419,HG 1/144 ガンダムスローネアイン,BANDAI SPIRITS,,HG,1/144
4573102606433,HG 1/144 ガンダムスローネツヴァイ,BANDAI SPIRITS,,HG,1/144
4573102606440,HG 1/144 ガンダムスローネドライ,BANDAI SPIRITS,,HG,1/144
,HG 1/144 ガンダムダブルエックス［クリアカラー］,BANDAI SPIRITS,機動新世紀ガンダムX,HG,1/144
4573102620286,HG 1/144 ガンダムダブルオーコマンドクアンタ,BANDAI SPIRITS,機動戦士ガンダム00,HG,1/144
4573102666956,HG 1/144 ガンダムダブルオーコマンドクアンタ・デザートタイプ,BANDAI SPIRITS,機動戦士ガンダム00,HG,1/144
,HG 1/144 ガンダムダブルオーダイバー ソリッドクリア,BANDAI SPIRITS,ガンダムビルドシリーズ,HG,1/144
4573102657206,HG 1/144 ガンダムダブルオーダイバーアーク,BANDAI SPIRITS,ガンダムビルドシリーズ,HG,1/144
4573102603906,HG 1/144 ガンダムダンタリオン,BANDAI SPIRITS,,HG,1/144
4902425494074,HG 1/144 ガンダムデスサイズヘル,BANDAI SPIRITS,新機動戦記ガンダムW,HG,1/144
,HG 1/144 ガンダムデスサイズ［クリアカラー］,BANDAI SPIRITS,新機動戦記ガンダムW,HG,1/144
4573102592330,HG 1/144 ガンダムデュナメス,BANDAI SPIRITS,機動戦士ガンダム00,HG,1/144
,HG 1/144 ガンダムデュナメスアームアームズ（川口克己プロデュース プロショップ専用商品）,BANDAI SPIRITS,機動戦士ガンダム00,HG,1/144
4573102592330,HG 1/144 ガンダムデュナメス（トランザムモード）グロスインジェクションバージョン,BANDAI SPIRITS,機動戦士ガンダム00,HG,1/144
,HG 1/144 ガンダムトライオン3［クリアカラー］,BANDAI SPIRITS,ガンダムビルドシリーズ,HG,1/144
,HG 1/144 ガンダムナイオン,BANDAI SPIRITS,,HG,1/144
4573102606457,HG 1/144 ガンダムナドレ,BANDAI SPIRITS,機動戦士ガンダム00,HG,1/144
4573102587855,HG 1/144 ガンダムハルート,BANDAI SPIRITS,機動戦士ガンダム00,HG,1/144
,HG 1/144 ガンダムハルート クリアカラーVer.,BANDAI SPIRITS,機動戦士ガンダム00,HG,1/144
4573102587855,HG 1/144 ガンダムハルート（最終決戦仕様）,BANDAI SPIRITS,機動戦士ガンダム00,HG,1/144
4573102554536,HG 1/144 ガンダムバエル,BANDAI SPIRITS,機動戦士ガンダム 鉄血のオルフェンズ,HG,1/144
,HG 1/144 ガンダムバエル［クリアカラー］,BANDAI SPIRITS,機動戦士ガンダム 鉄血のオルフェンズ,HG,1/144
4573102620255,HG 1/144 ガンダムバルバタウロス,BANDAI SPIRITS,,HG,1/144
4573102579775,HG 1/144 ガンダムバルバトス,BANDAI SPIRITS,機動戦士ガンダム 鉄血のオルフェンズ,HG,1/144
4573102637956,HG 1/144 ガンダムバルバトス & 長距離輸送ブースター クタン参型,BANDAI SPIRITS,機動戦士ガンダム 鉄血のオルフェンズ,HG,1/144
,HG 1/144 ガンダムバルバトス コンプリートセット,BANDAI SPIRITS,機動戦士ガンダム 鉄血のオルフェンズ,HG,1/144
,HG 1/144 ガンダムバルバトス ソリッドクリア,BANDAI SPIRITS,機動戦士ガンダム 鉄血のオルフェンズ,HG,1/144
4573102603869,HG 1/144 ガンダムバルバトス 第6形態,BANDAI SPIRITS,機動戦士ガンダム 鉄血のオルフェンズ,HG,1/144
4573102554468,HG 1/144 ガンダムバルバトスルプス,BANDAI SPIRITS,機動戦士ガンダム 鉄血のオルフェンズ,HG,1/144
,HG 1/144 ガンダムバルバトスルプス「ゴールドインジェクションカラー」,BANDAI SPIRITS,機動戦士ガンダム 鉄血のオルフェンズ,HG,1/144
4573102554512,HG 1/144 ガンダムバルバトスルプスレクス,BANDAI SPIRITS,機動戦士ガンダム 鉄血のオルフェンズ,HG,1/144
,HG 1/144 ガンダムバルバトスルプスレクス ソリッドクリア,BANDAI SPIRITS,機動戦士ガンダム 鉄血のオルフェンズ,HG,1/144
,HG 1/144 ガンダムバルバトスルプスレクス［アイアンブラッドコーティング］,BANDAI SPIRITS,機動戦士ガンダム 鉄血のオルフェンズ,HG,1/144
,HG 1/144 ガンダムバルバトスルプスレクス［クリアカラー］,BANDAI SPIRITS,機動戦士ガンダム 鉄血のオルフェンズ,HG,1/144
,HG 1/144 ガンダムバルバトスルプス［アイアンブラッドコーティング］,BANDAI SPIRITS,機動戦士ガンダム 鉄血のオルフェンズ,HG,1/144
,HG 1/144 ガンダムバーンレプオス,BANDAI SPIRITS,新機動戦記ガンダムW,HG,1/144
4573102620262,HG 1/144 ガンダムパーフェクトストライクフリーダム,BANDAI SPIRITS,ガンダムビルドシリーズ,HG,1/144
4573102662736,HG 1/144 ガンダムパーフェクトストライクフリーダムルージュ,BANDAI SPIRITS,ガンダムビルドシリーズ,HG,1/144
4573102633545,HG 1/144 ガンダムファラクト,BANDAI SPIRITS,機動戦士ガンダム 水星の魔女,HG,1/144
4573102554499,HG 1/144 ガンダムフラウロス（厄祭戦時）,BANDAI SPIRITS,機動戦士ガンダム 鉄血のオルフェンズ,HG,1/144
4573102554499,HG 1/144 ガンダムフラウロス（流星号）,BANDAI SPIRITS,機動戦士ガンダム 鉄血のオルフェンズ,HG,1/144
,HG 1/144 ガンダムプルトーネ,BANDAI SPIRITS,,HG,1/144
,HG 1/144 ガンダムプルトーネブラック,BANDAI SPIRITS,,HG,1/144
4902425473673,HG 1/144 ガンダムヘビーアームズ,BANDAI SPIRITS,新機動戦記ガンダムW,HG,1/144
,HG 1/144 ガンダムヘビーアームズ改,BANDAI SPIRITS,新機動戦記ガンダムW,HG,1/144
,HG 1/144 ガンダムヘビーアームズ［クリアカラー］,BANDAI SPIRITS,新機動戦記ガンダムW,HG,1/144
4573102620163,HG 1/144 ガンダムヘリオス,BANDAI SPIRITS,,HG,1/144
,HG 1/144 ガンダムヘリオス［クリアカラー］,BANDAI SPIRITS,,HG,1/144
,HG 1/144 ガンダムベース福岡限定 シナンジュ Ver.GSF,BANDAI SPIRITS,機動戦士ガンダムUC,HG,1/144
,HG 1/144 ガンダムベース福岡限定 ユニコーンガンダム ペルフェクティビリティ（デストロイモード）（最終決戦仕様）Ver.GSF,BANDAI SPIRITS,機動戦士ガンダムUC,HG,1/144
,HG 1/144 ガンダムベース福岡限定 ユニコーンガンダム ペルフェクティビリティ（デストロイモード）（最終決戦仕様）Ver.GSF【クリアカラー】,BANDAI SPIRITS,機動戦士ガンダムUC,HG,1/144
,HG 1/144 ガンダムベース限定 G-セルフ（パーフェクトパック装備型）（劇場版『Gのレコンギスタ』Ver.）,BANDAI SPIRITS,ガンダム Gのレコンギスタ,HG,1/144
,HG 1/144 ガンダムベース限定 RX-78-2 ガンダム［BEYOND GLOBAL］［ガンダムベースカラー］,BANDAI SPIRITS,機動戦士ガンダム,HG,1/144
,HG 1/144 ガンダムベース限定 RX-78-2ガンダム [メタリックグロスインジェクション],BANDAI SPIRITS,機動戦士ガンダム,HG,1/144
,HG 1/144 ガンダムベース限定 Zガンダム3号機 初期検証型,BANDAI SPIRITS,機動戦士Zガンダム,HG,1/144
,HG 1/144 ガンダムベース限定 νガンダムvsサザビー（宿命の対決セット）[スペシャルコーティング],BANDAI SPIRITS,機動戦士ガンダム 逆襲のシャア,HG,1/144
,HG 1/144 ガンダムベース限定 ういにんぐふみな [ガンダムベースカラー],BANDAI SPIRITS,ガンダムビルドシリーズ,HG,1/144
,HG 1/144 ガンダムベース限定 すーぱーふみな [ガンダムベースカラー],BANDAI SPIRITS,ガンダムビルドシリーズ,HG,1/144
,HG 1/144 ガンダムベース限定 イフリート改[メタリックグロスインジェクション],BANDAI SPIRITS,機動戦士ガンダム外伝,HG,1/144
,HG 1/144 ガンダムベース限定 ガンダムFSD（試作型ロングレンジ･ビームライフル装備）,BANDAI SPIRITS,SDガンダムシリーズ,HG,1/144
,HG 1/144 ガンダムベース限定 ガンダムMK-III［クリアカラー］,BANDAI SPIRITS,機動戦士Zガンダム,HG,1/144
,HG 1/144 ガンダムベース限定 ガンダムMk-II（21st CENTURY REAL TYPE Ver.）,BANDAI SPIRITS,機動戦士Zガンダム,HG,1/144
,HG 1/144 ガンダムベース限定 ガンダムMk-II（ティターンズ仕様）（21st CENTURY REAL TYPE Ver.）,BANDAI SPIRITS,機動戦士Zガンダム,HG,1/144
,HG 1/144 ガンダムベース限定 ガンダムTR-6［ウーンドウォート］［クリアカラー］,BANDAI SPIRITS,ADVANCE OF Z ティターンズの旗のもとに,HG,1/144
,HG 1/144 ガンダムベース限定 ガンダムアストレイ レッドドラゴン,BANDAI SPIRITS,機動戦士ガンダムSEED ASTRAY,HG,1/144
,HG 1/144 ガンダムベース限定 ガンダムキャリバーン［クリアカラー］,BANDAI SPIRITS,機動戦士ガンダム 水星の魔女,HG,1/144
,HG 1/144 ガンダムベース限定 ガンダムバルバトス［メタリック グロスインジェクション］,BANDAI SPIRITS,機動戦士ガンダム 鉄血のオルフェンズ,HG,1/144
,HG 1/144 ガンダムベース限定 グフ・フライトタイプ（21stCENTURY REAL TYPE Ver.）,BANDAI SPIRITS,,HG,1/144
,HG 1/144 ガンダムベース限定 コアガンダム&コアガンダムII コアチェンジセット（リアルタイプカラー）,BANDAI SPIRITS,ガンダムビルドシリーズ,HG,1/144
,HG 1/144 ガンダムベース限定 コアガンダム&コアガンダムII&アルスコアガンダム[ロービジビリティVer.],BANDAI SPIRITS,ガンダムビルドシリーズ,HG,1/144
,HG 1/144 ガンダムベース限定 ザクII TYPE C-6/R6［ペインティングモデル］,BANDAI SPIRITS,,HG,1/144
,HG 1/144 ガンダムベース限定 ザクII（21stCENTURY REAL TYPE Ver.）,BANDAI SPIRITS,,HG,1/144
,HG 1/144 ガンダムベース限定 シナンジュ・スタイン（ナラティブVer.）［エクストラフィニッシュ］,BANDAI SPIRITS,機動戦士ガンダムUC,HG,1/144
,HG 1/144 ガンダムベース限定 シャア専用ザクII[メタリック],BANDAI SPIRITS,機動戦士ガンダム,HG,1/144
,HG 1/144 ガンダムベース限定 シャア専用ザクII（21stCENTURY REAL TYPE Ver.）,BANDAI SPIRITS,機動戦士ガンダム,HG,1/144
,HG 1/144 ガンダムベース限定 シャア専用ザクII（オリジン） [メタリック],BANDAI SPIRITS,機動戦士ガンダムSEED,HG,1/144
,HG 1/144 ガンダムベース限定 ジム/ジムII/ジムIII セット,BANDAI SPIRITS,機動戦士Zガンダム,HG,1/144
,HG 1/144 ガンダムベース限定 セカンドV［クリアカラー］,BANDAI SPIRITS,機動戦士Vガンダム,HG,1/144
,HG 1/144 ガンダムベース限定 ゼータガンダム[U.C.0088]/百式/ガンダムMk-II（エゥーゴ仕様）セット [グリプス戦役スペシャルカラー],BANDAI SPIRITS,機動戦士Zガンダム,HG,1/144
,HG 1/144 ガンダムベース限定 ゼータガンダム［U.C.0088］（バイオセンサーイメージカラー）,BANDAI SPIRITS,機動戦士Zガンダム,HG,1/144
,HG 1/144 ガンダムベース限定 デスティニーガンダム［スペシャルコーティング］,BANDAI SPIRITS,機動戦士ガンダムSEED DESTINY,HG,1/144
,HG 1/144 ガンダムベース限定 ド・ダイ改（21st CENTURY REAL TYPE Ver.）,BANDAI SPIRITS,機動戦士Zガンダム,HG,1/144
,HG 1/144 ガンダムベース限定 ナラティブガンダム B装備,BANDAI SPIRITS,機動戦士ガンダムNT,HG,1/144
,HG 1/144 ガンダムベース限定 ナラティブガンダム C装備［チタニウムフィニッシュ］,BANDAI SPIRITS,機動戦士ガンダムNT,HG,1/144
,HG 1/144 ガンダムベース限定 バルギル（ガンダムヘッド&サイコプレート搭載型）,BANDAI SPIRITS,,HG,1/144
,HG 1/144 ガンダムベース限定 ビルドストライクギャラクシーコスモス［プラフスキーパーティクルクリア］,BANDAI SPIRITS,ガンダムビルドシリーズ,HG,1/144
,HG 1/144 ガンダムベース限定 フリーダムガンダム [クリアカラー],BANDAI SPIRITS,機動戦士ガンダムSEED,HG,1/144
,HG 1/144 ガンダムベース限定 フルアーマー・ガンダム VS サイコ・ザク セット（機動戦士ガンダム サンダーボルト10周年記念Ver.）,BANDAI SPIRITS,機動戦士ガンダム サンダーボルト,HG,1/144
,HG 1/144 ガンダムベース限定 ブルーディスティニー1号機“EXAM”［メタリックグロスインジェクション］,BANDAI SPIRITS,機動戦士ガンダム外伝 THE BLUE DESTINY,HG,1/144
,HG 1/144 ガンダムベース限定 プチッガイ [ガンダムベースカラー],BANDAI SPIRITS,ガンダムビルドシリーズ,HG,1/144
,HG 1/144 ガンダムベース限定 プチッガイ ゴールドトップ&プラカード,BANDAI SPIRITS,ガンダムビルドシリーズ,HG,1/144
,HG 1/144 ガンダムベース限定 プチッガイ シルバースパークル&プラカード,BANDAI SPIRITS,ガンダムビルドシリーズ,HG,1/144
,HG 1/144 ガンダムベース限定 ベアッガイIII［トリコロールペイント］,BANDAI SPIRITS,ガンダムビルドシリーズ,HG,1/144
,HG 1/144 ガンダムベース限定 ペイルライダー（陸戦重装備仕様）[クリアカラー],BANDAI SPIRITS,機動戦士ガンダム外伝,HG,1/144
,HG 1/144 ガンダムベース限定 ムーンガンダム（ロング･ライフル装備）,BANDAI SPIRITS,,HG,1/144
,HG 1/144 ガンダムベース限定 ユニコーンガンダム デストロイモード［メタリックグロスインジェクション］,BANDAI SPIRITS,機動戦士ガンダムUC,HG,1/144
,HG 1/144 ガンダムベース限定 ユニコーンガンダム ペルフェクティビリティ（デストロイモード）,BANDAI SPIRITS,機動戦士ガンダムUC,HG,1/144
,HG 1/144 ガンダムベース限定 ユニコーンガンダム ユニコーンモード［メタリックグロスインジェクション］,BANDAI SPIRITS,機動戦士ガンダムUC,HG,1/144
,HG 1/144 ガンダムベース限定 ユニコーンガンダム3号機 フェネクス（デストロイモード）GOLD & SILVER COATING SET,BANDAI SPIRITS,機動戦士ガンダムUC,HG,1/144
4573102592507,HG 1/144 ガンダムベース限定 ユニコーンガンダム3号機 フェネクス（デストロイモード）（ナラティブVer.）（最終決戦仕様）,BANDAI SPIRITS,機動戦士ガンダムUC,HG,1/144
,HG 1/144 ガンダムベース限定 ユニコーンガンダム（デストロイモード）［ペインティングモデル］,BANDAI SPIRITS,機動戦士ガンダムUC,HG,1/144
,HG 1/144 ガンダムベース限定 ユニコーンガンダム（光の結晶体）,BANDAI SPIRITS,機動戦士ガンダムUC,HG,1/144
,HG 1/144 ガンダムベース限定 百式[ゴールドコーティング],BANDAI SPIRITS,機動戦士Zガンダム,HG,1/144
4573102590336,HG 1/144 ガンダムマックスター,BANDAI SPIRITS,機動武闘伝Gガンダム,HG,1/144
4573102567505,HG 1/144 ガンダムマルコシアス,BANDAI SPIRITS,,HG,1/144
,HG 1/144 ガンダムマルコシアス［アイアンブラッドコーティング］,BANDAI SPIRITS,,HG,1/144
4573102620248,HG 1/144 ガンダムリヴランスヘブン,BANDAI SPIRITS,,HG,1/144
4573102629449,HG 1/144 ガンダムルブリス,BANDAI SPIRITS,機動戦士ガンダム 水星の魔女,HG,1/144
,HG 1/144 ガンダムルブリス ソリッドクリア,BANDAI SPIRITS,機動戦士ガンダム 水星の魔女,HG,1/144
,HG 1/144 ガンダムルブリスアノクタ,BANDAI SPIRITS,機動戦士ガンダム 水星の魔女,HG,1/144
4573102650887,HG 1/144 ガンダムルブリスウル,BANDAI SPIRITS,機動戦士ガンダム 水星の魔女,HG,1/144
,HG 1/144 ガンダムルブリスジウ,BANDAI SPIRITS,機動戦士ガンダム 水星の魔女,HG,1/144
4573102650979,HG 1/144 ガンダムルブリスソーン,BANDAI SPIRITS,機動戦士ガンダム 水星の魔女,HG,1/144
,HG 1/144 ガンダムルブリス量産試作モデル,BANDAI SPIRITS,機動戦士ガンダム 水星の魔女,HG,1/144
,HG 1/144 ガンダムルブリス［クリアカラー］,BANDAI SPIRITS,機動戦士ガンダム 水星の魔女,HG,1/144
4573102603708,HG 1/144 ガンダムレギルス,BANDAI SPIRITS,,HG,1/144
4573102603708,HG 1/144 ガンダムレギルス（MEMORY OF EDEN）,BANDAI SPIRITS,,HG,1/144
4573102590343,HG 1/144 ガンダムローズ,BANDAI SPIRITS,機動武闘伝Gガンダム,HG,1/144
4573102591449,HG 1/144 ガンダムヴァーチェ,BANDAI SPIRITS,機動戦士ガンダム00,HG,1/144
4573102591449,HG 1/144 ガンダムヴァーチェ（トランザムモード）グロスインジェクションバージョン,BANDAI SPIRITS,機動戦士ガンダム00,HG,1/144
4573102554482,HG 1/144 ガンダムヴィダール,BANDAI SPIRITS,機動戦士ガンダム 鉄血のオルフェンズ,HG,1/144
4573102604248,HG 1/144 ガンダム端白星,BANDAI SPIRITS,機動戦士ガンダム 鉄血のオルフェンズ ウルズハント,HG,1/144
,HG 1/144 ガンダム端白星 第2形態,BANDAI SPIRITS,機動戦士ガンダム 鉄血のオルフェンズ ウルズハント,HG,1/144
,HG 1/144 ガンダム端白星［アイアンブラッドコーティング］,BANDAI SPIRITS,機動戦士ガンダム 鉄血のオルフェンズ ウルズハント,HG,1/144
,HG 1/144 ガンダム端白星［クリアカラー］,BANDAI SPIRITS,機動戦士ガンダム 鉄血のオルフェンズ ウルズハント,HG,1/144
,HG 1/144 ガンダム開発試験0番機（エンゲージゼロ）,BANDAI SPIRITS,,HG,1/144
,HG 1/144 ガンドノード,BANDAI SPIRITS,機動戦士ガンダム 水星の魔女,HG,1/144
,HG 1/144 ガンプラスターターセットVol.2 ガンダム+ガンダムマーカー,BANDAI SPIRITS,,HG,1/144
4573102642530,HG 1/144 ガンヴォルヴァ,BANDAI SPIRITS,機動戦士ガンダム 水星の魔女,HG,1/144
4573102635051,HG 1/144 キュベレイMk-II,BANDAI SPIRITS,機動戦士ガンダムZZ,HG,1/144
,HG 1/144 ギャプランTR-5［フライルー］ギガンティック・アーム・ユニット装備（A.O.Z RE-BOOT版）,BANDAI SPIRITS,機動戦士Zガンダム,HG,1/144
,HG 1/144 ギャプランTR-5［フライルー］（ティターンズ仕様）（A.O.Z RE-BOOT版）,BANDAI SPIRITS,機動戦士Zガンダム,HG,1/144
,HG 1/144 ギャラルホルン アリアンロッド艦隊コンプリートセット,BANDAI SPIRITS,機動戦士ガンダム 鉄血のオルフェンズ,HG,1/144
4573102663078,HG 1/144 ギャンシュトローム（アグネス・ギーベンラート機）,BANDAI SPIRITS,機動戦士ガンダムSEED FREEDOM,HG,1/144
,HG 1/144 ギャンシュトローム（ヒルダ・ハーケン専用機）,BANDAI SPIRITS,機動戦士ガンダムSEED FREEDOM,HG,1/144
4573102661425,HG 1/144 ギラーガ,BANDAI SPIRITS,機動戦士ガンダムAGE,HG,1/144
4902425230368,HG 1/144 ギラ･ドーガ（アクシズ･ショックイメージカラー）,BANDAI SPIRITS,機動戦士ガンダム 逆襲のシャア,HG,1/144
4902425230368,HG 1/144 ギラ･ドーガ（重武装仕様）,BANDAI SPIRITS,機動戦士ガンダム 逆襲のシャア,HG,1/144
4573102628312,HG 1/144 クランシェ,BANDAI SPIRITS,機動戦士ガンダムAGE,HG,1/144
4573102628336,HG 1/144 クランシェカスタム,BANDAI SPIRITS,機動戦士ガンダムAGE,HG,1/144
,HG 1/144 クルーザーモード用ブースター拡張セット（ADVANCE OF Z ティターンズの旗のもとに）,BANDAI SPIRITS,機動戦士Zガンダム,HG,1/144
,HG 1/144 クルーザーモード用ブースター拡張セット（実戦配備カラー）（ADVANCE OF Z ティターンズの旗のもとに）,BANDAI SPIRITS,機動戦士Zガンダム,HG,1/144
,HG 1/144 クロスボーン・ガンダムX-0フルクロス,BANDAI SPIRITS,機動新世紀ガンダムX,HG,1/144
4573102577207,HG 1/144 クロスボーン・ガンダムX1フルクロス,BANDAI SPIRITS,機動新世紀ガンダムX,HG,1/144
4573102720191,HG 1/144 グスタフ・カール00型,BANDAI SPIRITS,機動戦士ガンダム 閃光のハサウェイ,HG,1/144
4573102567512,HG 1/144 グスタフ・カール（ギレンの野望Ver.）,BANDAI SPIRITS,機動戦士ガンダム 閃光のハサウェイ,HG,1/144
4543112341037,HG 1/144 グフイグナイテッド（ハイネ・ヴェステンフルス専用機）,BANDAI SPIRITS,機動戦士ガンダムSEED DESTINY,HG,1/144
4543112531483,HG 1/144 グフイグナイテッド（ルドルフ・ヴィトゲンシュタイン専用機）,BANDAI SPIRITS,機動戦士ガンダムSEED DESTINY,HG,1/144
,HG 1/144 グフクリムゾンカスタム,BANDAI SPIRITS,,HG,1/144
4573102606402,HG 1/144 グラハム専用ユニオンフラッグカスタム,BANDAI SPIRITS,機動戦士ガンダム00,HG,1/144
,HG 1/144 グラハム専用ユニオンフラッグカスタムII（GNフラッグ）,BANDAI SPIRITS,機動戦士ガンダム00,HG,1/144
4573102579812,HG 1/144 グリムゲルデ,BANDAI SPIRITS,機動戦士ガンダム 鉄血のオルフェンズ,HG,1/144
4573102577252,HG 1/144 グリモア,BANDAI SPIRITS,ガンダム Gのレコンギスタ,HG,1/144
4573102581716,HG 1/144 グレイズアイン,BANDAI SPIRITS,機動戦士ガンダム 鉄血のオルフェンズ,HG,1/144
,HG 1/144 グレイズシルト&グレイズ（アリアンロッド所属機）セット,BANDAI SPIRITS,機動戦士ガンダム 鉄血のオルフェンズ,HG,1/144
4573102582591,HG 1/144 グレイズリッター（カルタ機）,BANDAI SPIRITS,機動戦士ガンダム 鉄血のオルフェンズ,HG,1/144
4573102582591,HG 1/144 グレイズリッター（カルタ隊所属機）,BANDAI SPIRITS,機動戦士ガンダム 鉄血のオルフェンズ,HG,1/144
4573102582591,HG 1/144 グレイズリッター（マクギリス機）,BANDAI SPIRITS,機動戦士ガンダム 鉄血のオルフェンズ,HG,1/144
4573102582591,HG 1/144 グレイズリッター（マクギリス隊所属機）,BANDAI SPIRITS,機動戦士ガンダム 鉄血のオルフェンズ,HG,1/144
4573102603838,HG 1/144 グレイズ改,BANDAI SPIRITS,機動戦士ガンダム 鉄血のオルフェンズ,HG,1/144
4573102603821,HG 1/144 グレイズ（アーレス所属機 一般機/指揮官機）,BANDAI SPIRITS,機動戦士ガンダム 鉄血のオルフェンズ,HG,1/144
4573102603821,HG 1/144 グレイズ（一般機/指揮官機）,BANDAI SPIRITS,機動戦士ガンダム 鉄血のオルフェンズ,HG,1/144
4573102603821,HG 1/144 グレイズ（地上戦仕様）ツインセット,BANDAI SPIRITS,機動戦士ガンダム 鉄血のオルフェンズ,HG,1/144
4543112566560,HG 1/144 ケルディムガンダム,BANDAI SPIRITS,機動戦士ガンダム00,HG,1/144
4573102558787,HG 1/144 ケルディムガンダムGNHW/R,BANDAI SPIRITS,機動戦士ガンダム00,HG,1/144
4543112615343,HG 1/144 ケルディムガンダム（トランザムモード）グロスインジェクションVer.,BANDAI SPIRITS,機動戦士ガンダム00,HG,1/144
4543112531490,HG 1/144 ケルベロスバクゥハウンド（アレック・ラッド専用機）,BANDAI SPIRITS,機動戦士ガンダムSEED,HG,1/144
4543112531490,HG 1/144 ケルベロス・バクゥハウンド,BANDAI SPIRITS,機動戦士ガンダムSEED,HG,1/144
4573102603876,HG 1/144 ゲイレール,BANDAI SPIRITS,機動戦士ガンダム 鉄血のオルフェンズ,HG,1/144
,HG 1/144 ゲイレールシャルフリヒター&ランドマンロディ セット,BANDAI SPIRITS,機動戦士ガンダム 鉄血のオルフェンズ,HG,1/144
,HG 1/144 ゲルググ ウェルテクス,BANDAI SPIRITS,機動戦士ガンダム,HG,1/144
4573102685704,HG 1/144 ゲルググ スガイ機（GQ）,BANDAI SPIRITS,機動戦士Gundam GQuuuuuuX,HG,1/144
4573102685902,HG 1/144 ゲルググ ボカタ機（GQ）,BANDAI SPIRITS,機動戦士Gundam GQuuuuuuX,HG,1/144
4573102663061,HG 1/144 ゲルググメナース,BANDAI SPIRITS,機動戦士ガンダムSEED FREEDOM,HG,1/144
4573102663061,HG 1/144 ゲルググメナース（ルナマリア・ホーク専用機）,BANDAI SPIRITS,機動戦士ガンダムSEED FREEDOM,HG,1/144
,HG 1/144 コアガンダム（G-3カラー）&ヴィートルーユニット[ダイブイントゥディメンションクリア],BANDAI SPIRITS,ガンダムビルドシリーズ,HG,1/144
,HG 1/144 コアガンダム（リアルタイプカラー）&マーズフォーユニット [ダイブイントゥディメンションクリア],BANDAI SPIRITS,ガンダムビルドシリーズ,HG,1/144
4573102631107,HG 1/144 ゴッグ,BANDAI SPIRITS,機動戦士ガンダム,HG,1/144
,HG 1/144 ゴーストガンダム,BANDAI SPIRITS,,HG,1/144
4573102683625,HG 1/144 サイコ・ガンダムMk-II,BANDAI SPIRITS,機動戦士Zガンダム,HG,1/144
,HG 1/144 サイコ・ドーガ,BANDAI SPIRITS,機動戦士ガンダム 逆襲のシャア,HG,1/144
,HG 1/144 サイコ･ガンダム［メタリックグロスインジェクション］,BANDAI SPIRITS,,HG,1/144
,HG 1/144 サザビー GPBカラー,BANDAI SPIRITS,模型戦士ガンプラビルダーズ ビギニングG,HG,1/144
4543112615688,HG 1/144 サザビー メタリックコーティングVer.,BANDAI SPIRITS,機動戦士ガンダム 逆襲のシャア,HG,1/144
4543112567758,HG 1/144 サーシェス専用AEUイナクトカスタム（アグリッサ型）,BANDAI SPIRITS,機動戦士ガンダム00,HG,1/144
4543112545039,HG 1/144 サーシェス専用AEUイナクトカスタム（モラリア開発実験型）,BANDAI SPIRITS,機動戦士ガンダム00,HG,1/144
4573102650207,HG 1/144 ザウォート,BANDAI SPIRITS,機動戦士ガンダム 水星の魔女,HG,1/144
4573102651112,HG 1/144 ザウォートヘヴィ,BANDAI SPIRITS,機動戦士ガンダム 水星の魔女,HG,1/144
4543112901798,HG 1/144 ザクI “旧ザク”（ガンダムサンダーボルト版）,BANDAI SPIRITS,機動戦士ガンダム サンダーボルト,HG,1/144
4573102573940,HG 1/144 ザクI スナイパータイプ,BANDAI SPIRITS,機動戦士ガンダム,HG,1/144
4902425013039,HG 1/144 ザクII,BANDAI SPIRITS,,HG,1/144
4573102575760,HG 1/144 ザクII C-6/R6型,BANDAI SPIRITS,,HG,1/144
4573102577382,HG 1/144 ザクII C型/C-5型,BANDAI SPIRITS,,HG,1/144
,HG 1/144 ザクII F型 チャブス機 & ケイル機 + 無識別型ザクII ソラリ機 再現パーツセット（復讐のレクイエム）,BANDAI SPIRITS,機動戦士ガンダム 復讐のレクイエム,HG,1/144
,HG 1/144 ザクII F型 ルショーン機 & 無識別型ザクII ルショーン機（復讐のレクイエム）,BANDAI SPIRITS,機動戦士ガンダム 復讐のレクイエム,HG,1/144
4573102667021,HG 1/144 ザクII ソラリ機（復讐のレクイエム）,BANDAI SPIRITS,機動戦士ガンダム 復讐のレクイエム,HG,1/144
,HG 1/144 ザクIII 量産型,BANDAI SPIRITS,機動戦士ガンダムZZ,HG,1/144
4573102591562,HG 1/144 ザクII（ガルマ専用機）,BANDAI SPIRITS,,HG,1/144
4549660076001,HG 1/144 ザクI“旧ザク”（GUNDAM THUNDERBOLT Ver.）,BANDAI SPIRITS,機動戦士ガンダム,HG,1/144
4549660197645,HG 1/144 ザクI（キシリア部隊機）,BANDAI SPIRITS,機動戦士ガンダム THE ORIGIN,HG,1/144
4573102577375,HG 1/144 ザクI（シャア・アズナブル機）,BANDAI SPIRITS,機動戦士ガンダム THE ORIGIN,HG,1/144
4573102590268,HG 1/144 ザクI（デニム/スレンダー機）,BANDAI SPIRITS,機動戦士ガンダム THE ORIGIN,HG,1/144
4543112294562,HG 1/144 ザクウォーリア,BANDAI SPIRITS,機動戦士ガンダムSEED DESTINY,HG,1/144
4543112294562,HG 1/144 ザクウォーリア（ライブコンサートバージョン）,BANDAI SPIRITS,機動戦士ガンダムSEED DESTINY,HG,1/144
4573102579768,HG 1/144 ザク・キャノン,BANDAI SPIRITS,機動戦士ガンダムMSV,HG,1/144
,HG 1/144 ザク・キャノン テストタイプ,BANDAI SPIRITS,機動戦士ガンダムMSV,HG,1/144
4902425013107,HG 1/144 ザク・デザートタイプ,BANDAI SPIRITS,機動戦士ガンダム THE ORIGIN,HG,1/144
,HG 1/144 ザク・デザートタイプ ピンクパンサー隊機,BANDAI SPIRITS,機動戦士ガンダム THE ORIGIN,HG,1/144
4902425013107,HG 1/144 ザク・デザートタイプ（ダブルアンテナ仕様）,BANDAI SPIRITS,機動戦士ガンダム THE ORIGIN,HG,1/144
4573102579768,HG 1/144 ザク・ハーフキャノン,BANDAI SPIRITS,機動戦士ガンダム THE ORIGIN,HG,1/144
4573102691736,HG 1/144 ザク（GQ）,BANDAI SPIRITS,機動戦士Gundam GQuuuuuuX,HG,1/144
4902425472232,HG 1/144 シェンロンガンダム,BANDAI SPIRITS,新機動戦記ガンダムW,HG,1/144
,HG 1/144 シェンロンガンダム［クリアカラー］,BANDAI SPIRITS,新機動戦記ガンダムW,HG,1/144
4573102568120,HG 1/144 シグーディープアームズ,BANDAI SPIRITS,機動戦士ガンダムSEED,HG,1/144
4573102553485,HG 1/144 シナンジュ・スタイン（ナラティブVer.）［クリアカラー］,BANDAI SPIRITS,機動戦士ガンダムUC,HG,1/144
4573102553485,HG 1/144 シナンジュ・スタイン（ユニコーンVer.）,BANDAI SPIRITS,機動戦士ガンダムUC,HG,1/144
4543112488336,HG 1/144 シビリアンアストレイ DSSDカスタム,BANDAI SPIRITS,SDガンダムシリーズ,HG,1/144
4573102604538,HG 1/144 シャア専用ザクII,BANDAI SPIRITS,機動戦士ガンダム,HG,1/144
,HG 1/144 シャア専用ザクII メタリックVer.,BANDAI SPIRITS,機動戦士ガンダム,HG,1/144
4573102576569,HG 1/144 シャア専用ザクII 赤い彗星Ver.,BANDAI SPIRITS,機動戦士ガンダム,HG,1/144
4573102556066,HG 1/144 シャア専用ザクII（オリジン）,BANDAI SPIRITS,機動戦士ガンダムSEED,HG,1/144
4573102691903,HG 1/144 シャア専用ザク（GQ）,BANDAI SPIRITS,機動戦士Gundam GQuuuuuuX,HG,1/144
,HG 1/144 シャア専用高機動型ザクII,BANDAI SPIRITS,機動戦士ガンダム THE ORIGIN,HG,1/144
4573102720184,HG 1/144 シャリア専用リック・ドム（GQ）,BANDAI SPIRITS,機動戦士Gundam GQuuuuuuX,HG,1/144
4573102628343,HG 1/144 シャルドール ローグ,BANDAI SPIRITS,機動戦士ガンダムAGE,HG,1/144
4573102628275,HG 1/144 シャルドール改,BANDAI SPIRITS,機動戦士ガンダムAGE,HG,1/144
4573102637819,HG 1/144 シュヴァルベカスタム（シクラーゼ機）,BANDAI SPIRITS,機動戦士ガンダム 鉄血のオルフェンズ,HG,1/144
4573102579461,HG 1/144 シュヴァルベグレイズ（ガエリオ機）,BANDAI SPIRITS,機動戦士ガンダム 鉄血のオルフェンズ,HG,1/144
4573102579461,HG 1/144 シュヴァルベグレイズ（マクギリス機）,BANDAI SPIRITS,機動戦士ガンダム 鉄血のオルフェンズ,HG,1/144
4573102603647,HG 1/144 シラヌイアカツキガンダム,BANDAI SPIRITS,機動戦士ガンダムSEED DESTINY,HG,1/144
,HG 1/144 シルヴァ・バレト・サプレッサー［クリアカラー］,BANDAI SPIRITS,機動戦士ガンダムNT,HG,1/144
,HG 1/144 シン・マツナガ専用ゲルググJ,BANDAI SPIRITS,機動戦士ガンダムMSV,HG,1/144
4543112686381,HG 1/144 ジェガンD型（護衛隊仕様）,BANDAI SPIRITS,機動戦士ガンダム 逆襲のシャア,HG,1/144
,HG 1/144 ジェガンF91Ver.3機セット【水転写式デカール付属】,BANDAI SPIRITS,機動戦士ガンダムF91,HG,1/144
4902425231594,HG 1/144 ジェガン（アクシズ・ショックイメージカラー）,BANDAI SPIRITS,機動戦士ガンダム 逆襲のシャア,HG,1/144
4573102575920,HG 1/144 ジェスタ（シェザール隊仕様 A班装備）,BANDAI SPIRITS,機動戦士ガンダムUC,HG,1/144
4573102575920,HG 1/144 ジェスタ（シェザール隊仕様 B&C班装備）,BANDAI SPIRITS,機動戦士ガンダムUC,HG,1/144
4543112715371,HG 1/144 ジェノアス,BANDAI SPIRITS,機動戦士ガンダムAGE,HG,1/144
4573102628268,HG 1/144 ジェノアスII,BANDAI SPIRITS,機動戦士ガンダムAGE,HG,1/144
,HG 1/144 ジェノアスOカスタム,BANDAI SPIRITS,機動戦士ガンダムAGE,HG,1/144
4543112716262,HG 1/144 ジェノアスカスタム,BANDAI SPIRITS,機動戦士ガンダムAGE,HG,1/144
4573102558824,HG 1/144 ジムIII（アクシズ･ショックイメージカラー）,BANDAI SPIRITS,機動戦士Zガンダム,HG,1/144
4573102553522,HG 1/144 ジム・インターセプトカスタム,BANDAI SPIRITS,,HG,1/144
4573102553522,HG 1/144 ジム・インターセプトカスタム（フェロウ・ブースター装備）,BANDAI SPIRITS,,HG,1/144
4573102606570,HG 1/144 ジム・ガードカスタム,BANDAI SPIRITS,,HG,1/144
4573102606570,HG 1/144 ジム・ガードカスタム（E-2ビーム・スプレーガン装備）,BANDAI SPIRITS,,HG,1/144
4902425013015,HG 1/144 ジム・キャノン（ロケット・バズーカ装備）,BANDAI SPIRITS,機動戦士ガンダムMSV,HG,1/144
4543112757692,HG 1/144 ジム・キャノン（空間突撃仕様）,BANDAI SPIRITS,機動戦士ガンダムMSV,HG,1/144
4573102573957,HG 1/144 ジム・クゥエル,BANDAI SPIRITS,,HG,1/144
,HG 1/144 ジム・スナイパーII ホワイト・ディンゴ隊仕様,BANDAI SPIRITS,機動戦士ガンダム外伝 THE BLUE DESTINY,HG,1/144
4902425013398,HG 1/144 ジム・スナイパーカスタム,BANDAI SPIRITS,機動戦士ガンダムMSV,HG,1/144
4902425013398,HG 1/144 ジム・スナイパーカスタム（ミサイル・ランチャー装備）,BANDAI SPIRITS,機動戦士ガンダムMSV,HG,1/144
,HG 1/144 ジム・スパルタン,BANDAI SPIRITS,機動戦士ガンダム,HG,1/144
,HG 1/144 ジム・スループ,BANDAI SPIRITS,機動戦士ガンダム,HG,1/144
,HG 1/144 ジム・ナイトシーカー,BANDAI SPIRITS,機動戦士ガンダム,HG,1/144
,HG 1/144 ジム・ナイトシーカーII,BANDAI SPIRITS,機動戦士ガンダム,HG,1/144
4549660075998,HG 1/144 ジム（GUNDAM THUNDERBOLT版）,BANDAI SPIRITS,機動戦士ガンダム,HG,1/144
4543112851659,HG 1/144 ジム（ガンダムサンダーボルト版）,BANDAI SPIRITS,機動戦士ガンダム サンダーボルト,HG,1/144
4573102657145,HG 1/144 ジム（ショルダー・キャノン装備/ミサイルポッド装備）,BANDAI SPIRITS,,HG,1/144
4573102630933,HG 1/144 ジム（スレッガー搭乗機）,BANDAI SPIRITS,機動戦士ガンダム,HG,1/144
4573102630933,HG 1/144 ジム（モロッコ戦線仕様）,BANDAI SPIRITS,機動戦士ガンダム,HG,1/144
4543112948670,HG 1/144 ジャイオーン,BANDAI SPIRITS,ガンダム Gのレコンギスタ,HG,1/144
4573102577290,HG 1/144 ジャスティマ,BANDAI SPIRITS,ガンダム Gのレコンギスタ,HG,1/144
,HG 1/144 ジョニー・ライデン専用ゲルググ,BANDAI SPIRITS,機動戦士ガンダムMSV,HG,1/144
4543112453808,HG 1/144 ジン タイプ インサージェント,BANDAI SPIRITS,機動戦士ガンダムSEED,HG,1/144
4573102606464,HG 1/144 ジンクス,BANDAI SPIRITS,機動戦士ガンダムSEED,HG,1/144
4543112568366,HG 1/144 ジンクスIII（アロウズ型）,BANDAI SPIRITS,機動戦士ガンダムSEED,HG,1/144
4543112577214,HG 1/144 ジンクスIII（連邦軍型）,BANDAI SPIRITS,機動戦士ガンダムSEED,HG,1/144
,HG 1/144 ジンクスIV（指揮官機）,BANDAI SPIRITS,機動戦士ガンダムSEED,HG,1/144
,HG 1/144 ジンクスIV（量産機）,BANDAI SPIRITS,機動戦士ガンダムSEED,HG,1/144
4543112340986,HG 1/144 ジンハイマニューバ,BANDAI SPIRITS,機動戦士ガンダムSEED,HG,1/144
4573102637079,HG 1/144 ジークルーネ,BANDAI SPIRITS,機動戦士ガンダム 鉄血のオルフェンズ,HG,1/144
,HG 1/144 ジーライン・スタンダードアーマー,BANDAI SPIRITS,機動戦士ガンダム外伝,HG,1/144
,HG 1/144 ジーライン・ライトアーマー,BANDAI SPIRITS,機動戦士ガンダム外伝,HG,1/144
,HG 1/144 スクランブルガンダム［プラフスキーパーティクルクリア］,BANDAI SPIRITS,,HG,1/144
4573102606501,HG 1/144 スサノオ,BANDAI SPIRITS,機動戦士ガンダム00,HG,1/144
4543112615657,HG 1/144 スサノオ（トランザムモード）グロスインジェクションVer.,BANDAI SPIRITS,機動戦士ガンダム00,HG,1/144
4573102556035,HG 1/144 スターゲイザーガンダム,BANDAI SPIRITS,機動戦士ガンダムSEED C.E.73 STARGAZER,HG,1/144
4543112222435,HG 1/144 ストライクダガー,BANDAI SPIRITS,機動戦士ガンダムSEED,HG,1/144
4573102582690,HG 1/144 ストライクノワールガンダム,BANDAI SPIRITS,機動戦士ガンダムSEED,HG,1/144
4543112341020,HG 1/144 ストライクフリーダムガンダム,BANDAI SPIRITS,機動戦士ガンダムSEED DESTINY,HG,1/144
,HG 1/144 ストライクフリーダムガンダム クリアカラーバージョン,BANDAI SPIRITS,機動戦士ガンダムSEED DESTINY,HG,1/144
,HG 1/144 ストライクフリーダムガンダム「セブン-イレブンカラー」,BANDAI SPIRITS,機動戦士ガンダムSEED DESTINY,HG,1/144
,HG 1/144 ストライクフリーダムガンダム弐式&光の翼エフェクトセット,BANDAI SPIRITS,機動戦士ガンダムSEED FREEDOM,HG,1/144
,HG 1/144 ストライクフリーダムガンダム［クリアカラー］,BANDAI SPIRITS,機動戦士ガンダムSEED DESTINY,HG,1/144
4573102591425,HG 1/144 ストライクルージュ+I.W.S.P,BANDAI SPIRITS,機動戦士ガンダムSEED,HG,1/144
,HG 1/144 スレイヴ・レイス（パラシュート・パック仕様）,BANDAI SPIRITS,機動戦士ガンダム外伝,HG,1/144
4573102557285,HG 1/144 スーパーガンダム,BANDAI SPIRITS,,HG,1/144
4573102683427,HG 1/144 ズゴック（SEED FREEDOM Ver.）,BANDAI SPIRITS,機動戦士ガンダムSEED FREEDOM,HG,1/144
4543112321329,HG 1/144 セイバーガンダム,BANDAI SPIRITS,機動戦士ガンダムSEED DESTINY,HG,1/144
,HG 1/144 セイラ専用軽キャノン,BANDAI SPIRITS,機動戦士Gundam GQuuuuuuX,HG,1/144
,HG 1/144 セカンドV,BANDAI SPIRITS,機動戦士Vガンダム,HG,1/144
,HG 1/144 セブン-イレブン オリジナルクリアカラー6体セット「セブン-イレブンカラー」,BANDAI SPIRITS,,HG,1/144
4573102592354,HG 1/144 セラフィムガンダム,BANDAI SPIRITS,機動戦士ガンダム00,HG,1/144
4543112569073,HG 1/144 セラヴィーガンダム,BANDAI SPIRITS,機動戦士ガンダム00,HG,1/144
,HG 1/144 セラヴィーガンダム & セラフィムガンダム クリアカラーバージョン,BANDAI SPIRITS,機動戦士ガンダム00,HG,1/144
4543112615367,HG 1/144 セラヴィーガンダム&セラフィムガンダム（トランザムモード）グロスインジェクションVer.,BANDAI SPIRITS,機動戦士ガンダム00,HG,1/144
4573102587831,HG 1/144 セラヴィーガンダムGNHW/B,BANDAI SPIRITS,機動戦士ガンダム00,HG,1/144
4543112581310,HG 1/144 セルゲイ専用ティエレンタオツー,BANDAI SPIRITS,機動戦士ガンダム00,HG,1/144
4573102603678,HG 1/144 ゼイドラ,BANDAI SPIRITS,機動戦士ガンダムAGE,HG,1/144
4543112716248,HG 1/144 ゼダス,BANDAI SPIRITS,機動戦士ガンダムAGE,HG,1/144
4543112739070,HG 1/144 ゼダスR,BANDAI SPIRITS,機動戦士ガンダムAGE,HG,1/144
,HG 1/144 ゼータガンダム,BANDAI SPIRITS,機動戦士Zガンダム,HG,1/144
4902425246666,HG 1/144 ゼータプラス（テスト機イメージカラー）,BANDAI SPIRITS,機動戦士Zガンダム,HG,1/144
4543112314352,HG 1/144 ソードインパルスガンダム,BANDAI SPIRITS,機動戦士ガンダムSEED DESTINY,HG,1/144
,HG 1/144 ソードカラミティ改造キット,BANDAI SPIRITS,機動戦士ガンダムSEED,HG,1/144
4573102603692,HG 1/144 ダナジン,BANDAI SPIRITS,機動戦士ガンダムSEED,HG,1/144
4573102603692,HG 1/144 ダナジン（紫カラー）,BANDAI SPIRITS,機動戦士ガンダムSEED,HG,1/144
4573102577283,HG 1/144 ダハック,BANDAI SPIRITS,ガンダム Gのレコンギスタ,HG,1/144
4573102592347,HG 1/144 ダブルオーガンダム,BANDAI SPIRITS,機動戦士ガンダム00,HG,1/144
4573102579355,HG 1/144 ダブルオーガンダム セブンソード/G,BANDAI SPIRITS,機動戦士ガンダム00,HG,1/144
4573102587848,HG 1/144 ダブルオークアンタ,BANDAI SPIRITS,機動戦士ガンダム00,HG,1/144
,HG 1/144 ダブルオークアンタクリアカラーVer.,BANDAI SPIRITS,機動戦士ガンダム00,HG,1/144
,HG 1/144 ダブルオークアンタ対応 GNソードⅣフルセイバー,BANDAI SPIRITS,機動戦士ガンダム00,HG,1/144
,HG 1/144 ダブルオーライザー ANAオリジナルカラーVer.,BANDAI SPIRITS,機動戦士ガンダム00,HG,1/144
4573102557315,HG 1/144 ダブルオーライザー デザイナーズカラーVer.,BANDAI SPIRITS,機動戦士ガンダム00,HG,1/144
4573102573834,HG 1/144 ダブルオーライザー+GNソードIII,BANDAI SPIRITS,機動戦士ガンダム00,HG,1/144
,HG 1/144 ダブルオーライザー+GNソードIII メタリックバージョン,BANDAI SPIRITS,機動戦士ガンダム00,HG,1/144
4573102573834,HG 1/144 ダブルオーライザー（ダブルオーガンダム+オーライザー）クリアカラーバージョン,BANDAI SPIRITS,機動戦士ガンダム00,HG,1/144
4543112653000,HG 1/144 ダブルオーライザー（粒子貯蔵タンク型）,BANDAI SPIRITS,機動戦士ガンダム00,HG,1/144
,HG 1/144 ダブルゼータガンダム,BANDAI SPIRITS,機動戦士ガンダムZZ,HG,1/144
4573102633552,HG 1/144 ダリルバルデ,BANDAI SPIRITS,機動戦士ガンダム 水星の魔女,HG,1/144
,HG 1/144 ダークダガーL,BANDAI SPIRITS,機動戦士ガンダムSEED,HG,1/144
4573102606396,HG 1/144 ティエレン 地上型,BANDAI SPIRITS,機動戦士ガンダム00,HG,1/144
4543112544834,HG 1/144 ティエレン 宇宙型,BANDAI SPIRITS,機動戦士ガンダム00,HG,1/144
4543112581310,HG 1/144 ティエレンタオツー,BANDAI SPIRITS,機動戦士ガンダム00,HG,1/144
4543112544834,HG 1/144 ティエレン宇宙指揮官型,BANDAI SPIRITS,機動戦士ガンダム00,HG,1/144
4573102650214,HG 1/144 ティックバラン,BANDAI SPIRITS,機動戦士ガンダム 水星の魔女,HG,1/144
4573102657251,HG 1/144 ティフォエウスガンダム・キメラ,BANDAI SPIRITS,,HG,1/144
4549660257479,HG 1/144 ティルトローターパック,BANDAI SPIRITS,ガンダムビルドダイバーズ,HG,1/144
,HG 1/144 ディキトゥス（光のカリスト専用機）,BANDAI SPIRITS,機動戦士クロスボーン・ガンダム,HG,1/144
,HG 1/144 ディキトゥス（影のカリスト専用機）,BANDAI SPIRITS,機動戦士クロスボーン・ガンダム,HG,1/144
4902425053783,HG 1/144 ディジェ（ナラティブVer.）,BANDAI SPIRITS,機動戦士ガンダムNT,HG,1/144
,HG 1/144 ディジェ［クリアカラー］,BANDAI SPIRITS,機動戦士Zガンダム,HG,1/144
4573102651136,HG 1/144 ディランザソル,BANDAI SPIRITS,機動戦士ガンダム 水星の魔女,HG,1/144
4573102633415,HG 1/144 ディランザ（グエル専用機）,BANDAI SPIRITS,機動戦士ガンダム 水星の魔女,HG,1/144
4573102633484,HG 1/144 ディランザ（一般機/ラウダ専用機）,BANDAI SPIRITS,機動戦士ガンダム 水星の魔女,HG,1/144
4573102582218,HG 1/144 デスアーミー,BANDAI SPIRITS,機動武闘伝Gガンダム,HG,1/144
,HG 1/144 デスティニーガンダム クリアカラーバージョン,BANDAI SPIRITS,機動戦士ガンダムSEED DESTINY,HG,1/144
4573102674289,HG 1/144 デスティニーガンダムSpecII＆ゼウスシルエット,BANDAI SPIRITS,機動戦士ガンダムSEED FREEDOM,HG,1/144
,HG 1/144 デスティニーガンダムSpecII［最終決戦イメージカラー］,BANDAI SPIRITS,機動戦士ガンダムSEED FREEDOM,HG,1/144
4543112340979,HG 1/144 デスティニーガンダム（ハイネ専用機）［クリアカラー］,BANDAI SPIRITS,機動戦士ガンダムSEED DESTINY,HG,1/144
,HG 1/144 デスティニーガンダム［クリアカラー］,BANDAI SPIRITS,機動戦士ガンダムSEED DESTINY,HG,1/144
4573102662972,HG 1/144 デストロイガンダム,BANDAI SPIRITS,,HG,1/144
,HG 1/144 デスビースト,BANDAI SPIRITS,機動武闘伝Gガンダム,HG,1/144
,HG 1/144 デスルター,BANDAI SPIRITS,機動戦士ガンダム 水星の魔女,HG,1/144
,HG 1/144 デミギャリソン,BANDAI SPIRITS,機動戦士ガンダム 水星の魔女,HG,1/144
4573102633576,HG 1/144 デミトレーナー,BANDAI SPIRITS,機動戦士ガンダム 水星の魔女,HG,1/144
4573102633576,HG 1/144 デミトレーナー用拡張パーツセット,BANDAI SPIRITS,機動戦士ガンダム 水星の魔女,HG,1/144
4573102633477,HG 1/144 デミトレーナー（チュチュ専用機）,BANDAI SPIRITS,機動戦士ガンダム 水星の魔女,HG,1/144
4573102653130,HG 1/144 デミバーディング,BANDAI SPIRITS,機動戦士ガンダム 水星の魔女,HG,1/144
4573102667007,HG 1/144 デュエルブリッツガンダム,BANDAI SPIRITS,機動戦士ガンダムSEED,HG,1/144
,HG 1/144 デルタガンダム弐号機,BANDAI SPIRITS,,HG,1/144
,HG 1/144 デルタザイン,BANDAI SPIRITS,機動戦士ガンダム：銀灰の幻影,HG,1/144
,HG 1/144 トライエイジガンダム,BANDAI SPIRITS,ガンダムビルドシリーズ,HG,1/144
,HG 1/144 トライエイジガンダム【特典付】,BANDAI SPIRITS,ガンダムビルドシリーズ,HG,1/144
,HG 1/144 トランザムライザー グロスインジェクションバージョン,BANDAI SPIRITS,機動戦士ガンダム00,HG,1/144
,HG 1/144 トーリスリッター,BANDAI SPIRITS,機動戦士ガンダム外伝,HG,1/144
,HG 1/144 ドアン専用ザク,BANDAI SPIRITS,機動戦士ガンダム THE ORIGIN,HG,1/144
4573102661456,HG 1/144 ドムトルーパー,BANDAI SPIRITS,機動戦士ガンダムSEED DESTINY,HG,1/144
4573102590251,HG 1/144 ドム試作実験機,BANDAI SPIRITS,機動戦士ガンダム,HG,1/144
4573102590329,HG 1/144 ドラゴンガンダム,BANDAI SPIRITS,機動武闘伝Gガンダム,HG,1/144
4543112739353,HG 1/144 ドラド,BANDAI SPIRITS,機動戦士ガンダムAGE,HG,1/144
4573102568144,HG 1/144 ドレッドノートガンダム,BANDAI SPIRITS,,HG,1/144
,HG 1/144 ド・ダイ改,BANDAI SPIRITS,機動戦士Zガンダム,HG,1/144
,HG 1/144 ドートレス,BANDAI SPIRITS,機動新世紀ガンダムX,HG,1/144
,HG 1/144 ナラティブガンダム A装備［クリアカラー］,BANDAI SPIRITS,機動戦士ガンダムNT,HG,1/144
,HG 1/144 ナラティブガンダム C装備［クリアカラー］,BANDAI SPIRITS,機動戦士ガンダムNT,HG,1/144
,HG 1/144 ナラティブガンダム C装備［覚醒イメージカラー］,BANDAI SPIRITS,機動戦士ガンダムNT,HG,1/144
,HG 1/144 ナラティブガンダム用 B装備拡張セット,BANDAI SPIRITS,機動戦士ガンダムNT,HG,1/144
,HG 1/144 ハイザック・カスタム（A.O.Z RE-BOOT版）,BANDAI SPIRITS,機動戦士Zガンダム,HG,1/144
4573102591432,HG 1/144 ハイペリオンガンダム,BANDAI SPIRITS,,HG,1/144
,HG 1/144 ハイングラ,BANDAI SPIRITS,機動戦士ガンダム 水星の魔女,HG,1/144
4573102651013,HG 1/144 ハインドリー,BANDAI SPIRITS,機動戦士ガンダム 水星の魔女,HG,1/144
4573102651129,HG 1/144 ハインドリーシュトルム,BANDAI SPIRITS,機動戦士ガンダム 水星の魔女,HG,1/144
4573102725608,HG 1/144 ハンブラビ（GQ）,BANDAI SPIRITS,機動戦士Gundam GQuuuuuuX,HG,1/144
,HG 1/144 バイアラン［クリアカラー］,BANDAI SPIRITS,機動戦士Zガンダム,HG,1/144
,HG 1/144 バウ GPBカラー&ザクI・スナイパータイプ GPBカラー,BANDAI SPIRITS,模型戦士ガンプラビルダーズ ビギニングG,HG,1/144
4573102588227,HG 1/144 バウンド・ドック（ゲーツ・キャパ専用機）,BANDAI SPIRITS,機動戦士ガンダムZZ,HG,1/144
4543112728210,HG 1/144 バクト,BANDAI SPIRITS,機動戦士ガンダムAGE,HG,1/144
,HG 1/144 バルギル,BANDAI SPIRITS,機動戦士ムーンガンダム,HG,1/144
,HG 1/144 バルバトス 第6形態 クリアカラーVer.,BANDAI SPIRITS,機動戦士ガンダム 鉄血のオルフェンズ,HG,1/144
,HG 1/144 バーザム レジオン鹵獲仕様（A.O.Z RE-BOOT版）,BANDAI SPIRITS,機動戦士Zガンダム,HG,1/144
,HG 1/144 バーザム（A.O.Z RE-BOOT版）,BANDAI SPIRITS,機動戦士Zガンダム,HG,1/144
,HG 1/144 バーザム［クリアカラー］,BANDAI SPIRITS,機動戦士Zガンダム,HG,1/144
4573102557506,HG 1/144 パーフェクトストライクガンダム,BANDAI SPIRITS,機動戦士ガンダムSEED,HG,1/144
4543112599278,HG 1/144 ヒリング・ケア専用 ガラッゾ,BANDAI SPIRITS,機動戦士ガンダム00,HG,1/144
4543112670731,HG 1/144 ビギニング30ガンダム,BANDAI SPIRITS,,HG,1/144
,HG 1/144 ビギニング30ガンダム GPB-Jカラー クリアIFS Ver.+アクションベース3 レッド,BANDAI SPIRITS,模型戦士ガンプラビルダーズ ビギニングG,HG,1/144
4543112728241,HG 1/144 ビギニングDガンダム,BANDAI SPIRITS,,HG,1/144
4543112728258,HG 1/144 ビギニングJガンダム,BANDAI SPIRITS,,HG,1/144
4543112652966,HG 1/144 ビギニングガンダム,BANDAI SPIRITS,模型戦士ガンプラビルダーズ ビギニングG,HG,1/144
,HG 1/144 ビルドアカツキガンダム（川口克己プロデュース）,BANDAI SPIRITS,ガンダムビルドシリーズ,HG,1/144
,HG 1/144 ビルドストライクガンダム ソリッドクリア,BANDAI SPIRITS,ガンダムビルドシリーズ,HG,1/144
,HG 1/144 ビルドストライクガンダム フルパッケージ プラフスキーパーティクルクリアVer.,BANDAI SPIRITS,ガンダムビルドシリーズ,HG,1/144
4573102635334,"HG 1/144 ビルドハンズ丸型[S,M,L]",BANDAI SPIRITS,ガンダムビルドシリーズ,HG,1/144
4573102635327,"HG 1/144 ビルドハンズ角型[S,M,L]",BANDAI SPIRITS,ガンダムビルドシリーズ,HG,1/144
,HG 1/144 ビルドバーニングガンダム ソリッドクリア,BANDAI SPIRITS,ガンダムビルドシリーズ,HG,1/144
,HG 1/144 ピクシー（フレッド・リーバー機）,BANDAI SPIRITS,機動戦士ガンダム外伝,HG,1/144
4573102628282,HG 1/144 ファルシア,BANDAI SPIRITS,機動戦士ガンダムAGE,HG,1/144
4573102553416,HG 1/144 ファントムガンダム,BANDAI SPIRITS,,HG,1/144
4543112667922,HG 1/144 フォーエバーガンダム,BANDAI SPIRITS,模型戦士ガンプラビルダーズ ビギニングG,HG,1/144
,HG 1/144 フォーエバーガンダム GPB-Dカラー ミシマ・サキ Ver.+アクションベース3 ブルー,BANDAI SPIRITS,模型戦士ガンプラビルダーズ ビギニングG,HG,1/144
4573102579164,HG 1/144 フォースインパルスガンダム,BANDAI SPIRITS,機動戦士ガンダムSEED DESTINY,HG,1/144
,HG 1/144 フォーンファルシア,BANDAI SPIRITS,機動戦士ガンダムAGE,HG,1/144
,HG 1/144 フリーダムガンダム パーティクルクリアVer.,BANDAI SPIRITS,機動戦士ガンダムSEED,HG,1/144
,HG 1/144 フリーダムガンダムvsフォースインパルスガンダム（運命の対決セット）[メタリック],BANDAI SPIRITS,機動戦士ガンダムSEED DESTINY,HG,1/144
,HG 1/144 フリーダムガンダム［ポラライズドクリア］,BANDAI SPIRITS,機動戦士ガンダムSEED,HG,1/144
4543112851642,HG 1/144 フルアーマーガンダム,BANDAI SPIRITS,機動戦士ガンダムMSV,HG,1/144
4543112851642,HG 1/144 フルアーマーガンダム（ガンダムサンダーボルト版）,BANDAI SPIRITS,機動戦士ガンダム サンダーボルト,HG,1/144
4573102631374,HG 1/144 フルアーマー・ガンダム（GUNDAM THUNDERBOLT版）,BANDAI SPIRITS,機動戦士ガンダム サンダーボルト,HG,1/144
,HG 1/144 フルドドII 拡張セット（ADVANCE OF Z ティターンズの旗のもとに）,BANDAI SPIRITS,機動戦士Zガンダム,HG,1/144
4573102674142,HG 1/144 ブラックナイトスコードカルラ,BANDAI SPIRITS,機動戦士ガンダムSEED FREEDOM,HG,1/144
4573102662958,HG 1/144 ブラックナイトスコードシヴァ,BANDAI SPIRITS,機動戦士ガンダムSEED FREEDOM,HG,1/144
,HG 1/144 ブラックナイトスコードルドラ リデラード機&ダニエル機&リュー機 セット,BANDAI SPIRITS,機動戦士ガンダムSEED FREEDOM,HG,1/144
4573102663054,HG 1/144 ブラックナイトスコードルドラ（グリフィン・アルバレスト専用機）,BANDAI SPIRITS,機動戦士ガンダムSEED FREEDOM,HG,1/144
,HG 1/144 ブラックライダー,BANDAI SPIRITS,機動戦士ガンダム外伝,HG,1/144
4543112459381,HG 1/144 ブルデュエルガンダム,BANDAI SPIRITS,機動戦士ガンダムSEED,HG,1/144
,HG 1/144 ブルーディスティニー2号機 オメガカラー,BANDAI SPIRITS,機動戦士ガンダム外伝 THE BLUE DESTINY,HG,1/144
,HG 1/144 ブルーディスティニー2号機“EXAM”［メタリックグロスインジェクション］,BANDAI SPIRITS,機動戦士ガンダム外伝 THE BLUE DESTINY,HG,1/144
,HG 1/144 ブルーディスティニー3号機“EXAM”［メタリックグロスインジェクション］,BANDAI SPIRITS,機動戦士ガンダム外伝 THE BLUE DESTINY,HG,1/144
4573102620279,HG 1/144 ブレイジングガンダム,BANDAI SPIRITS,機動戦士ガンダムSEED,HG,1/144
4543112506634,HG 1/144 ブレイズザクファントム（ディアッカ・エルスマン専用機）,BANDAI SPIRITS,機動戦士ガンダムSEED DESTINY,HG,1/144
4543112321336,HG 1/144 ブレイズザクファントム（レイ・ザ・バレル専用機）,BANDAI SPIRITS,機動戦士ガンダムSEED DESTINY,HG,1/144
4573102622204,HG 1/144 ブレイヴ一般用試験機,BANDAI SPIRITS,機動戦士ガンダム00,HG,1/144
4573102558794,HG 1/144 ブレイヴ指揮官用試験機,BANDAI SPIRITS,機動戦士ガンダム00,HG,1/144
4573102582935,HG 1/144 プチッガイ きゃらっがい サラ,BANDAI SPIRITS,ガンダムビルドシリーズ,HG,1/144
4549660257592,HG 1/144 プトレマイオスアームズ,BANDAI SPIRITS,ガンダムビルドダイバーズ,HG,1/144
4573102657213,HG 1/144 プルタインガンダム,BANDAI SPIRITS,,HG,1/144
,HG 1/144 プルーマ クリュセ侵攻セット,BANDAI SPIRITS,機動戦士ガンダム 鉄血のオルフェンズ,HG,1/144
4573102577337,HG 1/144 プロトタイプグフ（戦術実証機）,BANDAI SPIRITS,機動戦士ガンダム THE ORIGIN,HG,1/144
4543112249173,HG 1/144 プロヴィデンスガンダム,BANDAI SPIRITS,機動戦士ガンダムSEED,HG,1/144
,HG 1/144 ヘビーガンダム,BANDAI SPIRITS,,HG,1/144
,HG 1/144 ヘビーガンダム（ロールアウトカラー）,BANDAI SPIRITS,,HG,1/144
4573102554505,HG 1/144 ヘルムヴィーゲ・リンカー,BANDAI SPIRITS,機動戦士ガンダム 鉄血のオルフェンズ,HG,1/144
,HG 1/144 ベアッガイIII「セブン-イレブンカラー」,BANDAI SPIRITS,ガンダムビルドシリーズ,HG,1/144
4573102662880,HG 1/144 ベアッガイオハナ & アロハロ セット,BANDAI SPIRITS,ガンダムビルドシリーズ,HG,1/144
4573102621665,HG 1/144 ベギルベウ,BANDAI SPIRITS,機動戦士ガンダム 水星の魔女,HG,1/144
,HG 1/144 ベギルベウトルシュ（ケナンジ小隊所属機/リドリック小隊所属機）,BANDAI SPIRITS,機動戦士ガンダム 水星の魔女,HG,1/144
,HG 1/144 ベギルベウ［クリアカラー］,BANDAI SPIRITS,機動戦士ガンダム 水星の魔女,HG,1/144
4573102650160,HG 1/144 ベギルペンデ,BANDAI SPIRITS,機動戦士ガンダム 水星の魔女,HG,1/144
,HG 1/144 ペイルライダーDII（ティターンズ仕様）,BANDAI SPIRITS,機動戦士ガンダム外伝,HG,1/144
,HG 1/144 ペイルライダー・キャバルリー,BANDAI SPIRITS,機動戦士ガンダム外伝,HG,1/144
,HG 1/144 ペイルライダー（空間戦仕様）[クリアカラー],BANDAI SPIRITS,機動戦士ガンダム外伝,HG,1/144
,HG 1/144 ペーネロペー［クリアカラー］,BANDAI SPIRITS,機動戦士ガンダム 閃光のハサウェイ,HG,1/144
,HG 1/144 ペーネロペー［クリアカラー］初回生産限定パッケージ,BANDAI SPIRITS,機動戦士ガンダム 閃光のハサウェイ,HG,1/144
,HG 1/144 ホビー・ハイザック（A.O.Z RE-BOOT版）,BANDAI SPIRITS,機動戦士Zガンダム,HG,1/144
,HG 1/144 ホワイトライダー,BANDAI SPIRITS,ガンダムビルドシリーズ,HG,1/144
4573102674319,HG 1/144 ボリノーク･サマーン,BANDAI SPIRITS,機動戦士Zガンダム,HG,1/144
4573102663849,HG 1/144 マイティーストライクフリーダムガンダム,BANDAI SPIRITS,機動戦士ガンダムSEED FREEDOM,HG,1/144
,HG 1/144 マイティーストライクフリーダムガンダム［クリアカラー］,BANDAI SPIRITS,機動戦士ガンダムSEED FREEDOM,HG,1/144
,HG 1/144 マイティーストライクフリーダムガンダム［リサーキュレーションカラー/ネオンブルー］,BANDAI SPIRITS,機動戦士ガンダムSEED FREEDOM,HG,1/144
,HG 1/144 マイティーストライクフリーダムガンダム［リミテッドクリア］,BANDAI SPIRITS,機動戦士ガンダムSEED FREEDOM,HG,1/144
,HG 1/144 マグアナック36機セット,BANDAI SPIRITS,新機動戦記ガンダムW,HG,1/144
4573102575753,HG 1/144 マグアナック（アウダ機/アフマド機）,BANDAI SPIRITS,新機動戦記ガンダムW,HG,1/144
4573102575753,HG 1/144 マグアナック（ラシード機/アブドゥル機）,BANDAI SPIRITS,新機動戦記ガンダムW,HG,1/144
4543112614070,HG 1/144 マスラオ,BANDAI SPIRITS,機動戦士ガンダム00,HG,1/144
4543112964229,HG 1/144 マックナイフ（マスク専用機）,BANDAI SPIRITS,ガンダム Gのレコンギスタ,HG,1/144
4543112964229,HG 1/144 マックナイフ（量産機）,BANDAI SPIRITS,ガンダム Gのレコンギスタ,HG,1/144
,HG 1/144 マンダラガンダム,BANDAI SPIRITS,機動武闘伝Gガンダム,HG,1/144
4573102579782,HG 1/144 マンロディ,BANDAI SPIRITS,機動戦士ガンダム 鉄血のオルフェンズ,HG,1/144
4573102642523,HG 1/144 ミカエリス,BANDAI SPIRITS,機動戦士ガンダム 水星の魔女,HG,1/144
4543112568793,HG 1/144 ミスター・ブシドー専用アヘッド,BANDAI SPIRITS,機動戦士ガンダム00,HG,1/144
4573102642547,HG 1/144 ミラソウル社製フライトユニット装備,BANDAI SPIRITS,機動戦士ガンダム 水星の魔女,HG,1/144
4573102568090,HG 1/144 ミーティアユニット,BANDAI SPIRITS,機動戦士ガンダムSEEDシリーズ,HG,1/144
4573102568090,HG 1/144 ミーティアユニット+フリーダムガンダム,BANDAI SPIRITS,機動戦士ガンダムSEED,HG,1/144
4573102674135,HG 1/144 ムラサメ改,BANDAI SPIRITS,機動戦士ガンダムSEED DESTINY,HG,1/144
4543112395955,HG 1/144 ムラサメ（アンドリュー・バルトフェルド専用機）,BANDAI SPIRITS,機動戦士ガンダムSEED DESTINY,HG,1/144
,HG 1/144 ムーンガンダム［クリアカラー］,BANDAI SPIRITS,,HG,1/144
4543112267931,HG 1/144 メガ・バズーカ・ランチャー（コンロイ機用）,BANDAI SPIRITS,機動戦士ガンダムUC,HG,1/144
4573102595461,HG 1/144 メッサーF01型,BANDAI SPIRITS,機動戦士ガンダム 閃光のハサウェイ,HG,1/144
,HG 1/144 メッサーF01型［クリアカラー］,BANDAI SPIRITS,機動戦士ガンダム 閃光のハサウェイ,HG,1/144
,HG 1/144 メッサーF02型,BANDAI SPIRITS,機動戦士ガンダム 閃光のハサウェイ,HG,1/144
,HG 1/144 メッサーF02型 マインレイヤー装備,BANDAI SPIRITS,機動戦士ガンダム 閃光のハサウェイ,HG,1/144
,HG 1/144 メッサーF02型（指揮官機）,BANDAI SPIRITS,機動戦士ガンダム 閃光のハサウェイ,HG,1/144
4573102638366,HG 1/144 モビルアーマーハシュマル,BANDAI SPIRITS,機動戦士ガンダム 鉄血のオルフェンズ,HG,1/144
4543112531506,HG 1/144 モビルシグー（ジスト・エルウェス専用機）,BANDAI SPIRITS,機動戦士ガンダムSEED,HG,1/144
4573102568106,HG 1/144 モビルジン（ミゲル・アイマン専用機）,BANDAI SPIRITS,機動戦士ガンダムSEED,HG,1/144
4543112164186,HG 1/144 モビルバクゥ,BANDAI SPIRITS,機動戦士ガンダムSEED,HG,1/144
4573102607775,HG 1/144 モビルレギンレイズ（イオク機）,BANDAI SPIRITS,機動戦士ガンダム 鉄血のオルフェンズ,HG,1/144
4573102607775,HG 1/144 モビルレギンレイズ（ジュリエッタ機）,BANDAI SPIRITS,機動戦士ガンダム 鉄血のオルフェンズ,HG,1/144
4573102607775,HG 1/144 モビルレギンレイズ（一般機）,BANDAI SPIRITS,機動戦士ガンダム 鉄血のオルフェンズ,HG,1/144
4549660018773,HG 1/144 モビルワーカー MW-01 01式後期型（マッシュ機）,BANDAI SPIRITS,機動戦士ガンダム THE ORIGIN,HG,1/144
4549660018773,HG 1/144 モビルワーカー MW-01 01式後期型（ランバ・ラル機）,BANDAI SPIRITS,機動戦士ガンダム THE ORIGIN,HG,1/144
4573102691743,HG 1/144 モンキーロディ（598機）/モンキークラブロディ,BANDAI SPIRITS,機動戦士ガンダム 鉄血のオルフェンズ,HG,1/144
4543112932815,HG 1/144 モンテーロ（クリム・ニック専用機）,BANDAI SPIRITS,ガンダム Gのレコンギスタ,HG,1/144
4573102606389,HG 1/144 ユニオンフラッグ,BANDAI SPIRITS,機動戦士ガンダム00,HG,1/144
4573102587800,HG 1/144 ユニコーンガンダム2号機バンシィ（デストロイモード）Ver.NIKE SB,BANDAI SPIRITS,機動戦士ガンダムUC,HG,1/144
4573102553423,HG 1/144 ユニコーンガンダム3号機 フェネクス（デストロイモード）（ナラティブVer.）[クリアカラー],BANDAI SPIRITS,機動戦士ガンダムUC,HG,1/144
4573102592507,HG 1/144 ユニコーンガンダム3号機 フェネクス（ユニコーンモード）ゴールドコーティングVer.,BANDAI SPIRITS,機動戦士ガンダムUC,HG,1/144
4573102573995,HG 1/144 ユニコーンガンダム（デストロイモード）+ヘッドディスプレイベース 最終決戦Ver.,BANDAI SPIRITS,機動戦士ガンダムUC,HG,1/144
4573102573995,HG 1/144 ユニコーンガンダム（デストロイモード）Ver.NIKE SB,BANDAI SPIRITS,機動戦士ガンダムUC,HG,1/144
4573102638359,HG 1/144 ユーゴー,BANDAI SPIRITS,機動戦士ガンダム 鉄血のオルフェンズ,HG,1/144
,HG 1/144 ユーゴー ツインセット,BANDAI SPIRITS,機動戦士ガンダム 鉄血のオルフェンズ,HG,1/144
,HG 1/144 ユーラヴェンガンダム[ダイブイントゥディメンションクリア],BANDAI SPIRITS,ガンダムビルドシリーズ,HG,1/144
4573102662842,HG 1/144 ライジングフリーダムガンダム,BANDAI SPIRITS,機動戦士ガンダムSEED FREEDOM,HG,1/144
,HG 1/144 ライジングフリーダムガンダム ソリッドクリア,BANDAI SPIRITS,機動戦士ガンダムSEED FREEDOM,HG,1/144
,HG 1/144 ライジングフリーダムガンダム［リサーキュレーションカラー/ネオンイエロー］,BANDAI SPIRITS,機動戦士ガンダムSEED FREEDOM,HG,1/144
4573102671714,HG 1/144 ライトニングバスターガンダム,BANDAI SPIRITS,機動戦士ガンダムSEED,HG,1/144
,HG 1/144 ライトライナー,BANDAI SPIRITS,ガンダムビルドシリーズ,HG,1/144
4573102606556,HG 1/144 ラファエルガンダム,BANDAI SPIRITS,機動戦士ガンダム00,HG,1/144
,HG 1/144 ラファエルガンダム クリアカラーVer.,BANDAI SPIRITS,機動戦士ガンダム00,HG,1/144
4902425069487,HG 1/144 リゲルグ（ユニコーンVer.）,BANDAI SPIRITS,機動戦士ガンダムUC,HG,1/144
4573102692528,HG 1/144 リック・ディアス,BANDAI SPIRITS,機動戦士Zガンダム,HG,1/144
4573102692528,HG 1/144 リック・ディアス（クワトロ・バジーナ機）,BANDAI SPIRITS,機動戦士Zガンダム,HG,1/144
4573102688682,HG 1/144 リック・ドム ガイア機/オルテガ機（GQ）,BANDAI SPIRITS,機動戦士ガンダムSEED DESTINY,HG,1/144
4573102579348,HG 1/144 リボーンズガンダム,BANDAI SPIRITS,機動戦士ガンダム00,HG,1/144
4543112615664,HG 1/144 リボーンズガンダム（トランザムモード）グロスインジェクションVer.,BANDAI SPIRITS,機動戦士ガンダム00,HG,1/144
,HG 1/144 リーオー（フルウェポンセット）,BANDAI SPIRITS,新機動戦記ガンダムW,HG,1/144
4549660257585,HG 1/144 リーオー（宇宙仕様）,BANDAI SPIRITS,新機動戦記ガンダムW,HG,1/144
,HG 1/144 リーオー（飛行ユニット仕様）,BANDAI SPIRITS,新機動戦記ガンダムW,HG,1/144
,HG 1/144 リーベン・ヴォルフ（A.O.Z RE-BOOT版）,BANDAI SPIRITS,機動戦士Zガンダム,HG,1/144
4543112204608,HG 1/144 レイダーガンダム,BANDAI SPIRITS,機動戦士ガンダムSEED,HG,1/144
,HG 1/144 レオス,BANDAI SPIRITS,新機動戦記ガンダムW,HG,1/144
4543112531520,HG 1/144 レオン,BANDAI SPIRITS,新機動戦記ガンダムW,HG,1/144
,HG 1/144 レオール,BANDAI SPIRITS,新機動戦記ガンダムW,HG,1/144
4573102558978,HG 1/144 レギンレイズジュリア,BANDAI SPIRITS,機動戦士ガンダム 鉄血のオルフェンズ,HG,1/144
4573102720030,HG 1/144 レジェンドガンダム,BANDAI SPIRITS,機動戦士ガンダムSEED DESTINY,HG,1/144
4573102557186,HG 1/144 レジェンドガンダム（OLD）,BANDAI SPIRITS,機動戦士ガンダムSEED DESTINY,HG,1/144
,HG 1/144 レッドライダー,BANDAI SPIRITS,機動戦士ガンダム外伝,HG,1/144
4910124011188,HG 1/144 ロング・ライフル,BANDAI SPIRITS,ガンプラ周辺グッズ/オプション,HG,1/144
,HG 1/144 ロードアストレイΩ,BANDAI SPIRITS,機動戦士ガンダムSEED ASTRAY,HG,1/144
,HG 1/144 ヴァイエイト & メリクリウス,BANDAI SPIRITS,新機動戦記ガンダムW,HG,1/144
,HG 1/144 ヴァイエイト・シュイヴァン & メリクリウス・シュイヴァン,BANDAI SPIRITS,新機動戦記ガンダムW,HG,1/144
4543112450746,HG 1/144 ヴェルデバスターガンダム,BANDAI SPIRITS,機動戦士ガンダムSEED,HG,1/144
4543112943750,HG 1/144 宇宙用ジャハナム（クリム・ニック専用機）,BANDAI SPIRITS,ガンダム Gのレコンギスタ,HG,1/144
4543112948489,HG 1/144 宇宙用ジャハナム（量産機）,BANDAI SPIRITS,ガンダム Gのレコンギスタ,HG,1/144
4573102557254,HG 1/144 局地型ガンダム,BANDAI SPIRITS,機動戦士ガンダム THE ORIGIN,HG,1/144
4573102557254,HG 1/144 局地型ガンダム（ロールアウトカラー）,BANDAI SPIRITS,機動戦士ガンダム THE ORIGIN,HG,1/144
4573102591531,HG 1/144 局地型ガンダム（北米戦仕様）,BANDAI SPIRITS,機動戦士ガンダム THE ORIGIN,HG,1/144
,HG 1/144 戦国アストレイ頑駄無 プラフスキーパーティクルクリアVer.,BANDAI SPIRITS,ガンダムビルドシリーズ,HG,1/144
,HG 1/144 機動戦士ガンダム 水星の魔女 MS拡張パーツセット1,BANDAI SPIRITS,機動戦士ガンダム 水星の魔女,HG,1/144
,HG 1/144 水中型ガンダム,BANDAI SPIRITS,機動戦士ガンダム THE ORIGIN,HG,1/144
4573102603852,HG 1/144 流星号（グレイズ改弐）,BANDAI SPIRITS,機動戦士ガンダム 鉄血のオルフェンズ,HG,1/144
4573102603883,HG 1/144 漏影,BANDAI SPIRITS,機動戦士ガンダム 鉄血のオルフェンズ,HG,1/144
4573102691897,HG 1/144 白いガンダム,BANDAI SPIRITS,機動戦士Gundam GQuuuuuuX,HG,1/144
4573102592422,HG 1/144 百式（GPBカラー｢白式｣）,BANDAI SPIRITS,模型戦士ガンプラビルダーズ ビギニングG,HG,1/144
4573102638304,HG 1/144 百里,BANDAI SPIRITS,機動戦士ガンダム 鉄血のオルフェンズ,HG,1/144
4573102638311,HG 1/144 百錬,BANDAI SPIRITS,機動戦士ガンダム 鉄血のオルフェンズ,HG,1/144
4573102637963,HG 1/144 百錬（アミダ機）,BANDAI SPIRITS,機動戦士ガンダム 鉄血のオルフェンズ,HG,1/144
4573102657121,HG 1/144 神バーニングガンダム,BANDAI SPIRITS,,HG,1/144
,HG 1/144 緊急脱出ポッド[プリムローズ],BANDAI SPIRITS,機動武闘伝Gガンダム,HG,1/144
4573102685698,HG 1/144 赤いガンダム,BANDAI SPIRITS,機動戦士Gundam GQuuuuuuX,HG,1/144
,HG 1/144 赤い三巨星チームセット,BANDAI SPIRITS,,HG,1/144
4573102685667,HG 1/144 軍警ザク,BANDAI SPIRITS,機動戦士Gundam GQuuuuuuX,HG,1/144
4573102685933,HG 1/144 軽キャノン,BANDAI SPIRITS,機動戦士Gundam GQuuuuuuX,HG,1/144
4573102638373,HG 1/144 辟邪,BANDAI SPIRITS,機動戦士ガンダム 鉄血のオルフェンズ,HG,1/144
4573102685018,HG 1/144 量産型ザク+ビッグ・ガン（GUNDAM THUNDERBOLT版）,BANDAI SPIRITS,機動戦士ガンダム,HG,1/144
4543112836625,HG 1/144 量産型ザク+ビッグ・ガン（ガンダムサンダーボルト版）,BANDAI SPIRITS,機動戦士ガンダム サンダーボルト,HG,1/144
4543112865335,HG 1/144 量産型ザク（ガンダムサンダーボルト版）,BANDAI SPIRITS,機動戦士ガンダム サンダーボルト,HG,1/144
,HG 1/144 量産型リコ専用ザク,BANDAI SPIRITS,,HG,1/144
,HG 1/144 量産型ルカ専用ザク,BANDAI SPIRITS,,HG,1/144
,HG 1/144 鉄華団コンプリートセット,BANDAI SPIRITS,機動戦士ガンダム 鉄血のオルフェンズ,HG,1/144
4549660156413,HG 1/144 陸戦型ガンダムS型（GUNDAM THUNDERBOLT版）,BANDAI SPIRITS,機動戦士ガンダム 第08MS小隊,HG,1/144
4543112599452,HG 1/144 陸戦型ガンダム（パラシュート・パック仕様）,BANDAI SPIRITS,機動戦士ガンダム 第08MS小隊,HG,1/144
4543112599452,HG 1/144 陸戦型ガンダム（市街地戦仕様）,BANDAI SPIRITS,機動戦士ガンダム 第08MS小隊,HG,1/144
4573102557575,HG 1/144 陸戦型ジム（スレイヴ・レイス隊仕様）（パラシュート・パック仕様）,BANDAI SPIRITS,機動戦士ガンダム 第08MS小隊,HG,1/144
4543112851871,HG 1/144 高機動型ザク “サイコ・ザク”（ガンダムサンダーボルト版）,BANDAI SPIRITS,機動戦士ガンダム サンダーボルト,HG,1/144
,HG 1/144 高機動型ザク 地上用（ウォルド機）,BANDAI SPIRITS,機動戦士ガンダムMSV,HG,1/144
,HG 1/144 高機動型ザク 地上用（エグバ機）,BANDAI SPIRITS,機動戦士ガンダムMSV,HG,1/144
,HG 1/144 高機動型ザク 地上用（サンホ機）,BANDAI SPIRITS,機動戦士ガンダムMSV,HG,1/144
,HG 1/144 高機動型ザク 地上用（セルマ機）,BANDAI SPIRITS,機動戦士ガンダムMSV,HG,1/144
,HG 1/144 高機動型ザク 地上用（ダナン機）,BANDAI SPIRITS,機動戦士ガンダムMSV,HG,1/144
4573102577344,HG 1/144 高機動型ザクII（オルテガ専用機）,BANDAI SPIRITS,機動戦士ガンダム THE ORIGIN,HG,1/144
4573102577320,HG 1/144 高機動型ザクII（ガイア/マッシュ専用機）,BANDAI SPIRITS,機動戦士ガンダム THE ORIGIN,HG,1/144
4573102631381,HG 1/144 高機動型ザク“サイコ・ザク”（GUNDAM THUNDERBOLT版）,BANDAI SPIRITS,機動戦士ガンダム サンダーボルト,HG,1/144
4543112594501,HG RX-78-2 ガンダム Ver.G30th「セブン-イレブンカラー」,BANDAI SPIRITS,機動戦士ガンダム,HG,
,HG RX-78-2ガンダムVer.G30th プレミアムゴールドVer.,BANDAI SPIRITS,機動戦士ガンダム,HG,
,HG ガンダムTR-1［ヘイズル改］イカロス・ユニット装備（ADVANCE OF Z ティターンズの旗のもとに）,BANDAI SPIRITS,機動戦士Zガンダム,HG,
,HG ガンダムベース限定 TOLRO-800 -トロハチ-,BANDAI SPIRITS,機動戦士ガンダム00,HG,
,HG ガンダムベース限定 ドラケンE,BANDAI SPIRITS,,HG,
,HG ガンダムベース限定 メッド,BANDAI SPIRITS,,HG,
,HG ガンダムベース限定 モビルドールメイ[ガンダムベースカラー],BANDAI SPIRITS,ガンダムビルドシリーズ,HG,
4543112506641,HG グフイグナイテッド（イザーク・ジュール専用機）,BANDAI SPIRITS,機動戦士ガンダムSEED DESTINY,HG,
4543112382566,HG グフイグナイテッド（量産機）,BANDAI SPIRITS,機動戦士ガンダムSEED DESTINY,HG,
4543112340986,HG ジンハイマニューバ2型,BANDAI SPIRITS,機動戦士ガンダムSEED,HG,
,HG ダブルオークアンタ対応 GNソードⅣフルセイバーデザイナーズマーキングシール,BANDAI SPIRITS,機動戦士ガンダム00,HG,
4549660303626,HG マシンライダー,BANDAI SPIRITS,ガンダムビルドシリーズ,HG,
4543112419095,HG ムラサメ（量産機）,BANDAI SPIRITS,機動戦士ガンダムSEED DESTINY,HG,
4543112077196,HG メカニクス 1/550 AMX-002 ノイエ・ジール,BANDAI SPIRITS,機動戦士ガンダム0083 STARDUST MEMORY,HG,1/550
4543112039088,HG メカニクス 1/550 RX-78GP03 デンドロビウム,BANDAI SPIRITS,機動戦士ガンダム0083 STARDUST MEMORY,HG,1/550
4543112118998,HG メカニクス 1/550 ヴァル・ヴァロ,BANDAI SPIRITS,機動戦士ガンダム0083 STARDUST MEMORY,HG,1/550
4573102588913,HGAC 1/144 ウイングガンダム,BANDAI SPIRITS,新機動戦記ガンダムW,HG,1/144
4573102588913,HGAC 1/144 ウイングガンダムゼロ,BANDAI SPIRITS,新機動戦記ガンダムW,HG,1/144
,HGAC 1/144 ウイングガンダムゼロ ソリッドクリア,BANDAI SPIRITS,新機動戦記ガンダムW,HG,1/144
4573102578440,HGAC 1/144 ガンダムサンドロック,BANDAI SPIRITS,新機動戦記ガンダムW,HG,1/144
4573102616548,HGAC 1/144 ガンダムデスサイズ,BANDAI SPIRITS,新機動戦記ガンダムW,HG,1/144
4573102648716,HGAW 1/144 ガンダムX,BANDAI SPIRITS,機動新世紀ガンダムX,HG,1/144
4573102641168,HGAW 1/144 ガンダムXディバイダー,BANDAI SPIRITS,機動新世紀ガンダムX,HG,1/144
4573102635235,HGAW 1/144 ガンダムエアマスター,BANDAI SPIRITS,機動新世紀ガンダムX,HG,1/144
4573102591661,HGAW 1/144 ガンダムダブルエックス,BANDAI SPIRITS,機動新世紀ガンダムX,HG,1/144
4573102557063,HGBD 1/144 GBN-ベースガンダム,BANDAI SPIRITS,ガンダムビルドシリーズ,HG,1/144
4573102553362,HGBD 1/144 インパルスガンダムアルク,BANDAI SPIRITS,機動戦士ガンダムSEED DESTINY,HG,1/144
4573102553379,HGBD 1/144 インパルスガンダムランシエ,BANDAI SPIRITS,機動戦士ガンダムSEED DESTINY,HG,1/144
4573102592378,HGBD 1/144 ガンダムAGEIIマグナム,BANDAI SPIRITS,ガンダムビルドシリーズ,HG,1/144
4573102555854,HGBD 1/144 ガンダムAGEIIマグナムSVver.,BANDAI SPIRITS,ガンダムビルドシリーズ,HG,1/144
4549660304524,HGBD 1/144 ガンダムアストレイノーネイム,BANDAI SPIRITS,機動戦士ガンダムSEED ASTRAY,HG,1/144
4573102555762,HGBD 1/144 ガンダムシャイニングブレイク,BANDAI SPIRITS,ガンダムビルドシリーズ,HG,1/144
4549660303565,HGBD 1/144 ガンダムジーエンアルトロン,BANDAI SPIRITS,ガンダムビルドシリーズ,HG,1/144
4573102595676,HGBD 1/144 ガンダムダブルオースカイ,BANDAI SPIRITS,機動戦士ガンダム00,HG,1/144
4573102553591,HGBD 1/144 ガンダムダブルオースカイHWS（トランザムインフィニティモード）,BANDAI SPIRITS,機動戦士ガンダム00,HG,1/144
4549660308362,HGBD 1/144 ガンダムダブルオースカイ（ハイヤーザンスカイフェイズ）,BANDAI SPIRITS,機動戦士ガンダム00,HG,1/144
,HGBD 1/144 ガンダムダブルオースカイ［ダイブイントゥディメンションクリア］,BANDAI SPIRITS,機動戦士ガンダム00,HG,1/144
4573102672186,HGBD 1/144 ガンダムダブルオーダイバー,BANDAI SPIRITS,ガンダムビルドシリーズ,HG,1/144
4573102595669,HGBD 1/144 ガンダムダブルオーダイバーエース,BANDAI SPIRITS,ガンダムビルドシリーズ,HG,1/144
,HGBD 1/144 ガンダムベース限定 ガンダムダブルオーダイバー[トランザムクリア],BANDAI SPIRITS,ガンダムビルドシリーズ,HG,1/144
4573102553416,HGBD 1/144 ガンダムラヴファントム,BANDAI SPIRITS,ガンダムビルドシリーズ,HG,1/144
4549660257493,HGBD 1/144 セラヴィーガンダムシェヘラザード,BANDAI SPIRITS,機動戦士ガンダム00,HG,1/144
,HGBD 1/144 ビルドガンマガンダム,BANDAI SPIRITS,ガンダムビルドシリーズ,HG,1/144
4573102582201,HGBD:R 1/144 ν-ジオンガンダム,BANDAI SPIRITS,ガンダムビルドシリーズ,HG,1/144
4573102595423,HGBD:R 1/144 アルスアースリィガンダム,BANDAI SPIRITS,ガンダムビルドシリーズ,HG,1/144
4573102582027,HGBD:R 1/144 アースリィガンダム,BANDAI SPIRITS,ガンダムビルドシリーズ,HG,1/144
4573102589279,HGBD:R 1/144 ガンダム G-エルス,BANDAI SPIRITS,ガンダムビルドシリーズ,HG,1/144
4573102592248,HGBD:R 1/144 ガンダムGP-羅刹天,BANDAI SPIRITS,ガンダムビルドシリーズ,HG,1/144
4573102602442,HGBD:R 1/144 ガンダムTRYAGEマグナム,BANDAI SPIRITS,ガンダムビルドシリーズ,HG,1/144
4573102604224,HGBD:R 1/144 ガンダムアニマリゼ,BANDAI SPIRITS,ガンダムビルドシリーズ,HG,1/144
4573102595430,HGBD:R 1/144 ガンダムイージスナイト,BANDAI SPIRITS,ガンダムビルドシリーズ,HG,1/144
4573102582034,HGBD:R 1/144 ガンダムジャスティスナイト,BANDAI SPIRITS,ガンダムビルドシリーズ,HG,1/144
4573102583055,HGBD:R 1/144 ガンダムゼルトザーム,BANDAI SPIRITS,ガンダムビルドシリーズ,HG,1/144
4573102607584,HGBD:R 1/144 ガンダムダブルオースカイメビウス,BANDAI SPIRITS,機動戦士ガンダム00,HG,1/144
4573102589187,HGBD:R 1/144 ガンダムテルティウム,BANDAI SPIRITS,ガンダムビルドシリーズ,HG,1/144
4573102612489,HGBD:R 1/144 コアガンダムII（G-3カラー）,BANDAI SPIRITS,ガンダムビルドシリーズ,HG,1/144
4573102612496,HGBD:R 1/144 コアガンダムII（ティターンズカラー）,BANDAI SPIRITS,ガンダムビルドシリーズ,HG,1/144
4573102583000,HGBD:R 1/144 コアガンダム（G-3カラー）&ヴィートルーユニット,BANDAI SPIRITS,ガンダムビルドシリーズ,HG,1/144
4573102583017,HGBD:R 1/144 コアガンダム（リアルタイプカラー）&マーズフォーユニット,BANDAI SPIRITS,ガンダムビルドシリーズ,HG,1/144
4573102590022,HGBD:R 1/144 ジュピターヴガンダム,BANDAI SPIRITS,ガンダムビルドシリーズ,HG,1/144
4573102592231,HGBD:R 1/144 ユーラヴェンガンダム,BANDAI SPIRITS,ガンダムビルドシリーズ,HG,1/144
4573102607447,HGBD:R 1/144 リライジングガンダム,BANDAI SPIRITS,機動戦士ガンダムSEED,HG,1/144
,HGBF 1/144 A-Zガンダム,BANDAI SPIRITS,ガンダムビルドシリーズ,HG,1/144
,HGBF 1/144 Hi-νガンダムインフラックス,BANDAI SPIRITS,ガンダムビルドシリーズ,HG,1/144
4573102554383,HGBF 1/144 Hi-νガンダムヴレイブ,BANDAI SPIRITS,ガンダムビルドシリーズ,HG,1/144
4573102554451,HGBF 1/144 アメイジングストライクフリーダムガンダム,BANDAI SPIRITS,ガンダムビルドシリーズ,HG,1/144
4573102554406,HGBF 1/144 ウイングガンダムゼロ炎,BANDAI SPIRITS,ガンダムビルドシリーズ,HG,1/144
4573102587886,HGBF 1/144 ウイングガンダムフェニーチェ,BANDAI SPIRITS,ガンダムビルドシリーズ,HG,1/144
,HGBF 1/144 カテドラルガンダム,BANDAI SPIRITS,ガンダムビルドシリーズ,HG,1/144
4573102577214,HGBF 1/144 カミキバーニングガンダム,BANDAI SPIRITS,ガンダムビルドシリーズ,HG,1/144
,HGBF 1/144 カミキバーニングガンダム［プラフスキーパーティクルクリア］,BANDAI SPIRITS,ガンダムビルドシリーズ,HG,1/144
4573102554345,HGBF 1/144 ガンダムEz-SR,BANDAI SPIRITS,ガンダムビルドシリーズ,HG,1/144
,HGBF 1/144 ガンダムM91,BANDAI SPIRITS,ガンダムビルドシリーズ,HG,1/144
,HGBF 1/144 ガンダムX十魔王,BANDAI SPIRITS,ガンダムビルドシリーズ,HG,1/144
4573102587862,HGBF 1/144 ガンダムX魔王,BANDAI SPIRITS,ガンダムビルドシリーズ,HG,1/144
4573102603722,HGBF 1/144 ガンダムアメイジングエクシア,BANDAI SPIRITS,ガンダムビルドシリーズ,HG,1/144
4543112948724,HGBF 1/144 ガンダムアメイジングレッドウォーリア,BANDAI SPIRITS,ガンダムビルドシリーズ,HG,1/144
4573102587916,HGBF 1/144 ガンダムエクシアダークマター,BANDAI SPIRITS,機動戦士ガンダム00,HG,1/144
4573102582522,HGBF 1/144 ガンダムシュバルツリッター,BANDAI SPIRITS,ガンダムビルドシリーズ,HG,1/144
4543112967039,HGBF 1/144 ガンダムジエンド,BANDAI SPIRITS,ガンダムビルドシリーズ,HG,1/144
4573102595645,HGBF 1/144 ガンダムダブルオーシアクアンタ,BANDAI SPIRITS,機動戦士ガンダム00,HG,1/144
4573102587978,HGBF 1/144 ガンダムトライオン3,BANDAI SPIRITS,ガンダムビルドシリーズ,HG,1/144
,HGBF 1/144 ガンダムドライオンIII（ドライ）,BANDAI SPIRITS,ガンダムビルドシリーズ,HG,1/144
4573102595638,HGBF 1/144 ガンダムフェニーチェリナーシタ,BANDAI SPIRITS,ガンダムビルドシリーズ,HG,1/144
,HGBF 1/144 ガンダムフェニーチェリベルタ,BANDAI SPIRITS,ガンダムビルドシリーズ,HG,1/144
4543112959591,HGBF 1/144 ガンダムポータント,BANDAI SPIRITS,ガンダムビルドシリーズ,HG,1/144
4573102612168,HGBF 1/144 ガンダムライトニングブラックウォーリア,BANDAI SPIRITS,ガンダムビルドシリーズ,HG,1/144
4543112967183,HGBF 1/144 ガンダムレオパルド・ダ・ヴィンチ,BANDAI SPIRITS,ガンダムビルドシリーズ,HG,1/144
4543112895103,HGBF 1/144 クロスボーンガンダム魔王,BANDAI SPIRITS,ガンダムビルドシリーズ,HG,1/144
4573102577207,HGBF 1/144 クロスボーン・ガンダムX1フルクロス TYPE.GBFT,BANDAI SPIRITS,ガンダムビルドシリーズ,HG,1/144
4573102582539,HGBF 1/144 ケルディムガンダムサーガ TYPE.GBF,BANDAI SPIRITS,機動戦士ガンダム00,HG,1/144
4549660076056,HGBF 1/144 スクランブルガンダム,BANDAI SPIRITS,ガンダムビルドシリーズ,HG,1/144
4573102588029,HGBF 1/144 スターバーニングガンダム,BANDAI SPIRITS,ガンダムビルドシリーズ,HG,1/144
,HGBF 1/144 スタービルドストライクガンダム Ver.RGシステム,BANDAI SPIRITS,ガンダムビルドシリーズ,HG,1/144
4573102587893,HGBF 1/144 スタービルドストライクガンダム プラフスキーウイング,BANDAI SPIRITS,ガンダムビルドシリーズ,HG,1/144
,HGBF 1/144 ターンエーガンダムシン,BANDAI SPIRITS,ガンダムビルドシリーズ,HG,1/144
4573102587961,HGBF 1/144 ディナイアルガンダム,BANDAI SPIRITS,ガンダムビルドシリーズ,HG,1/144
4573102554376,HGBF 1/144 トライバーニングガンダム,BANDAI SPIRITS,ガンダムビルドシリーズ,HG,1/144
,HGBF 1/144 トライバーニングガンダム PPクリアVer.,BANDAI SPIRITS,ガンダムビルドシリーズ,HG,1/144
4573102554413,HGBF 1/144 トランジェントガンダム,BANDAI SPIRITS,ガンダムビルドシリーズ,HG,1/144
4573102554437,HGBF 1/144 トランジェントガンダムグレイシャー,BANDAI SPIRITS,ガンダムビルドシリーズ,HG,1/144
,HGBF 1/144 トールストライクガンダムグリッター,BANDAI SPIRITS,機動戦士ガンダムSEED,HG,1/144
4543112851475,HGBF 1/144 ビルドガンダムMK-II,BANDAI SPIRITS,ガンダムビルドシリーズ,HG,1/144
4573102577184,HGBF 1/144 ビルドストライクガンダム フルパッケージ,BANDAI SPIRITS,ガンダムビルドシリーズ,HG,1/144
4573102603739,HGBF 1/144 ビルドバーニングガンダム,BANDAI SPIRITS,ガンダムビルドシリーズ,HG,1/144
4573102579430,HGBF 1/144 ライトニングZガンダム,BANDAI SPIRITS,ガンダムビルドシリーズ,HG,1/144
,HGBF 1/144 ライトニングZガンダム アスプロス,BANDAI SPIRITS,ガンダムビルドシリーズ,HG,1/144
4573102554338,HGBF 1/144 ライトニングガンダム,BANDAI SPIRITS,ガンダムビルドシリーズ,HG,1/144
4573102588968,HGBF 1/144 リバーシブルガンダム,BANDAI SPIRITS,ガンダムビルドシリーズ,HG,1/144
4573102554444,HGBF 1/144 ルナゲイザーガンダム,BANDAI SPIRITS,ガンダムビルドシリーズ,HG,1/144
4573102588005,HGBF 1/144 忍パルスガンダム,BANDAI SPIRITS,ガンダムビルドシリーズ,HG,1/144
,HGCC 1/144 WD-M01 ターンエーガンダム,BANDAI SPIRITS,∀ガンダム,HG,1/144
,HGCC 1/144 ターンエーガンダム用 拡張エフェクトユニット“月光蝶”,BANDAI SPIRITS,∀ガンダム,HG,1/144
4573102582652,HGFC 1/144 ゴッドガンダム,BANDAI SPIRITS,機動武闘伝Gガンダム,HG,1/144
,HGFC 1/144 ゴッドガンダム VS マスターガンダム 流派東方不敗ハイパーモードセット,BANDAI SPIRITS,機動武闘伝Gガンダム,HG,1/144
4573102577467,HGFC 1/144 シャイニングガンダム,BANDAI SPIRITS,機動武闘伝Gガンダム,HG,1/144
4573102557209,HGFC 1/144 ノーベルガンダム,BANDAI SPIRITS,機動武闘伝Gガンダム,HG,1/144
4573102574015,HGFC 1/144 ノーベルガンダム（バーサーカーモード）,BANDAI SPIRITS,機動武闘伝Gガンダム,HG,1/144
4573102577474,HGFC 1/144 マスターガンダム&風雲再起,BANDAI SPIRITS,機動武闘伝Gガンダム,HG,1/144
,RG 1/144 νガンダム［クリアカラー］初回生産限定パッケージ,BANDAI SPIRITS,機動戦士ガンダム 逆襲のシャア,HG,1/144
4573102591425,RG 1/144 ストライクルージュ+HG 1/144 I.W.S.P.,BANDAI SPIRITS,機動戦士ガンダムSEED,HG,1/144
,Realistic Model Series 1/144スケール HGシリーズ用 機動戦士ガンダム00 [ダブルオー] プトレマイオス コンテナ（RENEWAL EDITION）,BANDAI SPIRITS,機動戦士ガンダム00,HG,1/144
,Realistic Model Series 機動戦士Zガンダム 1/144 HG用 アーガマ カタパルトデッキ（40th Anniversary Edition）,BANDAI SPIRITS,機動戦士ガンダムZZ,HG,1/144
,Realistic Model Series 機動戦士ガンダムSEED 1/144 HGシリーズ用 アークエンジェルカタパルトデッキ,BANDAI SPIRITS,機動戦士ガンダムSEED,HG,1/144
,Realistic Model Series 機動戦士ガンダムSEED（1/144HGシリーズ用）Gストラクチャー【GS04M】アークエンジェル艦橋（マテリアルカラーエディション）,BANDAI SPIRITS,機動戦士ガンダムSEED,HG,1/144
,Realistic Model Series 機動戦士ガンダムSEED（1/144HGシリーズ用）Gストラクチャー【GS04】アークエンジェル艦橋,BANDAI SPIRITS,機動戦士ガンダムSEED,HG,1/144
,Realistic Model Series 機動戦士ガンダムSEED（1/144HGシリーズ用）Gストラクチャー【GS05】アークエンジェル格納庫,BANDAI SPIRITS,機動戦士ガンダムSEED,HG,1/144
,Realistic Model Series 機動戦士ガンダムSEED（1/144HGシリーズ用）アークエンジェルカタパルトデッキ,BANDAI SPIRITS,機動戦士ガンダムSEED,HG,1/144
,Realistic Model Series 機動戦士ガンダムΖΖ（1/144 HGシリーズ用 ）ネェル・アーガマカタパルトデッキ,BANDAI SPIRITS,機動戦士ガンダム,HG,1/144
,Realistic Model Series 機動戦士ガンダム（1/144HGシリーズ用）Gストラクチャー【GS01】ジャブローに散る!,BANDAI SPIRITS,機動戦士ガンダム,HG,1/144
,Realistic Model Series 機動戦士ガンダム（1/144HGシリーズ用）Gストラクチャー【GS01】ジャブローに散る!（マテリアルカラーエディション）,BANDAI SPIRITS,機動戦士ガンダム,HG,1/144
,Realistic Model Series 機動戦士ガンダム（1/144HGシリーズ用）Gストラクチャー【GS02】ニューヤーク市廃墟（マテリアルカラーエディション）,BANDAI SPIRITS,機動戦士ガンダム,HG,1/144
4535123839566,Realistic Model Series 機動戦士ガンダム（1/144HGシリーズ用）ホワイトベース カタパルトデッキ ANIME EDITION,BANDAI SPIRITS,機動戦士ガンダム,HG,1/144
4573102575128,ガンダムデカール No.105 HG 1/144 機動戦士ガンダム THE ORIGIN汎用1,BANDAI SPIRITS,機動戦士ガンダム THE ORIGIN,HG,1/144
,ガンダムデカール No.110 HG 1/144 機動戦士ガンダムMSV汎用1,BANDAI SPIRITS,機動戦士ガンダムMSV,HG,1/144
,ガンダムデカール No.113 HG 1/144 機動戦士ガンダム THE ORIGIN汎用2,BANDAI SPIRITS,機動戦士ガンダム THE ORIGIN,HG,1/144
,ガンダムデカール No.119 HG 1/144 機動戦士ガンダム THE ORIGIN汎用3,BANDAI SPIRITS,機動戦士ガンダム THE ORIGIN,HG,1/144
4573102619860,ガンダムデカール No.122 HG 1/144 機動戦士ガンダム 閃光のハサウェイ汎用1,BANDAI SPIRITS,機動戦士ガンダム 閃光のハサウェイ,HG,1/144
4573102621603,ガンダムデカール No.127 HG 1/144 劇場版 機動戦士ガンダム00汎用1,BANDAI SPIRITS,機動戦士ガンダム00,HG,1/144
,ガンダムデカール No.128 HG 1/144 劇場版 機動戦士ガンダム00汎用2,BANDAI SPIRITS,機動戦士ガンダム00,HG,1/144
4573102621627,ガンダムデカール No.129 HG 1/144 ナイチンゲール用,BANDAI SPIRITS,機動戦士ガンダム 逆襲のシャア,HG,1/144
4573102574893,ガンダムデカール No.28 1/144 HG ジオン軍MS用1,BANDAI SPIRITS,ガンプラ周辺グッズ/オプション,HG,1/144
4573102574978,ガンダムデカール No.29 1/144 HG ジオン軍MS用2,BANDAI SPIRITS,ガンプラ周辺グッズ/オプション,HG,1/144
4573102611390,ガンダムデカール No.30 1/144 UC 地球連邦軍MS用1,BANDAI SPIRITS,機動戦士ガンダムUC,HG,1/144
,ガンダムデカール No.35 HG 1/144 アドバンス オブ ゼータ シリーズ用,BANDAI SPIRITS,機動戦士Zガンダム,HG,1/144
,ガンダムデカール No.37 HG 1/144 地球連邦軍MS2,BANDAI SPIRITS,ガンプラ周辺グッズ/オプション,HG,1/144
4573102611406,ガンダムデカール No.38 HG 1/144 ジオン軍MS用3,BANDAI SPIRITS,ガンプラ周辺グッズ/オプション,HG,1/144
4573102611413,ガンダムデカール No.39 HG 1/144 ジオン軍MS用4,BANDAI SPIRITS,ガンプラ周辺グッズ/オプション,HG,1/144
,ガンダムデカール No.42 HG 1/144 機動戦士ガンダムSEEDシリーズ用,BANDAI SPIRITS,機動戦士ガンダムSEED,HG,1/144
4573102650863,ガンダムデカール No.47 HG 1/144 機動戦士ガンダムOO用2,BANDAI SPIRITS,ガンプラ周辺グッズ/オプション,HG,1/144
,ガンダムデカール No.71 HG 1/144 機動戦士ガンダム 逆襲のシャア 地球連邦軍MS用,BANDAI SPIRITS,機動戦士ガンダム 逆襲のシャア,HG,1/144
,ガンダムデカール No.72 HG 1/144 機動戦士ガンダム 逆襲のシャア ネオ・ジオン軍MS用,BANDAI SPIRITS,機動戦士ガンダム 逆襲のシャア,HG,1/144
4573102575142,ガンダムデカール No.76 HG 1/144 ユニコーンガンダム用,BANDAI SPIRITS,機動戦士ガンダムUC,HG,1/144
,ガンダムデカール No.79 HG 1/144 ザクII F2型用,BANDAI SPIRITS,機動戦士ガンダム0083 STARDUST MEMORY,HG,1/144
4543112667991,ガンダムデカール No.85 HG 1/144 シナンジュ用,BANDAI SPIRITS,機動戦士ガンダムUC,HG,1/144
4543112668004,ガンダムデカール No.86 HG 1/144 ダブルオークアンタ用,BANDAI SPIRITS,機動戦士ガンダム00,HG,1/144
,ガンダムデカール ガンダムベース限定 HG 1/144 ユニバーサルセンチュリーエンブレムセット 1,BANDAI SPIRITS,ガンプラ周辺グッズ/オプション,HG,1/144
,ガンダムベース限定 HG 1/144 アザーセンチュリーズエンブレムセット1,BANDAI SPIRITS,,HG,1/144
,ガンダムベース限定 ベストメカコレクション 1/144 RX-78-2 ガンダム（REVIVAL Ver.）［ガンダムベースカラー］,BANDAI SPIRITS,機動戦士ガンダム,HG,1/144
4573102575159,ガンダリウム合金モデル 1/144 RX-78-2 ガンダム,BANDAI SPIRITS,機動戦士ガンダム,HG,1/144
,ソフビ 1/144 ダミーバルーン（νガンダム搭載型）,BANDAI SPIRITS,機動戦士ガンダム 逆襲のシャア,HG,1/144
4549660111924,ビルダーズパーツHD 1/144 MSハンド01（連邦系）ガンダムホワイト,BANDAI SPIRITS,ガンプラ周辺グッズ/オプション,HG,1/144
4573102674111,ベストメカコレクション 1/144 RX-78-2 ガンダム（REVIVAL Ver.）,BANDAI SPIRITS,機動戦士ガンダム,HG,1/144
,ベストメカコレクション 1/144 RX-78-3 G-3ガンダム,BANDAI SPIRITS,機動戦士ガンダム,HG,1/144
,劇場版公開記念パッケージ HG 1/144 デスティニーガンダムSpecII［クリアカラー］,BANDAI SPIRITS,機動戦士ガンダムSEED FREEDOM,HG,1/144
,劇場版公開記念パッケージ HG 1/144 ライジングフリーダムガンダム［クリアカラー］,BANDAI SPIRITS,機動戦士ガンダムSEED FREEDOM,HG,1/144
4573102589309,HGCE 1/144 インフィニットジャスティスガンダム,BANDAI SPIRITS,機動戦士ガンダムSEED DESTINY,HGCE,1/144
4573102587794,HGCE 1/144 エールストライクガンダム,BANDAI SPIRITS,機動戦士ガンダムSEED,HGCE,1/144
4573102556103,HGCE 1/144 ストライクフリーダムガンダム,BANDAI SPIRITS,機動戦士ガンダムSEED DESTINY,HGCE,1/144
,HGCE 1/144 ストライクフリーダムガンダム 光の翼DXエディション,BANDAI SPIRITS,機動戦士ガンダムSEED DESTINY,HGCE,1/144
4573102591678,HGCE 1/144 ストライクルージュ,BANDAI SPIRITS,機動戦士ガンダムSEED,HGCE,1/144
,HGCE 1/144 ソードインパルスガンダム,BANDAI SPIRITS,機動戦士ガンダムSEED DESTINY,HGCE,1/144
4573102615466,HGCE 1/144 ダガーL,BANDAI SPIRITS,機動戦士ガンダムSEED,HGCE,1/144
4573102577931,HGCE 1/144 デスティニーガンダム,BANDAI SPIRITS,機動戦士ガンダムSEED DESTINY,HGCE,1/144
4573102577931,HGCE 1/144 デスティニーガンダム（ハイネ専用機）,BANDAI SPIRITS,機動戦士ガンダムSEED DESTINY,HGCE,1/144
4573102592415,HGCE 1/144 フォースインパルスガンダム,BANDAI SPIRITS,機動戦士ガンダムSEED DESTINY,HGCE,1/144
4573102662842,HGCE 1/144 フリーダムガンダム,BANDAI SPIRITS,機動戦士ガンダムSEED,HGCE,1/144
,HGCE 1/144 フリーダムガンダム カスタムキット,BANDAI SPIRITS,機動戦士ガンダムSEED,HGCE,1/144
,HGCE 1/144 フリーダムガンダム「ゴールドインジェクションカラー」,BANDAI SPIRITS,機動戦士ガンダムSEED,HGCE,1/144
,HGCE 1/144 ブラストインパルスガンダム,BANDAI SPIRITS,機動戦士ガンダムSEED DESTINY,HGCE,1/144
,1999年10月 (1999),BANDAI SPIRITS,Universal Century,HGUC,1/144
,1999年11月,BANDAI SPIRITS,Universal Century,HGUC,1/144
,1999年7月 (1999),BANDAI SPIRITS,Universal Century,HGUC,1/144
,1999年8月,BANDAI SPIRITS,Universal Century,HGUC,1/144
,1999年9月,BANDAI SPIRITS,Universal Century,HGUC,1/144
,2000年10月,BANDAI SPIRITS,Universal Century,HGUC,1/144
,2000年11月 (2000),BANDAI SPIRITS,Universal Century,HGUC,1/144
,2000年12月 (2000),BANDAI SPIRITS,Universal Century,HGUC,1/144
,2000年1月 (2000),BANDAI SPIRITS,Universal Century,HGUC,1/144
,2000年3月 (2000),BANDAI SPIRITS,Universal Century,HGUC,1/144
,2000年4月 (2000),BANDAI SPIRITS,Universal Century,HGUC,1/144
,2000年6月,BANDAI SPIRITS,Universal Century,HGUC,1/144
,2000年7月,BANDAI SPIRITS,Universal Century,HGUC,1/144
,2000年8月,BANDAI SPIRITS,Universal Century,HGUC,1/144
,2000年9月,BANDAI SPIRITS,Universal Century,HGUC,1/144
,2001年10月 (2001),BANDAI SPIRITS,Universal Century,HGUC,1/144
,2001年12月,BANDAI SPIRITS,Universal Century,HGUC,1/144
,2001年2月,BANDAI SPIRITS,Universal Century,HGUC,1/144
,2001年4月 (2001),BANDAI SPIRITS,Universal Century,HGUC,1/144
,2001年5月 (2001),BANDAI SPIRITS,Universal Century,HGUC,1/144
,2001年6月 (2001),BANDAI SPIRITS,Universal Century,HGUC,1/144
,2001年8月,BANDAI SPIRITS,Universal Century,HGUC,1/144
,2002年11月,BANDAI SPIRITS,Universal Century,HGUC,1/144
,2002年12月 (2002),BANDAI SPIRITS,Universal Century,HGUC,1/144
,2002年1月 (2002),BANDAI SPIRITS,Universal Century,HGUC,1/144
,2002年2月 (2002),BANDAI SPIRITS,Universal Century,HGUC,1/144
,2002年3月 (2002),BANDAI SPIRITS,Universal Century,HGUC,1/144
,2002年4月,BANDAI SPIRITS,Universal Century,HGUC,1/144
,2002年5月,BANDAI SPIRITS,Universal Century,HGUC,1/144
,2002年6月,BANDAI SPIRITS,Universal Century,HGUC,1/144
,2002年7月,BANDAI SPIRITS,Universal Century,HGUC,1/144
,2002年8月,BANDAI SPIRITS,Universal Century,HGUC,1/144
,2002年9月,BANDAI SPIRITS,Universal Century,HGUC,1/144
,2003年10月,BANDAI SPIRITS,Universal Century,HGUC,1/144
,2003年11月 (2003),BANDAI SPIRITS,Universal Century,HGUC,1/144
,2003年6月,BANDAI SPIRITS,Universal Century,HGUC,1/144
,2003年7月 (2003),BANDAI SPIRITS,Universal Century,HGUC,1/144
,2003年8月 (2003),BANDAI SPIRITS,Universal Century,HGUC,1/144
,2003年9月,BANDAI SPIRITS,Universal Century,HGUC,1/144
,2004年10月,BANDAI SPIRITS,Universal Century,HGUC,1/144
,2004年1月,BANDAI SPIRITS,Universal Century,HGUC,1/144
,2004年2月 (2004),BANDAI SPIRITS,Universal Century,HGUC,1/144
,2004年4月 (2004),BANDAI SPIRITS,Universal Century,HGUC,1/144
,2004年5月 (2004),BANDAI SPIRITS,Universal Century,HGUC,1/144
,2004年7月,BANDAI SPIRITS,Universal Century,HGUC,1/144
,2004年8月 (2004),BANDAI SPIRITS,Universal Century,HGUC,1/144
,2005年11月 (2005),BANDAI SPIRITS,Universal Century,HGUC,1/144
,2005年12月,BANDAI SPIRITS,Universal Century,HGUC,1/144
,2005年1月,BANDAI SPIRITS,Universal Century,HGUC,1/144
,2005年5月 (2005),BANDAI SPIRITS,Universal Century,HGUC,1/144
,2005年6月 (2005),BANDAI SPIRITS,Universal Century,HGUC,1/144
,2005年7月 (2005),BANDAI SPIRITS,Universal Century,HGUC,1/144
,2005年9月,BANDAI SPIRITS,Universal Century,HGUC,1/144
,2006年10月,BANDAI SPIRITS,Universal Century,HGUC,1/144
,2006年11月,BANDAI SPIRITS,Universal Century,HGUC,1/144
,2006年12月 (2006),BANDAI SPIRITS,Universal Century,HGUC,1/144
,2006年1月,BANDAI SPIRITS,Universal Century,HGUC,1/144
,2006年2月,BANDAI SPIRITS,Universal Century,HGUC,1/144
,2006年3月 (2006),BANDAI SPIRITS,Universal Century,HGUC,1/144
,2006年4月,BANDAI SPIRITS,Universal Century,HGUC,1/144
,2006年5月,BANDAI SPIRITS,Universal Century,HGUC,1/144
,2006年6月,BANDAI SPIRITS,Universal Century,HGUC,1/144
,2006年7月,BANDAI SPIRITS,Universal Century,HGUC,1/144
,2006年8月 (2006),BANDAI SPIRITS,Universal Century,HGUC,1/144
,2006年9月,BANDAI SPIRITS,Universal Century,HGUC,1/144
,2007年10月,BANDAI SPIRITS,Universal Century,HGUC,1/144
,2007年1月,BANDAI SPIRITS,Universal Century,HGUC,1/144
,2007年2月,BANDAI SPIRITS,Universal Century,HGUC,1/144
,2007年3月,BANDAI SPIRITS,Universal Century,HGUC,1/144
,2007年4月,BANDAI SPIRITS,Universal Century,HGUC,1/144
,2007年6月,BANDAI SPIRITS,Universal Century,HGUC,1/144
,2007年7月,BANDAI SPIRITS,Universal Century,HGUC,1/144
,2007年9月,BANDAI SPIRITS,Universal Century,HGUC,1/144
,2008年11月,BANDAI SPIRITS,Universal Century,HGUC,1/144
,2008年1月 (2008),BANDAI SPIRITS,Universal Century,HGUC,1/144
,2008年3月 (2008),BANDAI SPIRITS,Universal Century,HGUC,1/144
,2008年5月,BANDAI SPIRITS,Universal Century,HGUC,1/144
,2008年6月,BANDAI SPIRITS,Universal Century,HGUC,1/144
,2008年8月,BANDAI SPIRITS,Universal Century,HGUC,1/144
,2009年10月,BANDAI SPIRITS,Universal Century,HGUC,1/144
,2009年11月 (2009),BANDAI SPIRITS,Universal Century,HGUC,1/144
,2009年12月 (2009),BANDAI SPIRITS,Universal Century,HGUC,1/144
,2009年1月 (2009),BANDAI SPIRITS,Universal Century,HGUC,1/144
,2009年4月,BANDAI SPIRITS,Universal Century,HGUC,1/144
,2009年6月,BANDAI SPIRITS,Universal Century,HGUC,1/144
,2009年8月,BANDAI SPIRITS,Universal Century,HGUC,1/144
,2009年9月,BANDAI SPIRITS,Universal Century,HGUC,1/144
,2010年10月 (2010),BANDAI SPIRITS,Universal Century,HGUC,1/144
,2010年11月,BANDAI SPIRITS,Universal Century,HGUC,1/144
,2010年1月 (2010),BANDAI SPIRITS,Universal Century,HGUC,1/144
,2010年2月 (2010),BANDAI SPIRITS,Universal Century,HGUC,1/144
,2010年3月,BANDAI SPIRITS,Universal Century,HGUC,1/144
,2010年7月,BANDAI SPIRITS,Universal Century,HGUC,1/144
,2010年8月,BANDAI SPIRITS,Universal Century,HGUC,1/144
,2010年9月,BANDAI SPIRITS,Universal Century,HGUC,1/144
,2011年10月,BANDAI SPIRITS,Universal Century,HGUC,1/144
,2011年11月,BANDAI SPIRITS,Universal Century,HGUC,1/144
,2011年4月 (2011),BANDAI SPIRITS,Universal Century,HGUC,1/144
,2011年5月 (2011),BANDAI SPIRITS,Universal Century,HGUC,1/144
,2011年6月,BANDAI SPIRITS,Universal Century,HGUC,1/144
,2011年7月,BANDAI SPIRITS,Universal Century,HGUC,1/144
,2011年9月 (2011),BANDAI SPIRITS,Universal Century,HGUC,1/144
,2012年11月,BANDAI SPIRITS,Universal Century,HGUC,1/144
,2012年12月,BANDAI SPIRITS,Universal Century,HGUC,1/144
,2012年1月,BANDAI SPIRITS,Universal Century,HGUC,1/144
,2012年3月,BANDAI SPIRITS,Universal Century,HGUC,1/144
,2012年4月 (2012),BANDAI SPIRITS,Universal Century,HGUC,1/144
,2012年5月 (2012),BANDAI SPIRITS,Universal Century,HGUC,1/144
,2012年6月 (2012),BANDAI SPIRITS,Universal Century,HGUC,1/144
,2012年7月,BANDAI SPIRITS,Universal Century,HGUC,1/144
,2012年8月,BANDAI SPIRITS,Universal Century,HGUC,1/144
,2012年9月,BANDAI SPIRITS,Universal Century,HGUC,1/144
,2013年12月,BANDAI SPIRITS,Universal Century,HGUC,1/144
,2013年1月,BANDAI SPIRITS,Universal Century,HGUC,1/144
,2013年3月 (2013),BANDAI SPIRITS,Universal Century,HGUC,1/144
,2013年4月,BANDAI SPIRITS,Universal Century,HGUC,1/144
,2013年5月,BANDAI SPIRITS,Universal Century,HGUC,1/144
,2013年6月,BANDAI SPIRITS,Universal Century,HGUC,1/144
,2013年7月,BANDAI SPIRITS,Universal Century,HGUC,1/144
,2013年8月,BANDAI SPIRITS,Universal Century,HGUC,1/144
,2013年9月,BANDAI SPIRITS,Universal Century,HGUC,1/144
,2014年11月,BANDAI SPIRITS,Universal Century,HGUC,1/144
,2014年1月,BANDAI SPIRITS,Universal Century,HGUC,1/144
,2014年2月,BANDAI SPIRITS,Universal Century,HGUC,1/144
,2014年5月 (2014),BANDAI SPIRITS,Universal Century,HGUC,1/144
,2014年6月 (2014),BANDAI SPIRITS,Universal Century,HGUC,1/144
,2014年7月 (2014),BANDAI SPIRITS,Universal Century,HGUC,1/144
,2014年9月,BANDAI SPIRITS,Universal Century,HGUC,1/144
,2015年12月 (2015),BANDAI SPIRITS,Universal Century,HGUC,1/144
,2015年3月,BANDAI SPIRITS,Universal Century,HGUC,1/144
,2015年5月 (2015),BANDAI SPIRITS,Universal Century,HGUC,1/144
,2015年6月,BANDAI SPIRITS,Universal Century,HGUC,1/144
,2015年7月 (2015),BANDAI SPIRITS,Universal Century,HGUC,1/144
,2016年4月,BANDAI SPIRITS,Universal Century,HGUC,1/144
,2016年5月 (2016),BANDAI SPIRITS,Universal Century,HGUC,1/144
,2016年8月,BANDAI SPIRITS,Universal Century,HGUC,1/144
,2017年12月 (2017),BANDAI SPIRITS,Universal Century,HGUC,1/144
,2017年4月,BANDAI SPIRITS,Universal Century,HGUC,1/144
,2017年5月 (2017),BANDAI SPIRITS,Universal Century,HGUC,1/144
,2017年6月,BANDAI SPIRITS,Universal Century,HGUC,1/144
,2017年7月,BANDAI SPIRITS,Universal Century,HGUC,1/144
,2017年8月,BANDAI SPIRITS,Universal Century,HGUC,1/144
,2018年10月,BANDAI SPIRITS,Universal Century,HGUC,1/144
,2018年11月 (2018),BANDAI SPIRITS,Universal Century,HGUC,1/144
,2018年12月,BANDAI SPIRITS,Universal Century,HGUC,1/144
,2018年3月 (2018),BANDAI SPIRITS,Universal Century,HGUC,1/144
,2018年4月,BANDAI SPIRITS,Universal Century,HGUC,1/144
,2018年7月,BANDAI SPIRITS,Universal Century,HGUC,1/144
,2018年9月,BANDAI SPIRITS,Universal Century,HGUC,1/144
,2019年1月,BANDAI SPIRITS,Universal Century,HGUC,1/144
,2019年2月,BANDAI SPIRITS,Universal Century,HGUC,1/144
,2019年3月,BANDAI SPIRITS,Universal Century,HGUC,1/144
,2020年10月,BANDAI SPIRITS,Universal Century,HGUC,1/144
,2021年12月,BANDAI SPIRITS,Universal Century,HGUC,1/144
,2024年11月 (2024),BANDAI SPIRITS,Universal Century,HGUC,1/144
,2024年2月 (2024),BANDAI SPIRITS,Universal Century,HGUC,1/144
,2024年3月,BANDAI SPIRITS,Universal Century,HGUC,1/144
,2024年4月 (2024),BANDAI SPIRITS,Universal Century,HGUC,1/144
,2024年5月 (2024),BANDAI SPIRITS,Universal Century,HGUC,1/144
,2024年7月 (2024),BANDAI SPIRITS,Universal Century,HGUC,1/144
,2024年9月 (2024),BANDAI SPIRITS,Universal Century,HGUC,1/144
,2025年8月,BANDAI SPIRITS,Universal Century,HGUC,1/144
,2026年4月,BANDAI SPIRITS,Universal Century,HGUC,1/144
,2026年5月 (2026),BANDAI SPIRITS,Universal Century,HGUC,1/144
,:CHOCOOLATE×機動戦士ガンダム BOXSET COLLECTION (2013),BANDAI SPIRITS,Universal Century,HGUC,1/144
,ADVANCE OF Ζ ティターンズの旗のもとに,BANDAI SPIRITS,Universal Century,HGUC,1/144
,G-3ガンダム (2015),BANDAI SPIRITS,Universal Century,HGUC,1/144
,G-3ガンダム&ジオング（シャアカラー） (2002),BANDAI SPIRITS,Universal Century,HGUC,1/144
,G3ガンダム プラス シャア専用リック・ドム (2008),BANDAI SPIRITS,Universal Century,HGUC,1/144
,"GUNDAM ""Ver.HotSix"" (2019)",BANDAI SPIRITS,Universal Century,HGUC,1/144
,GUNDAM Ver. T.M.D.C. (2017),BANDAI SPIRITS,Universal Century,HGUC,1/144
,HG 1/144 Ξガンダム (機動戦士ガンダム 閃光のハサウェイ キルケーの魔女),BANDAI SPIRITS,機動戦士ガンダム 閃光のハサウェイ,HGUC,1/144
,HG 1/144 アリュゼウス (2026),BANDAI SPIRITS,Universal Century,HGUC,1/144
,HG 1/144 インフィニットジャスティスガンダム弐式 (2024),BANDAI SPIRITS,機動戦士ガンダムSEED FREEDOM,HGUC,1/144
,HG 1/144 エクストリームガンダム (2011),BANDAI SPIRITS,Universal Century,HGUC,1/144
,HG 1/144 ガルスJ (2025),BANDAI SPIRITS,Universal Century,HGUC,1/144
,HG 1/144 ガンダムEX,BANDAI SPIRITS,機動戦士ガンダム 復讐のレクイエム,HGUC,1/144
,HG 1/144 ガンダムアシュタロン (2026),BANDAI SPIRITS,Universal Century,HGUC,1/144
,HG 1/144 ガンダムサンドロック改 EW (2026),BANDAI SPIRITS,Universal Century,HGUC,1/144
,HG 1/144 ガンダムレオパルド (2026),BANDAI SPIRITS,Universal Century,HGUC,1/144
,HG 1/144 ガンダムヴァサーゴ (2026),BANDAI SPIRITS,Universal Century,HGUC,1/144
,HG 1/144 ガンプラスターターセット vol.2 ガンダム＋ガンダムマーカー (2011),BANDAI SPIRITS,Universal Century,HGUC,1/144
,HG 1/144 グスタフ・カール００型 (2026),BANDAI SPIRITS,Universal Century,HGUC,1/144
,HG 1/144 グフイグナイテッド (ハイネ・ヴェステンフルス専用機) (2026),BANDAI SPIRITS,機動戦士ガンダムSEED DESTINY,HGUC,1/144
,HG 1/144 サイコ・ガンダムMk-II (2025),BANDAI SPIRITS,Universal Century,HGUC,1/144
,HG 1/144 ザクII F型（ソラリ機） (2024),BANDAI SPIRITS,機動戦士ガンダム 復讐のレクイエム,HGUC,1/144
,HG 1/144 シェンロンガンダム (2022),BANDAI SPIRITS,Universal Century,HGUC,1/144
,HG 1/144 ズゴック（SEED FREEDOM Ver.） (2025),BANDAI SPIRITS,機動戦士ガンダムSEED FREEDOM,HGUC,1/144
,HG 1/144 ダガーL (2021),BANDAI SPIRITS,Universal Century,HGUC,1/144
,HG 1/144 デスアーミー (2019),BANDAI SPIRITS,Universal Century,HGUC,1/144
,HG 1/144 メッサーM01型 (ガウマン機) (2026),BANDAI SPIRITS,機動戦士ガンダム 閃光のハサウェイ,HGUC,1/144
,HG 1/144 ライジングフリーダムガンダム (2024),BANDAI SPIRITS,機動戦士ガンダムSEED FREEDOM,HGUC,1/144
,HG 1/144 レジェンドガンダム (2026),BANDAI SPIRITS,機動戦士ガンダムSEED DESTINY,HGUC,1/144
,HG 1/144フリーダムガンダム［ポラライズドクリア］,BANDAI SPIRITS,機動戦士ガンダムSEED,HGUC,1/144
,HGAC 1/144 ウイングガンダムゼロ (2014),BANDAI SPIRITS,Universal Century,HGUC,1/144
,HGAC 1/144 ガンダムサンドロック (2019),BANDAI SPIRITS,Universal Century,HGUC,1/144
,HGAC 1/144 ガンダムデスサイズ (2021),BANDAI SPIRITS,Universal Century,HGUC,1/144
,HGAC 1/144 マグアナック (2019),BANDAI SPIRITS,Universal Century,HGUC,1/144
,HGAC 1/144 リーオー (2018),BANDAI SPIRITS,Universal Century,HGUC,1/144
,HGAW 1/144 ガンダムX(エックス) (2010),BANDAI SPIRITS,Universal Century,HGUC,1/144
,HGAW 1/144 ガンダムXディバイダー (2010),BANDAI SPIRITS,Universal Century,HGUC,1/144
,HGAW 1/144 ガンダムダブルエックス (2013),BANDAI SPIRITS,Universal Century,HGUC,1/144
,HGCC 1/144 ターンエーガンダム (2014),BANDAI SPIRITS,Universal Century,HGUC,1/144
,HGCE 1/144 インフィニットジャスティスガンダム (2020),BANDAI SPIRITS,機動戦士ガンダムSEED DESTINY,HGUC,1/144
,HGCE 1/144 ストライクフリーダムガンダム (2016),BANDAI SPIRITS,機動戦士ガンダムSEED DESTINY,HGUC,1/144
,HGCE 1/144 デスティニーガンダム (2019),BANDAI SPIRITS,機動戦士ガンダムSEED DESTINY,HGUC,1/144
,HGCE 1/144 デスティニーガンダム（ハイネ専用機） (2019),BANDAI SPIRITS,機動戦士ガンダムSEED DESTINY,HGUC,1/144
,HGCE 1/144 フォースインパルスガンダム(REVIVE版) (2016),BANDAI SPIRITS,機動戦士ガンダムSEED DESTINY,HGUC,1/144
,HGCE 1/144 フリーダムガンダム(REVIVE版) (2015),BANDAI SPIRITS,機動戦士ガンダムSEED,HGUC,1/144
,HGCE ストライクガンダム スペシャルカラーVer. (2014),BANDAI SPIRITS,機動戦士ガンダムSEED,HGUC,1/144
,HGFC 1/144 ゴッドガンダム (2010),BANDAI SPIRITS,Universal Century,HGUC,1/144
,HGFC 1/144 シャイニングガンダム (2011),BANDAI SPIRITS,Universal Century,HGUC,1/144
,HGFC 1/144 ノーベルガンダム (2011),BANDAI SPIRITS,Universal Century,HGUC,1/144
4573102557544,HGUC 1/144 89式ベースジャバー,BANDAI SPIRITS,機動戦士ガンダムUC,HGUC,1/144
,HGUC 1/144 94式ベースジャバー,BANDAI SPIRITS,機動戦士ガンダムUC,HGUC,1/144
4573102640888,HGUC 1/144 AMS-129 ギラ・ズール（キュアロン機）,BANDAI SPIRITS,機動戦士ガンダムUC,HGUC,1/144
4573102640888,HGUC 1/144 AMS-129 ギラ・ズール（ギルボア・サント機）,BANDAI SPIRITS,機動戦士ガンダムUC,HGUC,1/144
,HGUC 1/144 AMX-107 バウ,BANDAI SPIRITS,Universal Century,HGUC,1/144
4573102609540,HGUC 1/144 Ex-Sガンダム,BANDAI SPIRITS,機動戦士ガンダムUC,HGUC,1/144
4573102609601,HGUC 1/144 G-3ガンダム,BANDAI SPIRITS,機動戦士ガンダムUC,HGUC,1/144
,HGUC 1/144 G3ガンダム プラス シャア専用リック・ドム (2008),BANDAI SPIRITS,Universal Century,HGUC,1/144
4573102603944,HGUC 1/144 Gアーマー,BANDAI SPIRITS,機動戦士ガンダムUC,HGUC,1/144
,HGUC 1/144 Gディフェンサー &フライングアーマー,BANDAI SPIRITS,機動戦士ガンダムUC,HGUC,1/144
4573102595706,HGUC 1/144 Hi-νガンダム,BANDAI SPIRITS,機動戦士ガンダムUC,HGUC,1/144
4573102577443,HGUC 1/144 MS-06F-2 ザクIIF2型（ジオン軍仕様）,BANDAI SPIRITS,機動戦士ガンダムUC,HGUC,1/144
4573102577450,HGUC 1/144 MS-06F-2 ザクIIF2型（連邦軍仕様）,BANDAI SPIRITS,機動戦士ガンダムUC,HGUC,1/144
4573102577498,HGUC 1/144 MS-06R-1A シン・マツナガ専用ザク,BANDAI SPIRITS,機動戦士ガンダムUC,HGUC,1/144
4573102577481,HGUC 1/144 MS-06R-1A 黒い三連星ザク,BANDAI SPIRITS,機動戦士ガンダムUC,HGUC,1/144
,HGUC 1/144 MS-06R-1A 黒い三連星ザク (2013),BANDAI SPIRITS,Universal Century,HGUC,1/144
4573102604002,HGUC 1/144 MS-06R-2 ジョニー・ライデン専用ザク,BANDAI SPIRITS,機動戦士ガンダムUC,HGUC,1/144
,HGUC 1/144 MS-06S シャア専用ザク エクストラフィニッシュバージョン,BANDAI SPIRITS,機動戦士ガンダムUC,HGUC,1/144
,HGUC 1/144 MS-06S シャア専用ザク クリアカラーバージョン,BANDAI SPIRITS,機動戦士ガンダムUC,HGUC,1/144
4573102588883,HGUC 1/144 MS-06S シャア専用ザクII,BANDAI SPIRITS,機動戦士ガンダムUC,HGUC,1/144
,HGUC 1/144 MS-06S シャア専用ザクII「セブン-イレブンカラー」,BANDAI SPIRITS,機動戦士ガンダムUC,HGUC,1/144
4902425758947,HGUC 1/144 MS-07 グフ,BANDAI SPIRITS,機動戦士ガンダムUC,HGUC,1/144
,HGUC 1/144 MS-09 ドム 黒い三連星 トリプルドムセット (2006),BANDAI SPIRITS,Universal Century,HGUC,1/144
,HGUC 1/144 MS-09RS アナベル・ガトー専用リック・ドム,BANDAI SPIRITS,機動戦士ガンダムUC,HGUC,1/144
4573102609663,HGUC 1/144 MS-14F ゲルググマリーネ,BANDAI SPIRITS,機動戦士ガンダムUC,HGUC,1/144
4573102609687,HGUC 1/144 MS-14Fs ゲルググマリーネシーマカスタム,BANDAI SPIRITS,機動戦士ガンダムUC,HGUC,1/144
4573102635341,HGUC 1/144 MSA-0011 Sガンダム,BANDAI SPIRITS,機動戦士ガンダムUC,HGUC,1/144
4573102609588,HGUC 1/144 MSA-003 ネモ（ユニコーンデザートカラーVer.）,BANDAI SPIRITS,機動戦士ガンダムUC,HGUC,1/144
,HGUC 1/144 MSA-003 ネモ（ユニコーンデザートカラーVer.） (2013),BANDAI SPIRITS,機動戦士ガンダムUC,HGUC,1/144
,HGUC 1/144 MSM-04 アッガイ Ver.GFT トリコロールペイント,BANDAI SPIRITS,機動戦士ガンダムUC,HGUC,1/144
4573102568298,HGUC 1/144 MSM-07 ズゴック,BANDAI SPIRITS,機動戦士ガンダムUC,HGUC,1/144
4573102592477,HGUC 1/144 MSM-07S ズゴック（シャア専用）,BANDAI SPIRITS,機動戦士ガンダムUC,HGUC,1/144
,HGUC 1/144 MSN-04 サザビー Ver.GFT,BANDAI SPIRITS,機動戦士ガンダムUC,HGUC,1/144
,HGUC 1/144 MSN-100 百式,BANDAI SPIRITS,機動戦士ガンダムUC,HGUC,1/144
,HGUC 1/144 MSN-100 百式 劇場版限定クリアカラーバージョン,BANDAI SPIRITS,機動戦士ガンダムUC,HGUC,1/144
,HGUC 1/144 MSZ-006 ゼータガンダム グロスインジェクションバージョン,BANDAI SPIRITS,機動戦士ガンダムUC,HGUC,1/144
,HGUC 1/144 MSZ-006 ゼータガンダム 劇場版限定クリアカラーバージョン,BANDAI SPIRITS,機動戦士ガンダムUC,HGUC,1/144
,HGUC 1/144 MSZ-010 ZZガンダム クリアカラーバージョン,BANDAI SPIRITS,機動戦士ガンダムUC,HGUC,1/144
4573102592484,HGUC 1/144 RGM-79 ジム,BANDAI SPIRITS,機動戦士ガンダムUC,HGUC,1/144
,HGUC 1/144 RGM-89 ジェガン（バーナム所属機）,BANDAI SPIRITS,機動戦士ガンダムUC,HGUC,1/144
,HGUC 1/144 RGM-89A2 ジェガンA2型（ゼネラル・レビル配備機）,BANDAI SPIRITS,機動戦士ガンダムUC,HGUC,1/144
,HGUC 1/144 RGM-89D ジェガンD型,BANDAI SPIRITS,機動戦士ガンダムUC,HGUC,1/144
,HGUC 1/144 RGM-89D ジェガンD型（ピコ・アルティドール専用機）,BANDAI SPIRITS,機動戦士ガンダムUC,HGUC,1/144
,HGUC 1/144 RGM-89D ジェガンD型（迷彩仕様）,BANDAI SPIRITS,機動戦士ガンダムUC,HGUC,1/144
,HGUC 1/144 RGM-89DEW EWACジェガン,BANDAI SPIRITS,機動戦士ガンダムUC,HGUC,1/144
,HGUC 1/144 RGM-89S スタークジェガン（CCA-MSV Ver.）,BANDAI SPIRITS,機動戦士ガンダムUC,HGUC,1/144
,HGUC 1/144 RGM-89S プロト・スタークジェガン,BANDAI SPIRITS,機動戦士ガンダムUC,HGUC,1/144
,HGUC 1/144 RGZ-95 リゼル,BANDAI SPIRITS,機動戦士ガンダムUC,HGUC,1/144
,HGUC 1/144 RGZ-95C リゼル（隊長機）,BANDAI SPIRITS,機動戦士ガンダムUC,HGUC,1/144
,HGUC 1/144 RX-0 ユニコーンガンダム 2号機バンシィ（デストロイモード）Ver.GFT,BANDAI SPIRITS,機動戦士ガンダムUC,HGUC,1/144
,HGUC 1/144 RX-0 ユニコーンガンダム3号機フェネクス（デストロイモード）Ver.GFT カラークリアバージョン,BANDAI SPIRITS,機動戦士ガンダムUC,HGUC,1/144
4573102568304,HGUC 1/144 RX-75 ガンタンク,BANDAI SPIRITS,機動戦士ガンダムUC,HGUC,1/144
4902425729183,HGUC 1/144 RX-77 ガンキャノン,BANDAI SPIRITS,機動戦士ガンダムUC,HGUC,1/144
,HGUC 1/144 RX-77 ガンキャノン (1999),BANDAI SPIRITS,Universal Century,HGUC,1/144
4573102607805,HGUC 1/144 RX-78-2 ガンダム,BANDAI SPIRITS,機動戦士ガンダムUC,HGUC,1/144
,HGUC 1/144 RX-78-2 ガンダム クリアカラーバージョン,BANDAI SPIRITS,機動戦士ガンダムUC,HGUC,1/144
,HGUC 1/144 RX-78-2 ガンダム グロスインジェクションバージョン,BANDAI SPIRITS,機動戦士ガンダムUC,HGUC,1/144
,HGUC 1/144 RX-78-2 ガンダム+ガンダムトレーラー ガンダム大地に立つセット（エクストラフィニッシュバージョン）,BANDAI SPIRITS,機動戦士ガンダムUC,HGUC,1/144
4543112498335,HGUC 1/144 RX-79(G) 陸戦型ガンダム,BANDAI SPIRITS,機動戦士ガンダムUC,HGUC,1/144
4573102579539,HGUC 1/144 RX-93 νガンダム,BANDAI SPIRITS,機動戦士ガンダムUC,HGUC,1/144
,HGUC 1/144 RX-93 νガンダム Ver.GFT,BANDAI SPIRITS,機動戦士ガンダムUC,HGUC,1/144
,HGUC 1/144 RX-93 νガンダム「セブン-イレブンカラー」,BANDAI SPIRITS,機動戦士ガンダムUC,HGUC,1/144
4573102557162,HGUC 1/144 R・ジャジャ,BANDAI SPIRITS,機動戦士ガンダムUC,HGUC,1/144
4573102577511,HGUC 1/144 V2アサルトバスターガンダム,BANDAI SPIRITS,機動戦士ガンダムSEED,HGUC,1/144
4573102582676,HGUC 1/144 V2ガンダム,BANDAI SPIRITS,機動戦士ガンダムUC,HGUC,1/144
,HGUC 1/144 V2ガンダム用拡張エフェクトユニット“光の翼”,BANDAI SPIRITS,機動戦士ガンダムUC,HGUC,1/144
4543112948748,HGUC 1/144 Vダッシュガンダム,BANDAI SPIRITS,機動戦士ガンダムUC,HGUC,1/144
4902425709673,HGUC 1/144 YMS-15 ギャン,BANDAI SPIRITS,機動戦士ガンダムUC,HGUC,1/144
4573102557568,HGUC 1/144 ZII,BANDAI SPIRITS,機動戦士ガンダムUC,HGUC,1/144
4573102557568,HGUC 1/144 ZII（ゼッツー）トラヴィス・カークランドカラー,BANDAI SPIRITS,機動戦士ガンダムUC,HGUC,1/144
4573102592422,HGUC 1/144 Zガンダム,BANDAI SPIRITS,機動戦士ガンダムUC,HGUC,1/144
4573102592422,HGUC 1/144 Zガンダム（ウェイブシューター）,BANDAI SPIRITS,機動戦士ガンダムUC,HGUC,1/144
4573102613318,HGUC 1/144 Ξガンダム,BANDAI SPIRITS,機動戦士ガンダムUC,HGUC,1/144
4573102613325,HGUC 1/144 ΞガンダムVSペーネロペー ファンネル・ミサイル エフェクトセット,BANDAI SPIRITS,機動戦士ガンダム 閃光のハサウェイ,HGUC,1/144
,HGUC 1/144 ΞガンダムVSペーネロペー ファンネル・ミサイルエフェクトセット (2021),BANDAI SPIRITS,機動戦士ガンダム 閃光のハサウェイ,HGUC,1/144
4573102573971,HGUC 1/144 νガンダム（ヘビー・ウエポン・システム装備型）,BANDAI SPIRITS,機動戦士ガンダムUC,HGUC,1/144
4573102635068,HGUC 1/144 アイザック,BANDAI SPIRITS,機動戦士ガンダムUC,HGUC,1/144
,HGUC 1/144 アイザック/ガザC/ギラ・ドーガ（ユニコーンVer.）セット,BANDAI SPIRITS,機動戦士ガンダムUC,HGUC,1/144
4573102595690,HGUC 1/144 アッガイ,BANDAI SPIRITS,機動戦士ガンダムUC,HGUC,1/144
,HGUC 1/144 アッガイ「セブン-イレブンカラー」,BANDAI SPIRITS,機動戦士ガンダムUC,HGUC,1/144
4573102607812,HGUC 1/144 アッシマー,BANDAI SPIRITS,機動戦士ガンダムUC,HGUC,1/144
4573102607812,HGUC 1/144 アッシマー（グリーンダイバーズVer.）,BANDAI SPIRITS,ガンダムビルドシリーズ,HGUC,1/144
4573102557438,HGUC 1/144 アンクシャ,BANDAI SPIRITS,機動戦士ガンダムUC,HGUC,1/144
4573102574060,HGUC 1/144 イフリート,BANDAI SPIRITS,機動戦士ガンダムUC,HGUC,1/144
4573102574060,HGUC 1/144 イフリート・シュナイド,BANDAI SPIRITS,機動戦士ガンダムUC,HGUC,1/144
,HGUC 1/144 イフリート・ナハト,BANDAI SPIRITS,機動戦士ガンダムUC,HGUC,1/144
,HGUC 1/144 イフリート改,BANDAI SPIRITS,機動戦士ガンダムUC,HGUC,1/144
4573102577405,HGUC 1/144 ガザC,BANDAI SPIRITS,機動戦士ガンダムUC,HGUC,1/144
4573102577405,HGUC 1/144 ガザC（ハマーン・カーン専用機）,BANDAI SPIRITS,機動戦士ガンダムUC,HGUC,1/144
,HGUC 1/144 ガトー専用ゲルググ,BANDAI SPIRITS,機動戦士ガンダムUC,HGUC,1/144
4573102606693,HGUC 1/144 ガルバルディβ,BANDAI SPIRITS,機動戦士ガンダムUC,HGUC,1/144
,HGUC 1/144 ガルバルディβ (2018),BANDAI SPIRITS,Universal Century,HGUC,1/144
4573102574022,HGUC 1/144 ガンキャノン,BANDAI SPIRITS,機動戦士ガンダムUC,HGUC,1/144
4573102591579,HGUC 1/144 ガンキャノン量産型,BANDAI SPIRITS,機動戦士ガンダムUC,HGUC,1/144
4573102574022,HGUC 1/144 ガンキャノン（21stCENTURY REAL TYPE Ver.）,BANDAI SPIRITS,機動戦士ガンダムUC,HGUC,1/144
,HGUC 1/144 ガンダム NT-1,BANDAI SPIRITS,Universal Century,HGUC,1/144
4573102557537,HGUC 1/144 ガンダムEz8,BANDAI SPIRITS,機動戦士ガンダムUC,HGUC,1/144
4573102579553,HGUC 1/144 ガンダムF91,BANDAI SPIRITS,機動戦士ガンダムUC,HGUC,1/144
4543112870889,HGUC 1/144 ガンダムF91 ハリソン・マディン専用機,BANDAI SPIRITS,機動戦士ガンダムUC,HGUC,1/144
4573102609656,HGUC 1/144 ガンダムGP01 ゼフィランサス,BANDAI SPIRITS,機動戦士ガンダムUC,HGUC,1/144
4573102603920,HGUC 1/144 ガンダムGP01 フルバーニアン,BANDAI SPIRITS,機動戦士ガンダムUC,HGUC,1/144
4573102557193,HGUC 1/144 ガンダムGP02A サイサリス,BANDAI SPIRITS,機動戦士ガンダムUC,HGUC,1/144
4573102557308,HGUC 1/144 ガンダムGP02A（MLRS仕様）サイサリス,BANDAI SPIRITS,機動戦士ガンダムUC,HGUC,1/144
4573102661340,HGUC 1/144 ガンダムGP03 デンドロビウム,BANDAI SPIRITS,機動戦士ガンダムUC,HGUC,1/144
4573102609670,HGUC 1/144 ガンダムGP03S ステイメン,BANDAI SPIRITS,機動戦士ガンダムUC,HGUC,1/144
4543112321534,HGUC 1/144 ガンダムMk-II+フライングアーマー,BANDAI SPIRITS,機動戦士ガンダムUC,HGUC,1/144
4573102591685,HGUC 1/144 ガンダムMk-II（エゥーゴ仕様）,BANDAI SPIRITS,機動戦士ガンダムUC,HGUC,1/144
,HGUC 1/144 ガンダムMk-II（エゥーゴ仕様）(REVIVE版) (2015),BANDAI SPIRITS,Universal Century,HGUC,1/144
,HGUC 1/144 ガンダムMk-II（エゥーゴ）劇場版限定クリアカラーバージョン,BANDAI SPIRITS,機動戦士ガンダムUC,HGUC,1/144
4573102579850,HGUC 1/144 ガンダムMk-II（ティターンズ仕様）,BANDAI SPIRITS,機動戦士ガンダムUC,HGUC,1/144
,HGUC 1/144 ガンダムMk-II（ティターンズ仕様）(REVIVE版),BANDAI SPIRITS,Universal Century,HGUC,1/144
4543112105349,HGUC 1/144 ガンダムMk-II（ティターンズ）,BANDAI SPIRITS,機動戦士ガンダムUC,HGUC,1/144
4573102591586,HGUC 1/144 ガンダムNT-1,BANDAI SPIRITS,機動戦士ガンダムUC,HGUC,1/144
,HGUC 1/144 ガンダムTR-6［ウーンドウォート］,BANDAI SPIRITS,機動戦士ガンダムUC,HGUC,1/144
4573102604040,HGUC 1/144 ガンダムV作戦セット,BANDAI SPIRITS,機動戦士ガンダムUC,HGUC,1/144
,HGUC 1/144 ガンダムV作戦セット (2001),BANDAI SPIRITS,Universal Century,HGUC,1/144
4573102606785,HGUC 1/144 ガンダムデルタカイ,BANDAI SPIRITS,機動戦士ガンダムUC,HGUC,1/144
,HGUC 1/144 ガンダムピクシー,BANDAI SPIRITS,機動戦士ガンダムUC,HGUC,1/144
4573102574961,HGUC 1/144 ガンダム（21stCENTURY REAL TYPE Ver.）,BANDAI SPIRITS,機動戦士ガンダムUC,HGUC,1/144
4573102606792,HGUC 1/144 ガンプラスターターセット,BANDAI SPIRITS,機動戦士ガンダムUC,HGUC,1/144
,HGUC 1/144 ガンプラスターターセット ガンダム vs. 量産型ザク (2010),BANDAI SPIRITS,Universal Century,HGUC,1/144
4573102558862,HGUC 1/144 ガーベラ・テトラ,BANDAI SPIRITS,機動戦士ガンダムUC,HGUC,1/144
4573102558862,HGUC 1/144 ガーベラ・テトラ（ロールアウトVer.）,BANDAI SPIRITS,機動戦士ガンダムUC,HGUC,1/144
4573102580061,HGUC 1/144 キュベレイ,BANDAI SPIRITS,機動戦士ガンダムUC,HGUC,1/144
4573102635051,HGUC 1/144 キュベレイMk-II（エルピー・プル専用機）,BANDAI SPIRITS,機動戦士ガンダムUC,HGUC,1/144
4573102635051,HGUC 1/144 キュベレイMk-II（プルツー専用機）,BANDAI SPIRITS,機動戦士ガンダムUC,HGUC,1/144
,HGUC 1/144 キュベレイ用ファンネルエフェクトセット,BANDAI SPIRITS,機動戦士ガンダムUC,HGUC,1/144
4573102635693,HGUC 1/144 ギャプラン,BANDAI SPIRITS,機動戦士ガンダムUC,HGUC,1/144
,HGUC 1/144 ギャプランTR-5［フライルー］,BANDAI SPIRITS,機動戦士ガンダムUC,HGUC,1/144
4573102592408,HGUC 1/144 ギャン,BANDAI SPIRITS,機動戦士ガンダムUC,HGUC,1/144
,HGUC 1/144 ギャン・クリーガー,BANDAI SPIRITS,機動戦士ガンダムUC,HGUC,1/144
4573102603982,HGUC 1/144 ギラ・ズール,BANDAI SPIRITS,機動戦士ガンダムUC,HGUC,1/144
4573102603982,HGUC 1/144 ギラ・ズール（アンジェロ・ザウパー専用機）,BANDAI SPIRITS,機動戦士ガンダムUC,HGUC,1/144
4573102603982,HGUC 1/144 ギラ・ズール（親衛隊仕様）,BANDAI SPIRITS,機動戦士ガンダムUC,HGUC,1/144
,HGUC 1/144 ギラ・ズール（親衛隊仕様） (2011),BANDAI SPIRITS,機動戦士ガンダムUC,HGUC,1/144
4573102609571,HGUC 1/144 ギラ・ドーガ,BANDAI SPIRITS,機動戦士ガンダムUC,HGUC,1/144
4573102609571,HGUC 1/144 ギラ・ドーガ（フル・フロンタル専用機）,BANDAI SPIRITS,機動戦士ガンダムUC,HGUC,1/144
4573102573964,HGUC 1/144 ギラ・ドーガ（レズン・シュナイダー専用機）,BANDAI SPIRITS,機動戦士ガンダムUC,HGUC,1/144
4543112894885,HGUC 1/144 クシャトリヤ,BANDAI SPIRITS,機動戦士ガンダムUC,HGUC,1/144
,HGUC 1/144 クシャトリヤ パールクリアバインダーVer.,BANDAI SPIRITS,機動戦士ガンダムUC,HGUC,1/144
4543112894885,HGUC 1/144 クシャトリヤ・リペアード,BANDAI SPIRITS,機動戦士ガンダムUC,HGUC,1/144
,HGUC 1/144 クロスボーン・ガンダムX-0,BANDAI SPIRITS,機動戦士ガンダムUC,HGUC,1/144
4573102568359,HGUC 1/144 クロスボーン・ガンダムX1,BANDAI SPIRITS,機動戦士ガンダムUC,HGUC,1/144
,HGUC 1/144 クロスボーン・ガンダムX1改,BANDAI SPIRITS,機動戦士ガンダムUC,HGUC,1/144
,HGUC 1/144 クロスボーン・ガンダムX1改・改,BANDAI SPIRITS,機動戦士ガンダムUC,HGUC,1/144
,HGUC 1/144 クロスボーン・ガンダムX2,BANDAI SPIRITS,機動戦士ガンダムUC,HGUC,1/144
,HGUC 1/144 クロスボーン・ガンダムX2改,BANDAI SPIRITS,機動戦士ガンダムUC,HGUC,1/144
,HGUC 1/144 クロスボーン・ガンダムX3,BANDAI SPIRITS,機動戦士ガンダムUC,HGUC,1/144
4573102567512,HGUC 1/144 グスタフ・カール（ユニコーンVer.）,BANDAI SPIRITS,機動戦士ガンダムUC,HGUC,1/144
4573102580078,HGUC 1/144 グフ,BANDAI SPIRITS,機動戦士ガンダムUC,HGUC,1/144
,HGUC 1/144 グフ クリアカラーVer.,BANDAI SPIRITS,機動戦士ガンダムUC,HGUC,1/144
,HGUC 1/144 グフ&ゲルググ（ヴィッシュ・ドナヒュー専用機）,BANDAI SPIRITS,機動戦士ガンダムUC,HGUC,1/144
4573102591654,HGUC 1/144 グフカスタム,BANDAI SPIRITS,機動戦士ガンダムUC,HGUC,1/144
4902425612195,HGUC 1/144 グフ・フライトタイプ,BANDAI SPIRITS,機動戦士ガンダムUC,HGUC,1/144
4573102580078,HGUC 1/144 グフ（21stCENTURY REAL TYPE Ver.）,BANDAI SPIRITS,機動戦士ガンダムUC,HGUC,1/144
,HGUC 1/144 グリプス戦役セット (2006),BANDAI SPIRITS,Universal Century,HGUC,1/144
4573102579829,HGUC 1/144 ケンプファー,BANDAI SPIRITS,機動戦士ガンダムUC,HGUC,1/144
4573102609557,HGUC 1/144 ゲルググJ,BANDAI SPIRITS,機動戦士ガンダムUC,HGUC,1/144
4573102609557,HGUC 1/144 ゲルググ（ユニコーンVer.）,BANDAI SPIRITS,機動戦士ガンダムUC,HGUC,1/144
4573102609564,HGUC 1/144 サイコガンダム,BANDAI SPIRITS,機動戦士ガンダムUC,HGUC,1/144
4573102588890,HGUC 1/144 サザビー,BANDAI SPIRITS,機動戦士ガンダムUC,HGUC,1/144
4573102573940,HGUC 1/144 ザクI,BANDAI SPIRITS,機動戦士ガンダムUC,HGUC,1/144
,HGUC 1/144 ザクI 黒い三連星仕様,BANDAI SPIRITS,機動戦士ガンダムUC,HGUC,1/144
4573102557261,HGUC 1/144 ザクIII改,BANDAI SPIRITS,機動戦士ガンダムUC,HGUC,1/144
4573102557261,HGUC 1/144 ザクIII改（Twilight AXIS Ver.）,BANDAI SPIRITS,機動戦士ガンダムUC,HGUC,1/144
4573102582621,HGUC 1/144 ザクII改,BANDAI SPIRITS,機動戦士ガンダムUC,HGUC,1/144
,HGUC 1/144 ザクII改 Bタイプ（ユニコーンVer.）,BANDAI SPIRITS,機動戦士ガンダムUC,HGUC,1/144
4573102606648,HGUC 1/144 ザクI・スナイパータイプ（ヨンム・カークス機）,BANDAI SPIRITS,機動戦士ガンダムUC,HGUC,1/144
4573102606679,HGUC 1/144 ザク・マリナー,BANDAI SPIRITS,機動戦士ガンダムUC,HGUC,1/144
4573102628350,HGUC 1/144 ザク地上戦セット,BANDAI SPIRITS,機動戦士ガンダムUC,HGUC,1/144
,HGUC 1/144 ザク地上戦セット (2009),BANDAI SPIRITS,Universal Century,HGUC,1/144
4573102588135,HGUC 1/144 シナンジュ,BANDAI SPIRITS,機動戦士ガンダムUC,HGUC,1/144
4573102557353,HGUC 1/144 シナンジュ チタニウムフィニッシュ,BANDAI SPIRITS,機動戦士ガンダムUC,HGUC,1/144
,HGUC 1/144 シナンジュ レッドコメットスパークルVer.,BANDAI SPIRITS,機動戦士ガンダムUC,HGUC,1/144
4573102553485,HGUC 1/144 シナンジュ・スタイン（ナラティブVer.）,BANDAI SPIRITS,機動戦士ガンダムUC,HGUC,1/144
4573102606624,HGUC 1/144 シャア専用ゲルググ,BANDAI SPIRITS,機動戦士ガンダムUC,HGUC,1/144
,HGUC 1/144 シャア専用ザク&量産型ザク THE ART OF GUNDAM OSAKA メタリックエディション,BANDAI SPIRITS,機動戦士ガンダムUC,HGUC,1/144
4573102641304,HGUC 1/144 シュツルム・ガルス,BANDAI SPIRITS,機動戦士ガンダムUC,HGUC,1/144
4543112587558,HGUC 1/144 シュツルム・ディアス,BANDAI SPIRITS,機動戦士ガンダムUC,HGUC,1/144
4573102557551,HGUC 1/144 シルヴァ・バレト,BANDAI SPIRITS,機動戦士ガンダムUC,HGUC,1/144
4573102576941,HGUC 1/144 シルヴァ・バレト・サプレッサー,BANDAI SPIRITS,機動戦士ガンダムNT,HGUC,1/144
,HGUC 1/144 シルヴァ・バレト・サプレッサー (2019),BANDAI SPIRITS,Universal Century,HGUC,1/144
4573102557551,HGUC 1/144 シルヴァ・バレト（ガエル・チャン専用機）,BANDAI SPIRITS,機動戦士ガンダムUC,HGUC,1/144
4573102557551,HGUC 1/144 シルヴァ・バレト（ファンネル試験型）,BANDAI SPIRITS,機動戦士ガンダムUC,HGUC,1/144
4573102573988,HGUC 1/144 ジェガン,BANDAI SPIRITS,機動戦士ガンダムUC,HGUC,1/144
,HGUC 1/144 ジェガンシリーズ汎用水転写式デカール2,BANDAI SPIRITS,機動戦士ガンダムUC,HGUC,1/144
4573102568335,HGUC 1/144 ジェガン（エコーズ仕様）,BANDAI SPIRITS,機動戦士ガンダムUC,HGUC,1/144
4573102573988,HGUC 1/144 ジェガン（エコーズ仕様）コンロイ機,BANDAI SPIRITS,機動戦士ガンダムUC,HGUC,1/144
4573102575920,HGUC 1/144 ジェスタ,BANDAI SPIRITS,機動戦士ガンダムUC,HGUC,1/144
,HGUC 1/144 ジェスタ トライスタークリアVer.,BANDAI SPIRITS,機動戦士ガンダムUC,HGUC,1/144
4573102557513,HGUC 1/144 ジェスタ・キャノン,BANDAI SPIRITS,機動戦士ガンダムUC,HGUC,1/144
,HGUC 1/144 ジェスタ・キャノン トライスタークリアVer.,BANDAI SPIRITS,機動戦士ガンダムUC,HGUC,1/144
4573102558749,HGUC 1/144 ジオング,BANDAI SPIRITS,機動戦士ガンダムUC,HGUC,1/144
,HGUC 1/144 ジム&ガンキャノン量産型（ホワイト・ディンゴ隊仕様）,BANDAI SPIRITS,機動戦士ガンダムUC,HGUC,1/144
4573102582669,HGUC 1/144 ジムII,BANDAI SPIRITS,機動戦士ガンダムUC,HGUC,1/144
,HGUC 1/144 ジムII デザートカラーVer.,BANDAI SPIRITS,機動戦士ガンダムUC,HGUC,1/144
4573102558824,HGUC 1/144 ジムIII,BANDAI SPIRITS,機動戦士ガンダムUC,HGUC,1/144
4573102558824,HGUC 1/144 ジムIII（ユニコーンデザートカラーVer.）,BANDAI SPIRITS,機動戦士ガンダムUC,HGUC,1/144
,HGUC 1/144 ジムII・セミストライカー,BANDAI SPIRITS,ガンダムビルドシリーズ,HGUC,1/144
4573102582669,HGUC 1/144 ジムII（エゥーゴカラーVer.）,BANDAI SPIRITS,機動戦士ガンダムUC,HGUC,1/144
4573102574008,HGUC 1/144 ジム・カスタム,BANDAI SPIRITS,機動戦士ガンダムUC,HGUC,1/144
4573102618214,HGUC 1/144 ジム・キャノンII,BANDAI SPIRITS,機動戦士ガンダムUC,HGUC,1/144
4573102557292,HGUC 1/144 ジム・コマンド,BANDAI SPIRITS,機動戦士ガンダムUC,HGUC,1/144
4573102557292,HGUC 1/144 ジム・コマンド（宇宙仕様）,BANDAI SPIRITS,機動戦士ガンダムUC,HGUC,1/144
,HGUC 1/144 ジム・コマンド（宇宙仕様） (2004),BANDAI SPIRITS,Universal Century,HGUC,1/144
4573102607829,HGUC 1/144 ジム・ストライカー,BANDAI SPIRITS,ガンダムビルドシリーズ,HGUC,1/144
4573102592491,HGUC 1/144 ジム・スナイパー,BANDAI SPIRITS,機動戦士ガンダムUC,HGUC,1/144
4573102592491,HGUC 1/144 ジム・スナイパーII,BANDAI SPIRITS,機動戦士ガンダムUC,HGUC,1/144
,HGUC 1/144 ジム・スナイパーII（ホワイト・ディンゴ隊仕様） (2012),BANDAI SPIRITS,Universal Century,HGUC,1/144
4573102592491,HGUC 1/144 ジム・スナイパーII（リド・ウォルフ機）,BANDAI SPIRITS,機動戦士ガンダムUC,HGUC,1/144
4573102582607,HGUC 1/144 ジム寒冷地仕様,BANDAI SPIRITS,機動戦士ガンダムUC,HGUC,1/144
4573102591630,HGUC 1/144 ジム改,BANDAI SPIRITS,機動戦士ガンダムUC,HGUC,1/144
,HGUC 1/144 ジム改 スタンダードカラー&ボール改修型,BANDAI SPIRITS,機動戦士ガンダムUC,HGUC,1/144
,HGUC 1/144 ジャブロー攻略作戦 水陸両用モビルスーツセット (2007),BANDAI SPIRITS,Universal Century,HGUC,1/144
4573102603999,HGUC 1/144 ジュアッグ（Ver.MSV）,BANDAI SPIRITS,機動戦士ガンダムUC,HGUC,1/144
4573102603999,HGUC 1/144 ジュアッグ（ユニコーンVer.）,BANDAI SPIRITS,機動戦士ガンダムUC,HGUC,1/144
4573102595683,HGUC 1/144 ジ・O,BANDAI SPIRITS,機動戦士ガンダムUC,HGUC,1/144
4573102591616,HGUC 1/144 スタークジェガン,BANDAI SPIRITS,機動戦士ガンダムUC,HGUC,1/144
4573102577399,HGUC 1/144 ズゴックE,BANDAI SPIRITS,機動戦士ガンダムUC,HGUC,1/144
4543112901354,HGUC 1/144 ズサ,BANDAI SPIRITS,機動戦士ガンダムUC,HGUC,1/144
4543112901354,HGUC 1/144 ズサ（ユニコーンVer.）,BANDAI SPIRITS,機動戦士ガンダムUC,HGUC,1/144
4573102579515,HGUC 1/144 ゼクアイン,BANDAI SPIRITS,機動戦士ガンダムUC,HGUC,1/144
4573102556110,HGUC 1/144 ゼータガンダム,BANDAI SPIRITS,機動戦士ガンダムUC,HGUC,1/144
,HGUC 1/144 ゼータプラスC1,BANDAI SPIRITS,機動戦士ガンダムUC,HGUC,1/144
4573102604026,HGUC 1/144 ゼータプラス（ユニコーンVer.）,BANDAI SPIRITS,機動戦士ガンダムUC,HGUC,1/144
4573102640918,HGUC 1/144 ゼー・ズール,BANDAI SPIRITS,機動戦士ガンダムUC,HGUC,1/144
4573102579843,HGUC 1/144 ゾゴック（ジャブロー攻略戦仕様）,BANDAI SPIRITS,機動戦士ガンダムUC,HGUC,1/144
4573102579843,HGUC 1/144 ゾゴック（ユニコーンVer.）,BANDAI SPIRITS,機動戦士ガンダムUC,HGUC,1/144
4573102577436,HGUC 1/144 ゾック,BANDAI SPIRITS,機動戦士ガンダムUC,HGUC,1/144
4573102579546,HGUC 1/144 ダブルゼータガンダム,BANDAI SPIRITS,機動戦士ガンダムUC,HGUC,1/144
,HGUC 1/144 ダブルゼータガンダム (2010),BANDAI SPIRITS,Universal Century,HGUC,1/144
4573102582614,HGUC 1/144 ヅダ,BANDAI SPIRITS,機動戦士ガンダムUC,HGUC,1/144
4573102555779,HGUC 1/144 ディジェ,BANDAI SPIRITS,機動戦士Zガンダム,HGUC,1/144
4573102609700,HGUC 1/144 デルタガンダム,BANDAI SPIRITS,機動戦士ガンダムUC,HGUC,1/144
4573102591647,HGUC 1/144 デルタプラス,BANDAI SPIRITS,機動戦士ガンダムUC,HGUC,1/144
,HGUC 1/144 デルタプラス インナースペースクリアVer.,BANDAI SPIRITS,機動戦士ガンダムUC,HGUC,1/144
,HGUC 1/144 デルタプラス メタリックVer.,BANDAI SPIRITS,機動戦士ガンダムUC,HGUC,1/144
4573102558770,HGUC 1/144 ドム/リック・ドム,BANDAI SPIRITS,機動戦士ガンダムUC,HGUC,1/144
4573102606587,HGUC 1/144 ドムトローペン,BANDAI SPIRITS,機動戦士ガンダムUC,HGUC,1/144
4573102603937,HGUC 1/144 ドムトローペン サンドブラウン,BANDAI SPIRITS,機動戦士ガンダムUC,HGUC,1/144
4573102606587,HGUC 1/144 ドム・トローペン（ユニコーンVer.）,BANDAI SPIRITS,機動戦士ガンダムUC,HGUC,1/144
4543112891792,HGUC 1/144 ドライセン,BANDAI SPIRITS,機動戦士ガンダムUC,HGUC,1/144
4573102640901,HGUC 1/144 ドライセン（ユニコーンVer.）,BANDAI SPIRITS,機動戦士ガンダムUC,HGUC,1/144
4573102618221,HGUC 1/144 ドラッツェ,BANDAI SPIRITS,機動戦士ガンダムUC,HGUC,1/144
,HGUC 1/144 ドラッツェ改,BANDAI SPIRITS,機動戦士ガンダムUC,HGUC,1/144
4573102618221,HGUC 1/144 ドラッツェ（ユニコーンVer.）,BANDAI SPIRITS,機動戦士ガンダムUC,HGUC,1/144
4573102629142,HGUC 1/144 ドーベン・ウルフ,BANDAI SPIRITS,機動戦士ガンダムUC,HGUC,1/144
4573102618313,HGUC 1/144 ドーベン・ウルフ（ユニコーンVer.）,BANDAI SPIRITS,機動戦士ガンダムUC,HGUC,1/144
4573102617873,HGUC 1/144 ナイチンゲール,BANDAI SPIRITS,機動戦士ガンダムUC,HGUC,1/144
,HGUC 1/144 ナイチンゲール (2021),BANDAI SPIRITS,Universal Century,HGUC,1/144
4573102553652,HGUC 1/144 ナラティブガンダム A装備,BANDAI SPIRITS,機動戦士ガンダムNT,HGUC,1/144
4573102567604,HGUC 1/144 ナラティブガンダム C装備,BANDAI SPIRITS,機動戦士ガンダムNT,HGUC,1/144
4543112895073,HGUC 1/144 ネオ・ジオング,BANDAI SPIRITS,機動戦士ガンダムUC,HGUC,1/144
,HGUC 1/144 ネオ・ジオング用 拡張エフェクトユニット“サイコシャード”,BANDAI SPIRITS,機動戦士ガンダムUC,HGUC,1/144
4573102568342,HGUC 1/144 ネモ,BANDAI SPIRITS,機動戦士ガンダムUC,HGUC,1/144
4573102606655,HGUC 1/144 ネモ（ユニコーンVer.）,BANDAI SPIRITS,機動戦士ガンダムUC,HGUC,1/144
4573102558763,HGUC 1/144 ハイゴッグ,BANDAI SPIRITS,機動戦士ガンダムUC,HGUC,1/144
4573102579508,HGUC 1/144 ハイザック,BANDAI SPIRITS,機動戦士ガンダムUC,HGUC,1/144
4573102606594,HGUC 1/144 ハイザック 連邦軍カラー,BANDAI SPIRITS,機動戦士ガンダムUC,HGUC,1/144
4573102609717,HGUC 1/144 ハンブラビ,BANDAI SPIRITS,機動戦士ガンダムUC,HGUC,1/144
4573102640932,HGUC 1/144 バイアラン,BANDAI SPIRITS,機動戦士ガンダムUC,HGUC,1/144
,HGUC 1/144 バイアラン・イゾルデ,BANDAI SPIRITS,機動戦士ガンダムUC,HGUC,1/144
4573102556097,HGUC 1/144 バイアラン・カスタム,BANDAI SPIRITS,機動戦士ガンダムUC,HGUC,1/144
,HGUC 1/144 バイアラン・カスタム2号機,BANDAI SPIRITS,機動戦士ガンダムUC,HGUC,1/144
,HGUC 1/144 バイアラン・カスタム2号機（バンデシネ版）,BANDAI SPIRITS,機動戦士ガンダムUC,HGUC,1/144
4573102631411,HGUC 1/144 バウ,BANDAI SPIRITS,機動戦士ガンダムUC,HGUC,1/144
4573102588227,HGUC 1/144 バウンド・ドック,BANDAI SPIRITS,機動戦士ガンダムUC,HGUC,1/144
4573102557278,HGUC 1/144 バウ量産型,BANDAI SPIRITS,機動戦士ガンダムUC,HGUC,1/144
,HGUC 1/144 バンシィ・ノルン用OP ハイパー・ビーム・ジャベリン,BANDAI SPIRITS,機動戦士ガンダムUC,HGUC,1/144
4573102580085,HGUC 1/144 バーザム,BANDAI SPIRITS,機動戦士ガンダムUC,HGUC,1/144
4573102631435,HGUC 1/144 パラス・アテネ,BANDAI SPIRITS,機動戦士ガンダムUC,HGUC,1/144
4573102609694,HGUC 1/144 パワード・ジム,BANDAI SPIRITS,機動戦士ガンダムUC,HGUC,1/144
4573102591609,HGUC 1/144 フルアーマーガンダム7号機,BANDAI SPIRITS,機動戦士ガンダムUC,HGUC,1/144
4573102604033,HGUC 1/144 フルアーマー・ユニコーンガンダム（デストロイモード/レッドカラーVer.）,BANDAI SPIRITS,機動戦士ガンダムUC,HGUC,1/144
4573102580054,HGUC 1/144 フルアーマー・ユニコーンガンダム（デストロイモード）,BANDAI SPIRITS,機動戦士ガンダムUC,HGUC,1/144
4573102580054,HGUC 1/144 フルアーマー・ユニコーンガンダム（デストロイモード）レッドメッキフレーム/メカニカルクリアVer.,BANDAI SPIRITS,機動戦士ガンダムUC,HGUC,1/144
4543112819444,HGUC 1/144 フルアーマー・ユニコーンガンダム（ユニコーンモード）,BANDAI SPIRITS,機動戦士ガンダムUC,HGUC,1/144
4573102582683,HGUC 1/144 ブルーディスティニー1号機,BANDAI SPIRITS,機動戦士ガンダムUC,HGUC,1/144
4573102582683,HGUC 1/144 ブルーディスティニー1号機“EXAM”,BANDAI SPIRITS,機動戦士ガンダムUC,HGUC,1/144
4573102618238,HGUC 1/144 ブルーディスティニー2号機,BANDAI SPIRITS,機動戦士ガンダムUC,HGUC,1/144
4573102618238,HGUC 1/144 ブルーディスティニー2号機“EXAM”,BANDAI SPIRITS,機動戦士ガンダムUC,HGUC,1/144
4573102609595,HGUC 1/144 ブルーディスティニー3号機,BANDAI SPIRITS,機動戦士ガンダムUC,HGUC,1/144
4573102609595,HGUC 1/144 ブルーディスティニー3号機“EXAM”,BANDAI SPIRITS,機動戦士ガンダムUC,HGUC,1/144
4573102556080,HGUC 1/144 ヘイズル改,BANDAI SPIRITS,機動戦士ガンダムUC,HGUC,1/144
4573102557544,HGUC 1/144 ベースジャバー（ZガンダムVer.）,BANDAI SPIRITS,機動戦士ガンダムUC,HGUC,1/144
4573102606686,HGUC 1/144 ベースジャバー（ユニコーンVer.）,BANDAI SPIRITS,機動戦士ガンダムUC,HGUC,1/144
4573102557544,HGUC 1/144 ベースジャバー（ユニコーンジオン軍残党カラーVer.）,BANDAI SPIRITS,機動戦士ガンダムUC,HGUC,1/144
,HGUC 1/144 ペイルライダー（空間戦仕様）,BANDAI SPIRITS,機動戦士ガンダムUC,HGUC,1/144
,HGUC 1/144 ペイルライダー（陸戦重装備仕様）,BANDAI SPIRITS,機動戦士ガンダムUC,HGUC,1/144
,HGUC 1/144 ペイルライダー（陸戦重装備仕様）HADES MODE エクストラフィニッシュVer.,BANDAI SPIRITS,機動戦士ガンダムUC,HGUC,1/144
4573102582041,HGUC 1/144 ペーネロペー,BANDAI SPIRITS,機動戦士ガンダム 閃光のハサウェイ,HGUC,1/144
,HGUC 1/144 ペーネロペー (2019),BANDAI SPIRITS,機動戦士ガンダム 閃光のハサウェイ,HGUC,1/144
4573102580047,HGUC 1/144 ボール ツインセット,BANDAI SPIRITS,機動戦士ガンダムUC,HGUC,1/144
,HGUC 1/144 ボール ツインセット ｢セブン-イレブンカラー｣,BANDAI SPIRITS,機動戦士ガンダムUC,HGUC,1/144
,HGUC 1/144 ボールK型（第08MS小隊版）&ボール（シャークマウス仕様）,BANDAI SPIRITS,機動戦士ガンダムUC,HGUC,1/144
4573102579522,HGUC 1/144 マラサイ,BANDAI SPIRITS,機動戦士ガンダムUC,HGUC,1/144
4573102557421,HGUC 1/144 マラサイ（ユニコーンVer.）,BANDAI SPIRITS,機動戦士ガンダムUC,HGUC,1/144
4573102553324,HGUC 1/144 ムーンガンダム,BANDAI SPIRITS,機動戦士ガンダムUC,HGUC,1/144
4543112267931,HGUC 1/144 メガ・バズーカ・ランチャー,BANDAI SPIRITS,機動戦士ガンダムUC,HGUC,1/144
4573102631442,HGUC 1/144 メタス,BANDAI SPIRITS,機動戦士ガンダムUC,HGUC,1/144
,HGUC 1/144 メッサーF01型 (2020),BANDAI SPIRITS,機動戦士ガンダム 閃光のハサウェイ,HGUC,1/144
4573102558855,HGUC 1/144 メッサーラ,BANDAI SPIRITS,機動戦士ガンダム 閃光のハサウェイ,HGUC,1/144
4573102587763,HGUC 1/144 ヤクト・ドーガ（ギュネイ・ガス専用機）,BANDAI SPIRITS,機動戦士ガンダムUC,HGUC,1/144
4573102587770,HGUC 1/144 ヤクト・ドーガ（クェス・エア専用機）,BANDAI SPIRITS,機動戦士ガンダムUC,HGUC,1/144
,HGUC 1/144 ユニコーンガンダム デストロイモード NT-DパールクリアVer.,BANDAI SPIRITS,機動戦士ガンダムUC,HGUC,1/144
4573102557346,HGUC 1/144 ユニコーンガンダム デストロイモード チタニウムフィニッシュ,BANDAI SPIRITS,機動戦士ガンダムUC,HGUC,1/144
,HGUC 1/144 ユニコーンガンダム ユニコーンモード (2009),BANDAI SPIRITS,機動戦士ガンダムUC,HGUC,1/144
,HGUC 1/144 ユニコーンガンダム ユニコーンモード パールクリアVer.,BANDAI SPIRITS,機動戦士ガンダムUC,HGUC,1/144
,HGUC 1/144 ユニコーンガンダム1号機&2号機 Ver.GFT［ストライクス オダイバセット］,BANDAI SPIRITS,機動戦士ガンダムSEED,HGUC,1/144
4573102587800,HGUC 1/144 ユニコーンガンダム2号機 バンシィ・ノルン（デストロイモード）,BANDAI SPIRITS,機動戦士ガンダムUC,HGUC,1/144
4573102587800,HGUC 1/144 ユニコーンガンダム2号機 バンシィ・ノルン（デストロイモード）グリーンフレーム チタニウムフィニッシュVer.,BANDAI SPIRITS,機動戦士ガンダムUC,HGUC,1/144
4573102558831,HGUC 1/144 ユニコーンガンダム2号機 バンシィ・ノルン（ユニコーンモード）,BANDAI SPIRITS,機動戦士ガンダムUC,HGUC,1/144
4573102579836,HGUC 1/144 ユニコーンガンダム2号機 バンシィ（デストロイモード）,BANDAI SPIRITS,機動戦士ガンダムUC,HGUC,1/144
4573102587800,HGUC 1/144 ユニコーンガンダム2号機 バンシィ（デストロイモード）NT-DクリアVer.,BANDAI SPIRITS,機動戦士ガンダムUC,HGUC,1/144
4543112739025,HGUC 1/144 ユニコーンガンダム2号機 バンシィ（ユニコーンモード）,BANDAI SPIRITS,機動戦士ガンダムUC,HGUC,1/144
4573102587800,HGUC 1/144 ユニコーンガンダム2号機 バンシィ（ユニコーンモード）ダーククリアVer.,BANDAI SPIRITS,機動戦士ガンダムUC,HGUC,1/144
,HGUC 1/144 ユニコーンガンダム3号機 フェネクス type RC（ユニコーンモード）シルバーコーティングVer.,BANDAI SPIRITS,機動戦士ガンダムUC,HGUC,1/144
4573102592507,HGUC 1/144 ユニコーンガンダム3号機 フェネクス（デストロイモード）（ナラティブVer.）,BANDAI SPIRITS,機動戦士ガンダムUC,HGUC,1/144
,HGUC 1/144 ユニコーンガンダム3号機 フェネクス（ユニコーンモード）（ナラティブVer.） (2019),BANDAI SPIRITS,機動戦士ガンダムUC,HGUC,1/144
4573102580870,HGUC 1/144 ユニコーンガンダム3号機 フェネクス（ユニコーンモード）（ナラティブVer.）[ゴールドコーティング],BANDAI SPIRITS,機動戦士ガンダムUC,HGUC,1/144
,HGUC 1/144 ユニコーンガンダム3号機フェネクス typeRC（デストロイモード）Ver.GFT シルバー,BANDAI SPIRITS,機動戦士ガンダムUC,HGUC,1/144
,HGUC 1/144 ユニコーンガンダム3号機フェネクス typeRC（デストロイモード）Ver.GFT リミテッドシルバーコーティング,BANDAI SPIRITS,機動戦士ガンダムUC,HGUC,1/144
4573102573995,HGUC 1/144 ユニコーンガンダム（デストロイモード）,BANDAI SPIRITS,機動戦士ガンダムUC,HGUC,1/144
4573102582645,HGUC 1/144 ユニコーンガンダム（ユニコーンモード）,BANDAI SPIRITS,機動戦士ガンダムUC,HGUC,1/144
4543112644237,HGUC 1/144 リゲルグ,BANDAI SPIRITS,機動戦士ガンダムUC,HGUC,1/144
4573102606662,HGUC 1/144 リゼルC型（ゼネラル・レビル配備機）,BANDAI SPIRITS,機動戦士ガンダムUC,HGUC,1/144
4573102606662,HGUC 1/144 リゼルC型（ディフェンサーbユニット/ゼネラル・レビル配備機）,BANDAI SPIRITS,機動戦士ガンダムUC,HGUC,1/144
4573102606662,HGUC 1/144 リゼル（ディフェンサーbユニット）,BANDAI SPIRITS,機動戦士ガンダムUC,HGUC,1/144
4573102692528,HGUC 1/144 リックディアス,BANDAI SPIRITS,機動戦士ガンダムUC,HGUC,1/144
4573102573919,HGUC 1/144 リックディアス（クワトロ・バジーナカラー）,BANDAI SPIRITS,機動戦士ガンダムUC,HGUC,1/144
4573102631428,HGUC 1/144 リック・ドムII,BANDAI SPIRITS,機動戦士ガンダムUC,HGUC,1/144
4543112557407,HGUC 1/144 リック・ドムII ライトグリーンバージョン,BANDAI SPIRITS,機動戦士ガンダムUC,HGUC,1/144
,HGUC 1/144 リバウ,BANDAI SPIRITS,機動戦士ガンダムUC,HGUC,1/144
4573102587787,HGUC 1/144 リ・ガズィ,BANDAI SPIRITS,機動戦士ガンダムUC,HGUC,1/144
4573102591623,HGUC 1/144 ロト ツインセット,BANDAI SPIRITS,機動戦士ガンダムUC,HGUC,1/144
4573102640925,HGUC 1/144 ローゼン・ズール,BANDAI SPIRITS,機動戦士ガンダムUC,HGUC,1/144
,HGUC 1/144 ローゼン・ズール エリートローズガードクリアVer.,BANDAI SPIRITS,機動戦士ガンダムUC,HGUC,1/144
4573102692221,HGUC 1/144 ローゼン・ズール（episode 7 Ver.）,BANDAI SPIRITS,機動戦士ガンダムUC,HGUC,1/144
,HGUC 1/144 ローゼン・ズール（エピソード 7 Ver.） (2014),BANDAI SPIRITS,機動戦士ガンダムUC,HGUC,1/144
4573102630384,HGUC 1/144 ヴィクトリーガンダム,BANDAI SPIRITS,機動戦士ガンダムUC,HGUC,1/144
4543112506658,HGUC 1/144 水陸両用モビルスーツセット,BANDAI SPIRITS,機動戦士ガンダムUC,HGUC,1/144
4573102592422,HGUC 1/144 百式,BANDAI SPIRITS,機動戦士ガンダムUC,HGUC,1/144
4543112267931,HGUC 1/144 百式+メガバズーカランチャー,BANDAI SPIRITS,機動戦士ガンダムUC,HGUC,1/144
4573102603975,HGUC 1/144 量産型ゲルググ/ゲルググキャノン,BANDAI SPIRITS,機動戦士ガンダムUC,HGUC,1/144
,HGUC 1/144 量産型ザク,BANDAI SPIRITS,機動戦士ガンダムUC,HGUC,1/144
4543112599452,HGUC 1/144 陸戦型ガンダム,BANDAI SPIRITS,機動戦士ガンダムUC,HGUC,1/144
4543112599452,HGUC 1/144 陸戦型ガンダム地上戦セット,BANDAI SPIRITS,機動戦士ガンダムUC,HGUC,1/144
,HGUC 1/144 陸戦型ガンダム地上戦セット (2009),BANDAI SPIRITS,Universal Century,HGUC,1/144
4573102557575,HGUC 1/144 陸戦型ジム,BANDAI SPIRITS,機動戦士ガンダムUC,HGUC,1/144
,HGUC 1/144 陸戦型ジム (2017),BANDAI SPIRITS,Universal Century,HGUC,1/144
4543112390905,HGUC グリプス戦役セット,BANDAI SPIRITS,機動戦士ガンダムUC,HGUC,
4543112410382,HGUC トリプルドムセット,BANDAI SPIRITS,機動戦士ガンダムUC,HGUC,
4573102573995,HGUC ユニコーンガンダム（デストロイモード）「セブン-イレブンカラー」,BANDAI SPIRITS,機動戦士ガンダムUC,HGUC,
,MS-09 ドム 黒い三連星 トリプルドムセット (2006),BANDAI SPIRITS,Universal Century,HGUC,1/144
,Realistic Model Series 1/144スケール HGUCシリーズ用 ホワイトベースカタパルトデッキ,BANDAI SPIRITS,機動戦士ガンダム,HGUC,1/144
,Realistic Model Series 機動戦士Zガンダム 1/144 HGUC用 アーガマ カタパルトデッキ,BANDAI SPIRITS,機動戦士ガンダムUC,HGUC,1/144
,Realistic Model Series 機動戦士ガンダム 1/144 HGUC用 ホワイトベース カタパルトデッキ Renewal edition,BANDAI SPIRITS,機動戦士ガンダム,HGUC,1/144
,V2アサルトバスターガンダム (2023),BANDAI SPIRITS,機動戦士ガンダムSEED,HGUC,1/144
,V2アサルトバスターガンダム クリアカラー&メッキVer. (2015),BANDAI SPIRITS,機動戦士ガンダムSEED,HGUC,1/144
,Vダッシュガンダム クリアカラーVer. (2015),BANDAI SPIRITS,Universal Century,HGUC,1/144
,V作戦セット クリアカラーバージョン (2009),BANDAI SPIRITS,Universal Century,HGUC,1/144
,Ξガンダム,BANDAI SPIRITS,Universal Century,HGUC,1/144
,Ξガンダム 劇場公開記念パッケージ (2026),BANDAI SPIRITS,Universal Century,HGUC,1/144
,ΞガンダムVSペーネロペー ファンネル・ミサイルエフェクトセット (2021),BANDAI SPIRITS,機動戦士ガンダム 閃光のハサウェイ,HGUC,1/144
,νガンダム メタリックコーティングVer. (2010),BANDAI SPIRITS,Universal Century,HGUC,1/144
,νガンダム（バージョン ジーエフティー）セブン-イレブン カラー (2014),BANDAI SPIRITS,Universal Century,HGUC,1/144
,「エコプラ ガンダム」「エコプラ ザク」「エコプラ ガンダムMk-II」「エコプラ グフ」 (2008),BANDAI SPIRITS,Universal Century,HGUC,1/144
,「エコプラ ジム」「エコプラ ガンキャノン」「エコプラ ガンタンク」 (2009),BANDAI SPIRITS,Universal Century,HGUC,1/144
,「ガンダム」「ガンキャノン」「ガンタンク」「ジム」 (2006),BANDAI SPIRITS,Universal Century,HGUC,1/144
,「シャア専用ザク」「シャア専用ズゴック」「グフ」「ドム／リック・ドム」 (2006),BANDAI SPIRITS,Universal Century,HGUC,1/144
,アッガイ（バージョン ジーエフティー）セブン-イレブン カラー (2013),BANDAI SPIRITS,Universal Century,HGUC,1/144
,イモータルジャスティスガンダム,BANDAI SPIRITS,機動戦士ガンダムSEED FREEDOM,HGUC,1/144
,インパルスガンダム サガン鳥栖Ver. (2020),BANDAI SPIRITS,機動戦士ガンダムSEED DESTINY,HGUC,1/144
,インパルスガンダム ベガルタ仙台Ver. (2020),BANDAI SPIRITS,機動戦士ガンダムSEED DESTINY,HGUC,1/144
,インパルスガンダム 大分トリニータVer. (2020),BANDAI SPIRITS,機動戦士ガンダムSEED DESTINY,HGUC,1/144
,インパルスガンダム 川崎フロンターレVer. (2020),BANDAI SPIRITS,機動戦士ガンダムSEED DESTINY,HGUC,1/144
,インフィニットジャスティスガンダム (2020),BANDAI SPIRITS,機動戦士ガンダムSEED DESTINY,HGUC,1/144
,インフィニットジャスティスガンダム弐式 (2025),BANDAI SPIRITS,機動戦士ガンダムSEED FREEDOM,HGUC,1/144
,ウィンダム,BANDAI SPIRITS,機動戦士ガンダムSEED DESTINY,HGUC,1/144
,ウイングガンダム,BANDAI SPIRITS,Universal Century,HGUC,1/144
,ウイングガンダム (2022),BANDAI SPIRITS,Universal Century,HGUC,1/144
,ウイングガンダム チタニウムフィニッシュVer. (2014),BANDAI SPIRITS,Universal Century,HGUC,1/144
,ウイングガンダムゼロ (2014),BANDAI SPIRITS,Universal Century,HGUC,1/144
,ウイングガンダムゼロ (2025),BANDAI SPIRITS,Universal Century,HGUC,1/144
,エクストリームガンダム (2011),BANDAI SPIRITS,Universal Century,HGUC,1/144
,エクストリームガンダム＆エクリプス-Fパーツ (EXVS.10th ANNIVERSARY COLOR Ver.) (2020),BANDAI SPIRITS,Universal Century,HGUC,1/144
,エールストライクガンダム,BANDAI SPIRITS,機動戦士ガンダムSEED,HGUC,1/144
,ガルバルディβ (2018),BANDAI SPIRITS,Universal Century,HGUC,1/144
,ガンキャノン (1999),BANDAI SPIRITS,Universal Century,HGUC,1/144
,ガンキャノン (2019),BANDAI SPIRITS,Universal Century,HGUC,1/144
,ガンダム & シャア専用ザク セット Ver. GUNDAM docks at Taiwan (2017),BANDAI SPIRITS,Universal Century,HGUC,1/144
,ガンダム (2019),BANDAI SPIRITS,Universal Century,HGUC,1/144
,ガンダム (2020),BANDAI SPIRITS,Universal Century,HGUC,1/144
,ガンダム (2024),BANDAI SPIRITS,Universal Century,HGUC,1/144
,ガンダム JリーグVer. (2020),BANDAI SPIRITS,Universal Century,HGUC,1/144
,ガンダム NT-1,BANDAI SPIRITS,Universal Century,HGUC,1/144
,ガンダム Ver. (2021),BANDAI SPIRITS,Universal Century,HGUC,1/144
,ガンダム Ver.G35th BASE (2015),BANDAI SPIRITS,Universal Century,HGUC,1/144
,ガンダム イーグルス バージョン (2019),BANDAI SPIRITS,Universal Century,HGUC,1/144
,ガンダム カープ バージョン (2019),BANDAI SPIRITS,Universal Century,HGUC,1/144
,ガンダム クリアカラーVer. (2016),BANDAI SPIRITS,Universal Century,HGUC,1/144
,ガンダム クリアカラーバージョン (2008),BANDAI SPIRITS,Universal Century,HGUC,1/144
,ガンダム グロスインジェクションバージョン (2006),BANDAI SPIRITS,Universal Century,HGUC,1/144
,ガンダム ジャイアンツ バージョン (2019),BANDAI SPIRITS,Universal Century,HGUC,1/144
,ガンダム スワローズ バージョン (2019),BANDAI SPIRITS,Universal Century,HGUC,1/144
,ガンダム タイガース バージョン (2019),BANDAI SPIRITS,Universal Century,HGUC,1/144
,ガンダム チタニウムフィニッシュ仕様 (2020),BANDAI SPIRITS,Universal Century,HGUC,1/144
,ガンダム ドラゴンズ バージョン (2019),BANDAI SPIRITS,Universal Century,HGUC,1/144
,ガンダム バファローズ バージョン (2019),BANDAI SPIRITS,Universal Century,HGUC,1/144
,ガンダム ファイターズ バージョン (2019),BANDAI SPIRITS,ガンダムビルドシリーズ,HGUC,1/144
,ガンダム ベイスターズ バージョン (2019),BANDAI SPIRITS,Universal Century,HGUC,1/144
,ガンダム ホークス バージョン (2019),BANDAI SPIRITS,Universal Century,HGUC,1/144
,ガンダム マリーンズ バージョン (2019),BANDAI SPIRITS,Universal Century,HGUC,1/144
,ガンダム ライオンズ バージョン (2019),BANDAI SPIRITS,Universal Century,HGUC,1/144
,ガンダム 大地に立つ セット（エクストラフィニッシュバージョン） (2005),BANDAI SPIRITS,Universal Century,HGUC,1/144
,ガンダム 限定クリアカラーバージョン (2005),BANDAI SPIRITS,Universal Century,HGUC,1/144
,ガンダム&量産型ザクセット（ガンダムブレイカーオリジナルカラーVer.） (2013),BANDAI SPIRITS,ガンダムビルドシリーズ,HGUC,1/144
,ガンダム4号機 (2022),BANDAI SPIRITS,Universal Century,HGUC,1/144
,ガンダム5号機 (2022),BANDAI SPIRITS,Universal Century,HGUC,1/144
,ガンダムF91 (2026),BANDAI SPIRITS,Universal Century,HGUC,1/144
,ガンダムF91 残像イメージクリアーVer. (2014),BANDAI SPIRITS,Universal Century,HGUC,1/144
,"ガンダムGP01Fb フルバーニアン ""LINKIN PARK EDITION"" (2010)",BANDAI SPIRITS,Universal Century,HGUC,1/144
,ガンダムMk-II エゥーゴ 劇場限定版クリアカラーバージョン (2005),BANDAI SPIRITS,Universal Century,HGUC,1/144
,ガンダムMk-II（エゥーゴ仕様） - REVIVE (2015),BANDAI SPIRITS,Universal Century,HGUC,1/144
,ガンダムMk-II（エゥーゴ仕様） クリアカラーVer. (2016),BANDAI SPIRITS,Universal Century,HGUC,1/144
,ガンダムMk-II（エゥーゴ）エクストラフィニッシュバージョン (2005),BANDAI SPIRITS,Universal Century,HGUC,1/144
,ガンダムMk-II（ティターンズ仕様） - REVIVE,BANDAI SPIRITS,Universal Century,HGUC,1/144
,ガンダムMk-II（ブルーメッキバージョン） (2008),BANDAI SPIRITS,Universal Century,HGUC,1/144
,ガンダムMk-Ⅲ (2025),BANDAI SPIRITS,Universal Century,HGUC,1/144
,ガンダムTR-1［ヘイズル改］電撃15年祭特別セット (2007),BANDAI SPIRITS,Universal Century,HGUC,1/144
,ガンダムTR-6 (2020),BANDAI SPIRITS,Universal Century,HGUC,1/144
,ガンダムV作戦セット (2001),BANDAI SPIRITS,Universal Century,HGUC,1/144
,ガンダムX (2010),BANDAI SPIRITS,Universal Century,HGUC,1/144
,ガンダムXディバイダー (2010),BANDAI SPIRITS,Universal Century,HGUC,1/144
,ガンダムエアマスター,BANDAI SPIRITS,Universal Century,HGUC,1/144
,ガンダムサンドロック (2019),BANDAI SPIRITS,Universal Century,HGUC,1/144
,ガンダムサンドロック (2020),BANDAI SPIRITS,Universal Century,HGUC,1/144
,ガンダムダブルエックス (2013),BANDAI SPIRITS,Universal Century,HGUC,1/144
,ガンダムダブルエックス (2026),BANDAI SPIRITS,Universal Century,HGUC,1/144
,ガンダムデスサイズ (2021),BANDAI SPIRITS,Universal Century,HGUC,1/144
,ガンダムヘビーアームズ,BANDAI SPIRITS,Universal Century,HGUC,1/144
,ガンダムヘビーアームズ (2021),BANDAI SPIRITS,Universal Century,HGUC,1/144
,ガンダム・ザ・ライド限定版ジム (2001),BANDAI SPIRITS,Universal Century,HGUC,1/144
,ガンダム（東京2020オリンピックエンブレム） (2020),BANDAI SPIRITS,Universal Century,HGUC,1/144
,ガンダム（東京2020パラリンピックエンブレム） (2020),BANDAI SPIRITS,Universal Century,HGUC,1/144
,ガンプラスターターセット vol.2 ガンダム＋ガンダムマーカー (2011),BANDAI SPIRITS,Universal Century,HGUC,1/144
,ガンプラスターターセット vol.2　ガンダム＋ガンダムマーカー (2011),BANDAI SPIRITS,Universal Century,HGUC,1/144
,ガンプラスターターセット ガンダム vs. 量産型ザク (2010),BANDAI SPIRITS,Universal Century,HGUC,1/144
,キュベレイ エクストラパールバージョン (2006),BANDAI SPIRITS,Universal Century,HGUC,1/144
,キュベレイ エクストラフィニッシュバージョン（ホワイトパール、ピンクメタル）,BANDAI SPIRITS,Universal Century,HGUC,1/144
,キュベレイMk-II エクストラフィニッシュバージョン（ブルーメタリック、ピンクメタル）,BANDAI SPIRITS,Universal Century,HGUC,1/144
,キュベレイMk-II エクストラフィニッシュバージョン（レッドメタリック、イエローメタル）,BANDAI SPIRITS,Universal Century,HGUC,1/144
,ギラ・ズール（親衛隊仕様） (2011),BANDAI SPIRITS,機動戦士ガンダムUC,HGUC,1/144
,グフ エクストラフィニッシュバージョン (2000),BANDAI SPIRITS,Universal Century,HGUC,1/144
,グフ クリアカラーVer. (2016),BANDAI SPIRITS,Universal Century,HGUC,1/144
,グフ ドラゴンズ バージョン (2019),BANDAI SPIRITS,Universal Century,HGUC,1/144
,グリプス戦役セット (2006),BANDAI SPIRITS,Universal Century,HGUC,1/144
,ゲルググメナース（ルナマリア・ホーク専用機）,BANDAI SPIRITS,機動戦士ガンダムSEED FREEDOM,HGUC,1/144
,ゴッドガンダム (2010),BANDAI SPIRITS,Universal Century,HGUC,1/144
,サイコ･ガンダム (2025),BANDAI SPIRITS,Universal Century,HGUC,1/144
,サザビー メタリックコーティングVer. (2010),BANDAI SPIRITS,Universal Century,HGUC,1/144
,ザクII (2019),BANDAI SPIRITS,Universal Century,HGUC,1/144
,ザクII (2020),BANDAI SPIRITS,Universal Century,HGUC,1/144
,ザクII イーグルス バージョン (2019),BANDAI SPIRITS,Universal Century,HGUC,1/144
,ザクII カープ バージョン (2019),BANDAI SPIRITS,Universal Century,HGUC,1/144
,ザクII タイガース バージョン (2019),BANDAI SPIRITS,Universal Century,HGUC,1/144
,ザクII バファローズ バージョン (2019),BANDAI SPIRITS,Universal Century,HGUC,1/144
,ザクII ベイスターズ バージョン (2019),BANDAI SPIRITS,Universal Century,HGUC,1/144
,ザクII マリーンズ バージョン (2019),BANDAI SPIRITS,Universal Century,HGUC,1/144
,ザクII ライオンズ バージョン (2019),BANDAI SPIRITS,Universal Century,HGUC,1/144
,ザクIISC430型 (2006),BANDAI SPIRITS,Universal Century,HGUC,1/144
,ザク地上戦セット (2009),BANDAI SPIRITS,Universal Century,HGUC,1/144
,シェンロンガンダム (2022),BANDAI SPIRITS,Universal Century,HGUC,1/144
,シェンロンガンダム (2024),BANDAI SPIRITS,Universal Century,HGUC,1/144
,シナンジュ チタニウムフィニッシュ (2011),BANDAI SPIRITS,機動戦士ガンダムUC,HGUC,1/144
,シナンジュ 劇場限定レッドコメットスパークルVer. (2011),BANDAI SPIRITS,機動戦士ガンダムUC,HGUC,1/144
,シナンジュ・スタイン（ナラティブVer.）,BANDAI SPIRITS,機動戦士ガンダムUC,HGUC,1/144
,シナンジュ・スタイン（ナラティブVer.） (2018),BANDAI SPIRITS,機動戦士ガンダムUC,HGUC,1/144
,シャア専用MSセット クリアカラーバージョン (2009),BANDAI SPIRITS,Universal Century,HGUC,1/144
,シャア専用ザク エクストラフィニッシュバージョン (2008),BANDAI SPIRITS,Universal Century,HGUC,1/144
,シャア専用ザク クリアカラーバージョン (2006),BANDAI SPIRITS,Universal Century,HGUC,1/144
,シャア専用ザク セブン-イレブン カラー (2011),BANDAI SPIRITS,Universal Century,HGUC,1/144
,シャア専用ザク&量産型ザク THE ART OF GUNDAM OSAKA メタリックエディション (2014),BANDAI SPIRITS,Universal Century,HGUC,1/144
,シャア専用リック・ドム（コーティングバージョン） (2007),BANDAI SPIRITS,Universal Century,HGUC,1/144
,シャイニングガンダム (2011),BANDAI SPIRITS,Universal Century,HGUC,1/144
,シュツルム・ガルス,BANDAI SPIRITS,Universal Century,HGUC,1/144
,シルヴァ・バレト・サプレッサー (2019),BANDAI SPIRITS,Universal Century,HGUC,1/144
,シルヴァ・バレト・サプレッサー (2020),BANDAI SPIRITS,Universal Century,HGUC,1/144
,ジェスタ,BANDAI SPIRITS,機動戦士ガンダムUC,HGUC,1/144
,ジオング バンダイミュージアム限定特別カラーバージョン (2004),BANDAI SPIRITS,Universal Century,HGUC,1/144
,ジム・カスタム,BANDAI SPIRITS,Universal Century,HGUC,1/144
,ジム・コマンド（宇宙仕様） (2004),BANDAI SPIRITS,Universal Century,HGUC,1/144
,ジム・スナイパーII（ホワイト・ディンゴ隊仕様） (2012),BANDAI SPIRITS,Universal Century,HGUC,1/144
,ジャブロー攻略作戦 水陸両用モビルスーツセット (2007),BANDAI SPIRITS,Universal Century,HGUC,1/144
,ジュアッグ（ユニコーンVer.）,BANDAI SPIRITS,機動戦士ガンダムUC,HGUC,1/144
,ジュアッグ（ユニコーンVer.）劇場限定 クリアVer. (2014),BANDAI SPIRITS,機動戦士ガンダムUC,HGUC,1/144
,ストライクガンダム FC東京Ver. (2020),BANDAI SPIRITS,機動戦士ガンダムSEED,HGUC,1/144
,ストライクガンダム サンフレッチェ広島Ver. (2020),BANDAI SPIRITS,機動戦士ガンダムSEED,HGUC,1/144
,ストライクガンダム 横浜F・マリノスVer. (2020),BANDAI SPIRITS,機動戦士ガンダムSEED,HGUC,1/144
,ストライクガンダム 鹿島アントラーズVer. (2020),BANDAI SPIRITS,機動戦士ガンダムSEED,HGUC,1/144
,ストライクフリーダムガンダム (2017),BANDAI SPIRITS,機動戦士ガンダムSEED DESTINY,HGUC,1/144
,ストライクフリーダムガンダム - REVIVE (2016),BANDAI SPIRITS,機動戦士ガンダムSEED DESTINY,HGUC,1/144
,ストライクルージュ,BANDAI SPIRITS,機動戦士ガンダムSEED,HGUC,1/144
,ズゴック(SEED FREEDOM Ver.) (2026),BANDAI SPIRITS,機動戦士ガンダムSEED FREEDOM,HGUC,1/144
,ゼータガンダム (2017),BANDAI SPIRITS,Universal Century,HGUC,1/144
,ゼータガンダム Ver. HIROKO MORIGUCHI (2021),BANDAI SPIRITS,Universal Century,HGUC,1/144
,ゼータガンダム エクストラフィニッシュバージョン (2005),BANDAI SPIRITS,Universal Century,HGUC,1/144
,ゼータガンダム クリアカラーバージョン (2010),BANDAI SPIRITS,Universal Century,HGUC,1/144
,ゼータガンダム グロスインジェクションバージョン (2006),BANDAI SPIRITS,Universal Century,HGUC,1/144
,ゼータガンダム ファイターズ バージョン (2019),BANDAI SPIRITS,ガンダムビルドシリーズ,HGUC,1/144
,ゼータガンダム 劇場限定版クリアカラーバージョン (2006),BANDAI SPIRITS,Universal Century,HGUC,1/144
,ゼータガンダム（ブルーメッキバージョン） (2009),BANDAI SPIRITS,Universal Century,HGUC,1/144
,ゼータプラス（テスト機イメージカラー） (2014),BANDAI SPIRITS,Universal Century,HGUC,1/144
,ターンエーガンダム (2014),BANDAI SPIRITS,Universal Century,HGUC,1/144
,ダガーL (2021),BANDAI SPIRITS,Universal Century,HGUC,1/144
,ダブルゼータガンダム (2010),BANDAI SPIRITS,Universal Century,HGUC,1/144
,ダブルゼータガンダム クリアカラーバージョン (2010),BANDAI SPIRITS,Universal Century,HGUC,1/144
,ディジェ (2020),BANDAI SPIRITS,Universal Century,HGUC,1/144
,デスアーミー (2019),BANDAI SPIRITS,Universal Century,HGUC,1/144
,デスティニーガンダム (2019),BANDAI SPIRITS,機動戦士ガンダムSEED DESTINY,HGUC,1/144
,デスティニーガンダム(ハイネ専用機) (2021),BANDAI SPIRITS,機動戦士ガンダムSEED DESTINY,HGUC,1/144
,デスティニーガンダム（ハイネ専用機） (2019),BANDAI SPIRITS,機動戦士ガンダムSEED DESTINY,HGUC,1/144
,デルタガンダム弐号機 (2024),BANDAI SPIRITS,Universal Century,HGUC,1/144
,デルタプラス メタリックVer. (2012),BANDAI SPIRITS,機動戦士ガンダムUC,HGUC,1/144
,デルタプラス 劇場限定インナースペースクリアVer. (2011),BANDAI SPIRITS,機動戦士ガンダムUC,HGUC,1/144
,ドライセン,BANDAI SPIRITS,Universal Century,HGUC,1/144
,ドーベン・ウルフ,BANDAI SPIRITS,Universal Century,HGUC,1/144
,ナイチンゲール (2021),BANDAI SPIRITS,Universal Century,HGUC,1/144
,ナイチンゲール (2025),BANDAI SPIRITS,Universal Century,HGUC,1/144
,ナラティブガンダム A装備 (2023),BANDAI SPIRITS,機動戦士ガンダムNT,HGUC,1/144
,ナラティブガンダム C装備 (2019),BANDAI SPIRITS,機動戦士ガンダムNT,HGUC,1/144
,ナラティブガンダム C装備 (2023),BANDAI SPIRITS,機動戦士ガンダムNT,HGUC,1/144
,ネオ・ジオング,BANDAI SPIRITS,Universal Century,HGUC,1/144
,ネモ（ユニコーンデザートカラーVer.） (2013),BANDAI SPIRITS,機動戦士ガンダムUC,HGUC,1/144
,ノーベルガンダム (2011),BANDAI SPIRITS,Universal Century,HGUC,1/144
,バイアラン (2018),BANDAI SPIRITS,Universal Century,HGUC,1/144
,バウ,BANDAI SPIRITS,Universal Century,HGUC,1/144
,バルギル (2021),BANDAI SPIRITS,Universal Century,HGUC,1/144
,バンダイホビーセンター専用エコプラ HGUC 1/144 RX-78-2 ガンダム,BANDAI SPIRITS,機動戦士ガンダムUC,HGUC,1/144
,バンダイホビーセンター専用エコプラ HGUC 1/144 ガンキャノン,BANDAI SPIRITS,機動戦士ガンダムUC,HGUC,1/144
,バンダイホビーセンター専用エコプラ HGUC 1/144 ガンタンク,BANDAI SPIRITS,機動戦士ガンダムUC,HGUC,1/144
,バンダイホビーセンター専用エコプラ HGUC 1/144 ガンダムMk-II,BANDAI SPIRITS,機動戦士ガンダムUC,HGUC,1/144
,バンダイホビーセンター専用エコプラ HGUC 1/144 グフ,BANDAI SPIRITS,機動戦士ガンダムUC,HGUC,1/144
,バンダイホビーセンター専用エコプラ HGUC 1/144 ジム,BANDAI SPIRITS,機動戦士ガンダムUC,HGUC,1/144
,バンダイホビーセンター専用エコプラ HGUC 1/144 量産型ザク,BANDAI SPIRITS,機動戦士ガンダムUC,HGUC,1/144
,バーザム (2017),BANDAI SPIRITS,Universal Century,HGUC,1/144
,フォースインパルスガンダム - REVIVE (2016),BANDAI SPIRITS,機動戦士ガンダムSEED DESTINY,HGUC,1/144
,フリーダムガンダム - REVIVE (2015),BANDAI SPIRITS,機動戦士ガンダムSEED,HGUC,1/144
,フリーダムガンダムvsフォースインパルスガンダム（運命の対決セット） (2019),BANDAI SPIRITS,機動戦士ガンダムSEED DESTINY,HGUC,1/144
,フリーダムガンダム「ゴールドインジェクションカラー」 (2016),BANDAI SPIRITS,機動戦士ガンダムSEED,HGUC,1/144
,フリーダムガンダム［ポラライズドクリア］ (2024),BANDAI SPIRITS,機動戦士ガンダムSEED,HGUC,1/144
,フルアーマー・ユニコーンガンダム（デストロイモード/レッドカラーVer.）,BANDAI SPIRITS,機動戦士ガンダムUC,HGUC,1/144
,フルアーマー・ユニコーンガンダム（デストロイモード）,BANDAI SPIRITS,機動戦士ガンダムUC,HGUC,1/144
,フルアーマー・ユニコーンガンダム（デストロイモード）レッドメッキフレーム/メカニカルクリアVer. (2014),BANDAI SPIRITS,機動戦士ガンダムUC,HGUC,1/144
,フルアーマー・ユニコーンガンダム（ユニコーンモード）劇場限定 パールクリアVer. (2013),BANDAI SPIRITS,機動戦士ガンダムUC,HGUC,1/144
,"ブルーディスティニー2号機""EXAM"" (2019)",BANDAI SPIRITS,Universal Century,HGUC,1/144
,"ブルーディスティニー3号機""EXAM"" (2019)",BANDAI SPIRITS,Universal Century,HGUC,1/144
,ペイルライダー Limited Metallic Ver. (2014),BANDAI SPIRITS,Universal Century,HGUC,1/144
,ペイルライダー（空間戦仕様） (2019),BANDAI SPIRITS,Universal Century,HGUC,1/144
,ペイルライダー（陸戦重装備仕様）HADES MODE エクストラフィニッシュVer. (2016),BANDAI SPIRITS,Universal Century,HGUC,1/144
,ペーネロペー (2019),BANDAI SPIRITS,機動戦士ガンダム 閃光のハサウェイ,HGUC,1/144
,ペーネロペー (2022),BANDAI SPIRITS,機動戦士ガンダム 閃光のハサウェイ,HGUC,1/144
,ペーネロペー 初回生産限定パッケージ (2021),BANDAI SPIRITS,機動戦士ガンダム 閃光のハサウェイ,HGUC,1/144
,ペーネロペー初回生産限定パッケージ (2021),BANDAI SPIRITS,機動戦士ガンダム 閃光のハサウェイ,HGUC,1/144
,ボール ツインセット セブン-イレブン カラー (2014),BANDAI SPIRITS,Universal Century,HGUC,1/144
,マイティーストライクフリーダムガンダム (2024),BANDAI SPIRITS,機動戦士ガンダムSEED FREEDOM,HGUC,1/144
,マイティーストライクフリーダムガンダム (2025),BANDAI SPIRITS,機動戦士ガンダムSEED FREEDOM,HGUC,1/144
,マグアナック (2019),BANDAI SPIRITS,Universal Century,HGUC,1/144
,マスターガンダム&風雲再起,BANDAI SPIRITS,Universal Century,HGUC,1/144
,マラサイ エクストラフィニッシュバージョン,BANDAI SPIRITS,Universal Century,HGUC,1/144
,マラサイ（ユニコーンVer.）,BANDAI SPIRITS,機動戦士ガンダムUC,HGUC,1/144
,ムーンガンダム (2019),BANDAI SPIRITS,Universal Century,HGUC,1/144
,メッキバージョンセット（Ζガンダム） (2004),BANDAI SPIRITS,Universal Century,HGUC,1/144
,メッサーF01型 (2020),BANDAI SPIRITS,機動戦士ガンダム 閃光のハサウェイ,HGUC,1/144
,メッサーF01型 (2025),BANDAI SPIRITS,機動戦士ガンダム 閃光のハサウェイ,HGUC,1/144
,ヤクト・ドーガ（クェス・エア専用機）,BANDAI SPIRITS,Universal Century,HGUC,1/144
,ユニコーンガンダム D-MODE ANA オリジナルカラーVer. (2011),BANDAI SPIRITS,機動戦士ガンダムUC,HGUC,1/144
,ユニコーンガンダム デストロイモード 劇場限定 NT-DパールクリアVer. (2010),BANDAI SPIRITS,機動戦士ガンダムUC,HGUC,1/144
,ユニコーンガンダム2号機 バンシィ・ノルン（デストロイモード）,BANDAI SPIRITS,機動戦士ガンダムUC,HGUC,1/144
,ユニコーンガンダム2号機 バンシィ・ノルン（デストロイモード）グリーンフレーム チタニウムフィニッシュVer. (2014),BANDAI SPIRITS,機動戦士ガンダムUC,HGUC,1/144
,ユニコーンガンダム2号機 バンシィ・ノルン（デストロイモード）劇場限定 NT-DクリアVer. (2014),BANDAI SPIRITS,機動戦士ガンダムUC,HGUC,1/144
,ユニコーンガンダム2号機 バンシィ・ノルン（ユニコーンモード）チタニウムフィニッシュVer. (2013),BANDAI SPIRITS,機動戦士ガンダムUC,HGUC,1/144
,ユニコーンガンダム2号機 バンシィ（デストロイモード）劇場限定 NT-DクリアVer. (2012),BANDAI SPIRITS,機動戦士ガンダムUC,HGUC,1/144
,ユニコーンガンダム2号機 バンシィ（ユニコーンモード）,BANDAI SPIRITS,機動戦士ガンダムUC,HGUC,1/144
,ユニコーンガンダム3号機 フェネクス（デストロイモード）（ナラティブVer.） (2018),BANDAI SPIRITS,機動戦士ガンダムUC,HGUC,1/144
,ユニコーンガンダム3号機 フェネクス（ユニコーンモード）ゴールドコーティングVer. (2016),BANDAI SPIRITS,機動戦士ガンダムUC,HGUC,1/144
,ユニコーンガンダム3号機 フェネクス（ユニコーンモード）（ナラティブVer.） (2019),BANDAI SPIRITS,機動戦士ガンダムUC,HGUC,1/144
,ユニコーンガンダム（デストロイモード グリーンフレームVer.） (2012),BANDAI SPIRITS,機動戦士ガンダムUC,HGUC,1/144
,ユニコーンガンダム（デストロイモード）+1/48ヘッドディスプレイベース (2010),BANDAI SPIRITS,機動戦士ガンダムUC,HGUC,1/144
,ユニコーンガンダム（デストロイモード）+1/48ヘッドディスプレイベース 最終決戦Ver. (2016),BANDAI SPIRITS,機動戦士ガンダムUC,HGUC,1/144
,ユニコーンガンダム（デストロイモード）Ver. GUNDAM docks at Hong Kong II (2015),BANDAI SPIRITS,機動戦士ガンダムUC,HGUC,1/144
,ユニコーンガンダム（デストロイモード）セブン-イレブン カラー (2014),BANDAI SPIRITS,機動戦士ガンダムUC,HGUC,1/144
,ユニコーンガンダム（デストロイモード）チタニウムフィニッシュ (2011),BANDAI SPIRITS,機動戦士ガンダムUC,HGUC,1/144
,ユニコーンガンダム（デストロイモード）劇場限定 メッキフレーム/メカニカルクリアVer. (2014),BANDAI SPIRITS,機動戦士ガンダムUC,HGUC,1/144
,ユニコーンガンダム（ユニコーンモード） (2009),BANDAI SPIRITS,機動戦士ガンダムUC,HGUC,1/144
,ユニコーンガンダム（ユニコーンモード）+1/48ヘッドディスプレイベース (2010),BANDAI SPIRITS,機動戦士ガンダムUC,HGUC,1/144
,ライジングフリーダムガンダム (2024),BANDAI SPIRITS,機動戦士ガンダムSEED FREEDOM,HGUC,1/144
,リック・ドムII ライトグリーンバージョン,BANDAI SPIRITS,Universal Century,HGUC,1/144
,リーオー (2018),BANDAI SPIRITS,Universal Century,HGUC,1/144
,ローゼン・ズール 劇場限定エリートローズガードクリアVer. (2013),BANDAI SPIRITS,機動戦士ガンダムUC,HGUC,1/144
,ローゼン・ズール（エピソード 7 Ver.） (2014),BANDAI SPIRITS,機動戦士ガンダムUC,HGUC,1/144
,劇場版公開記念パッケージ HG 1/144 デスティニーガンダムSpecII［クリアカラー］ (2024),BANDAI SPIRITS,機動戦士ガンダムSEED FREEDOM,HGUC,1/144
,劇場版公開記念パッケージ HG 1/144 ライジングフリーダムガンダム［クリアカラー］ (2024),BANDAI SPIRITS,機動戦士ガンダムSEED FREEDOM,HGUC,1/144
,劇場版公開記念パッケージ デスティニーガンダムSpecII［クリアカラー］ (2024),BANDAI SPIRITS,機動戦士ガンダムSEED FREEDOM,HGUC,1/144
,劇場版公開記念パッケージ ライジングフリーダムガンダム［クリアカラー］ (2024),BANDAI SPIRITS,機動戦士ガンダムSEED FREEDOM,HGUC,1/144
,星街すいせいコラボガンプラセット（RX-78-2 ガンダム & ザクII ＆ コラボマーキングシール） (2026),BANDAI SPIRITS,Universal Century,HGUC,1/144
,機動戦士Vガンダム,BANDAI SPIRITS,Universal Century,HGUC,1/144
,機動戦士Ζガンダム,BANDAI SPIRITS,Universal Century,HGUC,1/144
,機動戦士ガンダム,BANDAI SPIRITS,Universal Century,HGUC,1/144
,機動戦士ガンダム MSV,BANDAI SPIRITS,Universal Century,HGUC,1/144
,機動戦士ガンダム0083 STARDUST MEMORY,BANDAI SPIRITS,機動戦士ガンダム00,HGUC,1/144
,機動戦士ガンダムNT,BANDAI SPIRITS,Universal Century,HGUC,1/144
,機動戦士ガンダムSEED FREEDOM,BANDAI SPIRITS,機動戦士ガンダムSEED FREEDOM,HGUC,1/144
,機動戦士ガンダムUC,BANDAI SPIRITS,Universal Century,HGUC,1/144
,機動戦士ガンダムΖΖ,BANDAI SPIRITS,Universal Century,HGUC,1/144
,機動戦士クロスボーン・ガンダム,BANDAI SPIRITS,Universal Century,HGUC,1/144
,百式 バンダイミュージアム限定特別カラーバージョン (2004),BANDAI SPIRITS,Universal Century,HGUC,1/144
,百式 劇場限定版クリアカラーバージョン (2005),BANDAI SPIRITS,Universal Century,HGUC,1/144
,量産型ザク（セモベンテ隊仕様） (2004),BANDAI SPIRITS,Universal Century,HGUC,1/144
,量産型ザク（機動戦士ガンダム MSイグルー 1年戦争秘録） (2004),BANDAI SPIRITS,Universal Century,HGUC,1/144
,陸戦型ガンダム地上戦セット (2009),BANDAI SPIRITS,Universal Century,HGUC,1/144
,陸戦型ジム (2017),BANDAI SPIRITS,Universal Century,HGUC,1/144
,黒い三連星ザク (2013),BANDAI SPIRITS,Universal Century,HGUC,1/144
,Ex-Sガンダム (2003),BANDAI SPIRITS,Universal Century,MG,1/100
,Ex-Sガンダム/Sガンダム (2019),BANDAI SPIRITS,Universal Century,MG,1/100
,FAZZ Ver.Ka (2020),BANDAI SPIRITS,Universal Century,MG,1/100
,FAZZ（ファッツ） (2001),BANDAI SPIRITS,Universal Century,MG,1/100
,G-3ガンダム (1996),BANDAI SPIRITS,Universal Century,MG,1/100
,G-3ガンダム Ver.2.0 (2009),BANDAI SPIRITS,Universal Century,MG,1/100
,GUNDAM NEXT FUTURE限定 MG 1/100 ジャスティスガンダム（リアルタイプカラー Ver.）,BANDAI SPIRITS,機動戦士ガンダムSEED,MG,1/100
,GUNDAM NEXT FUTURE限定 MG 1/100 フリーダムガンダム Ver.2.0（リアルタイプカラー Ver.）,BANDAI SPIRITS,機動戦士ガンダムSEED,MG,1/100
,Gアーマー リアルタイプカラー (2009),BANDAI SPIRITS,Universal Century,MG,1/100
,Gガンダム (2001),BANDAI SPIRITS,Universal Century,MG,1/100
,Gファイター［ガンダム Ver.2.0用 V作戦モデル］ (2009),BANDAI SPIRITS,Universal Century,MG,1/100
,Hi-νガンダム (2007),BANDAI SPIRITS,Universal Century,MG,1/100
,Hi-νガンダム Ver.Ka (2014),BANDAI SPIRITS,Universal Century,MG,1/100
,MG /100 ウイングガンダムゼロ EW Ver.Ka (2020),BANDAI SPIRITS,Universal Century,MG,1/100
,MG 1/100 AAPE RX-78-2 GUNDAM GRN-CAMO,BANDAI SPIRITS,機動戦士ガンダム,MG,1/100
4902425716954,MG 1/100 Concept-X 6-1-2 ターンX,BANDAI SPIRITS,∀ガンダム,MG,1/100
,MG 1/100 Concept-X 6-1-2 ターンX (2014),BANDAI SPIRITS,Universal Century,MG,1/100
4573102567574,MG 1/100 Ex-Sガンダム/Sガンダム,BANDAI SPIRITS,ガンダム・センチネル,MG,1/100
,MG 1/100 Ex-Sガンダム/Sガンダム (2019),BANDAI SPIRITS,Universal Century,MG,1/100
4573102567574,MG 1/100 Ex-Sガンダム/Sガンダム（タスクフォースα Ver.）,BANDAI SPIRITS,ガンダム・センチネル,MG,1/100
,MG 1/100 F80 ガンレイド,BANDAI SPIRITS,機動戦士ガンダム00,MG,1/100
,MG 1/100 F90IIIY クラスターガンダム,BANDAI SPIRITS,機動戦士ガンダムF91,MG,1/100
,MG 1/100 F90IIIY クラスターガンダム用 ミッションパック Xタイプ,BANDAI SPIRITS,機動戦士ガンダムF91,MG,1/100
4902425771670,MG 1/100 FA-010S フルアーマーZZガンダム,BANDAI SPIRITS,機動戦士ガンダムZZ,MG,1/100
,MG 1/100 FA-78-2 ヘビー・ガンダム,BANDAI SPIRITS,機動戦士ガンダム00,MG,1/100
,MG 1/100 FA-93-ν2HWS Hi-νガンダム H.W.S. Ver.Ka メカニカルクリア,BANDAI SPIRITS,機動戦士ガンダム 逆襲のシャア,MG,1/100
4573102588807,MG 1/100 FAZZ Ver.Ka,BANDAI SPIRITS,機動戦士ガンダムZZ,MG,1/100
,MG 1/100 FAZZ Ver.Ka (2020),BANDAI SPIRITS,Universal Century,MG,1/100
,MG 1/100 GAT-X207 ブリッツガンダム ミラージュコロイド（クリアーVer.）,BANDAI SPIRITS,機動戦士ガンダムSEED,MG,1/100
4902425718736,MG 1/100 GP01Fb ガンダム試作1号機 フルバーニアン コーティングバージョン,BANDAI SPIRITS,機動戦士ガンダム0083 STARDUST MEMORY,MG,1/100
4902425748979,MG 1/100 GP02A ガンダム試作2号機 コーティングバージョン,BANDAI SPIRITS,機動戦士ガンダム0083 STARDUST MEMORY,MG,1/100
,MG 1/100 GUNDAM SIDE-F限定 RX-93 νガンダム Ver.Ka（サイコフレーム発動イメージカラー）,BANDAI SPIRITS,機動戦士ガンダム 逆襲のシャア,MG,1/100
4573102631497,MG 1/100 GX-9900 ガンダムX,BANDAI SPIRITS,機動新世紀ガンダムX,MG,1/100
4543112587633,MG 1/100 Gアーマー リアルタイプカラー,BANDAI SPIRITS,機動戦士ガンダム,MG,1/100
4573102630513,MG 1/100 Gガンダム,BANDAI SPIRITS,機動武闘伝Gガンダム,MG,1/100
,MG 1/100 Gパーツ［フルドド］,BANDAI SPIRITS,ADVANCE OF Z ティターンズの旗のもとに,MG,1/100
,MG 1/100 Gパーツ［フルドド］（実戦配備カラー）,BANDAI SPIRITS,ADVANCE OF Z ティターンズの旗のもとに,MG,1/100
4543112574657,MG 1/100 Gファイター（ガンダムVer.2.0用 V作戦モデル）,BANDAI SPIRITS,機動戦士ガンダム,MG,1/100
4573102615916,MG 1/100 Hi-νガンダム,BANDAI SPIRITS,機動戦士ガンダム 逆襲のシャア,MG,1/100
4573102615916,MG 1/100 Hi-νガンダム Ver.Ka,BANDAI SPIRITS,機動戦士ガンダム 逆襲のシャア,MG,1/100
,MG 1/100 Hi-νガンダム Ver.Ka (2014),BANDAI SPIRITS,Universal Century,MG,1/100
,MG 1/100 Hi-νガンダムVer.Ka用 HWS拡張セット,BANDAI SPIRITS,機動戦士ガンダム 逆襲のシャア,MG,1/100
4573102698940,MG 1/100 LM312V04 Vガンダム Ver.Ka,BANDAI SPIRITS,機動戦士Vガンダム,MG,1/100
4573102631572,MG 1/100 MS-05 旧型ザク（黒い三連星）,BANDAI SPIRITS,機動戦士ガンダムMSV,MG,1/100
4902425725758,MG 1/100 MS-05B ザクI,BANDAI SPIRITS,機動戦士ガンダム,MG,1/100
4573102569592,MG 1/100 MS-06 F/J ザクII “ONE YEAR WAR 0079”設定カラーVer.,BANDAI SPIRITS,機動戦士ガンダム,MG,1/100
4543112531445,MG 1/100 MS-06F ザク Ver.2.0,BANDAI SPIRITS,機動戦士ガンダム,MG,1/100
,MG 1/100 MS-06F ドズル・ザビ専用ザクII,BANDAI SPIRITS,機動戦士ガンダム,MG,1/100
4543112094643,MG 1/100 MS-06F-2 ザクIIF2型,BANDAI SPIRITS,機動戦士ガンダム0083 STARDUST MEMORY,MG,1/100
4543112094643,MG 1/100 MS-06F-2 ザクIIF2型（キンバライト基地仕様）,BANDAI SPIRITS,機動戦士ガンダム0083 STARDUST MEMORY,MG,1/100
4543112094643,MG 1/100 MS-06F-2 ザクIIF2型（ノイエン・ビッター機）,BANDAI SPIRITS,機動戦士ガンダム0083 STARDUST MEMORY,MG,1/100
4543112137814,MG 1/100 MS-06F-2 ザクIIF2型（連邦軍仕様）,BANDAI SPIRITS,機動戦士ガンダム0083 STARDUST MEMORY,MG,1/100
4902425748986,MG 1/100 MS-06F/J ザクII,BANDAI SPIRITS,機動戦士ガンダム,MG,1/100
,MG 1/100 MS-06F/Jザク2コーティングV,BANDAI SPIRITS,機動戦士ガンダム,MG,1/100
,MG 1/100 MS-06FS ガルマ・ザビ専用ザクII,BANDAI SPIRITS,機動戦士ガンダム,MG,1/100
4543112590558,MG 1/100 MS-06J ザク Ver.2.0 ホワイトオーガー,BANDAI SPIRITS,機動戦士ガンダム,MG,1/100
4543112590558,MG 1/100 MS-06J ザクII（重力戦線イメージカラーVer.）,BANDAI SPIRITS,機動戦士ガンダム,MG,1/100
4543112506818,MG 1/100 MS-06J 量産型ザク Ver.2.0,BANDAI SPIRITS,機動戦士ガンダム,MG,1/100
4902425725741,MG 1/100 MS-06R ザクII（黒い三連星）,BANDAI SPIRITS,機動戦士ガンダムMSV,MG,1/100
,MG 1/100 MS-06R-1 ブレニフ・オグス専用ザクII,BANDAI SPIRITS,機動戦士ガンダムMSV,MG,1/100
,MG 1/100 MS-06R-1A アナベル・ガトー専用ザクII Ver.2.0,BANDAI SPIRITS,機動戦士ガンダムMSV,MG,1/100
,MG 1/100 MS-06R-1A エリック・マンスフィールド専用ザクII,BANDAI SPIRITS,機動戦士ガンダムMSV,MG,1/100
4902425725741,MG 1/100 MS-06R-1A ザクII（黒い三連星）Ver.2.0,BANDAI SPIRITS,機動戦士ガンダムMSV,MG,1/100
4543112566553,MG 1/100 MS-06R-1A シン・マツナガ専用ザク Ver.2.0,BANDAI SPIRITS,機動戦士ガンダムMSV,MG,1/100
,MG 1/100 MS-06R-1A シン・マツナガ専用ザクII（カスタムタイプ）,BANDAI SPIRITS,機動戦士ガンダムMSV,MG,1/100
,MG 1/100 MS-06R-1A マサヤ・ナカガワ専用ザクII,BANDAI SPIRITS,機動戦士ガンダムMSV,MG,1/100
,MG 1/100 MS-06R-1A ユーマ・ライトニング専用ザクII,BANDAI SPIRITS,機動戦士ガンダムMSV,MG,1/100
,MG 1/100 MS-06R-2 ギャビー・ハザード専用ザクII,BANDAI SPIRITS,機動戦士ガンダムMSV,MG,1/100
4543112565358,MG 1/100 MS-06R-2 ジョニー・ライデン専用ザク Ver.2.0,BANDAI SPIRITS,機動戦士ガンダムMSV,MG,1/100
4902425013596,MG 1/100 MS-06R-2 ジョニー・ライデン専用ザクII,BANDAI SPIRITS,機動戦士ガンダムMSV,MG,1/100
,MG 1/100 MS-06R-2 ロバート・ギリアム専用ザクII,BANDAI SPIRITS,機動戦士ガンダムMSV,MG,1/100
,MG 1/100 MS-06S ザク2 コーティングver.,BANDAI SPIRITS,機動戦士ガンダム,MG,1/100
4573102698919,MG 1/100 MS-06S ザクII,BANDAI SPIRITS,機動戦士ガンダム,MG,1/100
,MG 1/100 MS-06S ザクII Ver.2.0 リアルタイプカラー,BANDAI SPIRITS,機動戦士ガンダム,MG,1/100
4573102615817,MG 1/100 MS-06S シャア専用ザク Ver.2.0,BANDAI SPIRITS,機動戦士ガンダム,MG,1/100
,MG 1/100 MS-06S ジョニー・ライデン専用ザクII,BANDAI SPIRITS,機動戦士ガンダムMSV,MG,1/100
,MG 1/100 MS-06S 黒い三連星ザクVer.2.0,BANDAI SPIRITS,機動戦士ガンダムMSV,MG,1/100
4573102631626,MG 1/100 MS-07B グフ,BANDAI SPIRITS,機動戦士ガンダム,MG,1/100
4573102615855,MG 1/100 MS-07B グフ Ver.2.0,BANDAI SPIRITS,機動戦士ガンダム,MG,1/100
,MG 1/100 MS-07B マ・クベ専用グフ,BANDAI SPIRITS,機動戦士ガンダム,MG,1/100
4902425612188,MG 1/100 MS-07B3 グフカスタム,BANDAI SPIRITS,機動戦士ガンダム 第08MS小隊,MG,1/100
4573102615756,MG 1/100 MS-07B3 グフカスタム（重力戦線イメージカラーVer.）,BANDAI SPIRITS,機動戦士ガンダム 第08MS小隊,MG,1/100
4902425725765,MG 1/100 MS-09 ドム,BANDAI SPIRITS,機動戦士ガンダム,MG,1/100
4902425725765,MG 1/100 MS-09 ドム（重力戦線イメージカラーVer.）,BANDAI SPIRITS,機動戦士ガンダム,MG,1/100
,MG 1/100 MS-09R ドズル・ザビ専用リック・ドム,BANDAI SPIRITS,機動戦士ガンダム,MG,1/100
4902425744407,MG 1/100 MS-09R リックドム,BANDAI SPIRITS,機動戦士ガンダム,MG,1/100
4543112164025,MG 1/100 MS-09RS シャア専用リックドム,BANDAI SPIRITS,機動戦士ガンダム,MG,1/100
,MG 1/100 MS-14A ガトー専用ゲルググ コーティングバージョン,BANDAI SPIRITS,機動戦士ガンダム,MG,1/100
4543112164087,MG 1/100 MS-14A ゲルググ（アナベル・ガトー専用機）,BANDAI SPIRITS,機動戦士ガンダム,MG,1/100
,MG 1/100 MS-14B ユーマ・ライトニング専用高機動型ゲルググ,BANDAI SPIRITS,機動戦士ガンダム,MG,1/100
4573102698933,MG 1/100 MS-14C ゲルググキャノン（MSVカラー）,BANDAI SPIRITS,機動戦士ガンダムMSV,MG,1/100
4573102635075,MG 1/100 MS-18E ケンプファー,BANDAI SPIRITS,機動戦士ガンダム0080 ポケットの中の戦争,MG,1/100
4543112139320,MG 1/100 MSA-0011 Sガンダム,BANDAI SPIRITS,ガンダム・センチネル,MG,1/100
4543112164155,MG 1/100 MSA-0011[Ext] Ex-Sガンダム,BANDAI SPIRITS,ガンダム・センチネル,MG,1/100
,MG 1/100 MSA-003 ネモ ユニコーンカラーVer.,BANDAI SPIRITS,機動戦士ガンダムUC,MG,1/100
,MG 1/100 MSA-003 ネモ ユニコーンデザートカラーVer.,BANDAI SPIRITS,機動戦士ガンダムUC,MG,1/100
4573102631473,MG 1/100 MSM-04 アッガイ,BANDAI SPIRITS,機動戦士ガンダム,MG,1/100
4573102635389,MG 1/100 MSM-07 量産型ズゴック,BANDAI SPIRITS,機動戦士ガンダム,MG,1/100
4902425744384,MG 1/100 MSN-00100 百式,BANDAI SPIRITS,機動戦士Zガンダム,MG,1/100
,MG 1/100 MSN-00100 百式 HDカラー,BANDAI SPIRITS,機動戦士Zガンダム,MG,1/100
4902425770727,MG 1/100 MSN-04 サザビー,BANDAI SPIRITS,機動戦士ガンダム 逆襲のシャア,MG,1/100
,MG 1/100 MSN-04 サザビー Ver.Ka (2013),BANDAI SPIRITS,Universal Century,MG,1/100
4573102554574,MG 1/100 MSN-04 サザビーVer.ka,BANDAI SPIRITS,機動戦士ガンダム 逆襲のシャア,MG,1/100
4543112574619,MG 1/100 MSN-06S シナンジュVer.Ka,BANDAI SPIRITS,機動戦士ガンダムUC,MG,1/100
4573102554550,MG 1/100 MSN-06S シナンジュ・スタイン Ver.Ka,BANDAI SPIRITS,機動戦士ガンダムUC,MG,1/100
,MG 1/100 MSN-06S シナンジュ・スタイン Ver.Ka (2013),BANDAI SPIRITS,機動戦士ガンダムUC,MG,1/100
4543112620514,MG 1/100 MSN-06S シナンジュ（Ver.Ka）チタニウムフィニッシュ,BANDAI SPIRITS,機動戦士ガンダムUC,MG,1/100
,MG 1/100 MSZ-006 Zガンダム Ver.2.0 エクストラフィニッシュVer.,BANDAI SPIRITS,機動戦士Zガンダム,MG,1/100
,MG 1/100 MSZ-006-3B Zガンダム3号機B型 グレイ・ゼータ,BANDAI SPIRITS,機動戦士Zガンダム,MG,1/100
4543112077240,MG 1/100 MSZ-006C1 ゼータプラス C1,BANDAI SPIRITS,機動戦士Zガンダム,MG,1/100
,MG 1/100 MSZ-006P2/3C Zガンダム3号機P2型 レッド・ゼータ,BANDAI SPIRITS,機動戦士Zガンダム,MG,1/100
4902425716909,MG 1/100 MSZ-010 ZZガンダム,BANDAI SPIRITS,機動戦士ガンダムZZ,MG,1/100
4549660240341,MG 1/100 PLAN303E ディープストライカー,BANDAI SPIRITS,ガンダムビルドシリーズ,MG,1/100
,MG 1/100 PLAN303E ディープストライカー (2018),BANDAI SPIRITS,Universal Century,MG,1/100
4573102629173,MG 1/100 PMX-003 ジ・O,BANDAI SPIRITS,機動戦士ガンダム00,MG,1/100
,MG 1/100 RGC-80 ジム・キャノン,BANDAI SPIRITS,機動戦士ガンダムMSV,MG,1/100
4902425718699,MG 1/100 RGM-79 ジム,BANDAI SPIRITS,機動戦士ガンダム,MG,1/100
4573102615848,MG 1/100 RGM-79 ジム Ver.2.0,BANDAI SPIRITS,機動戦士ガンダム,MG,1/100
4543112119001,MG 1/100 RGM-79C ジム改,BANDAI SPIRITS,機動戦士ガンダム,MG,1/100
4543112142146,MG 1/100 RGM-79C ジム改（スタンダードカラー）,BANDAI SPIRITS,機動戦士ガンダム,MG,1/100
4902425716916,MG 1/100 RGM-79N ジムカスタム,BANDAI SPIRITS,機動戦士ガンダム0083 STARDUST MEMORY,MG,1/100
4902425716923,MG 1/100 RGM-79Q ジムクゥエル,BANDAI SPIRITS,機動戦士ガンダム0083 STARDUST MEMORY,MG,1/100
,MG 1/100 RGM-79SC ジム・スナイパーカスタム（テネス・A・ユング機）,BANDAI SPIRITS,機動戦士ガンダムMSV,MG,1/100
4573102631466,MG 1/100 RGM-79（G）ジム（陸戦型）,BANDAI SPIRITS,機動戦士ガンダム 第08MS小隊,MG,1/100
,MG 1/100 RGM-89D ジェガンD型,BANDAI SPIRITS,機動戦士ガンダム 逆襲のシャア,MG,1/100
,MG 1/100 RGM-89D ジェガンD型（先行配備機）,BANDAI SPIRITS,機動戦士ガンダム 逆襲のシャア,MG,1/100
4573102631985,MG 1/100 RGZ-95 リゼル,BANDAI SPIRITS,機動戦士ガンダムUC,MG,1/100
4573102631985,MG 1/100 RGZ-95C リゼル（隊長機）,BANDAI SPIRITS,機動戦士ガンダムUC,MG,1/100
4573102629180,MG 1/100 RMS-108 マラサイ,BANDAI SPIRITS,機動戦士Zガンダム,MG,1/100
,MG 1/100 RMS-108 マラサイ (2012),BANDAI SPIRITS,Universal Century,MG,1/100
4902425044903,MG 1/100 RMS-179 ジムII,BANDAI SPIRITS,機動戦士Zガンダム,MG,1/100
,MG 1/100 RMS-179 ジムII（エゥーゴカラーVer.）,BANDAI SPIRITS,機動戦士Zガンダム,MG,1/100
,MG 1/100 RMS-179 ジムII（ユニコーンVer.）,BANDAI SPIRITS,機動戦士ガンダムUC,MG,1/100
4573102615893,MG 1/100 RX-0 フルアーマーユニコーンガンダムVer.Ka,BANDAI SPIRITS,機動戦士ガンダムUC,MG,1/100
4573102616081,MG 1/100 RX-0 ユニコーンガンダム,BANDAI SPIRITS,機動戦士ガンダムUC,MG,1/100
4573102630452,MG 1/100 RX-0 ユニコーンガンダム2号機 バンシィ,BANDAI SPIRITS,機動戦士ガンダムUC,MG,1/100
4543112807755,MG 1/100 RX-0 ユニコーンガンダム2号機 バンシィ チタニウムフィニッシュVer.,BANDAI SPIRITS,機動戦士ガンダムUC,MG,1/100
4573102635730,MG 1/100 RX-75 ガンタンク,BANDAI SPIRITS,機動戦士ガンダム,MG,1/100
4573102635709,MG 1/100 RX-77-2 ガンキャノン,BANDAI SPIRITS,機動戦士ガンダム,MG,1/100
4902425551470,MG 1/100 RX-78 ガンダム,BANDAI SPIRITS,機動戦士ガンダム,MG,1/100
4573102628473,MG 1/100 RX-78-02 ガンダム（GUNDAM THE ORIGIN版）,BANDAI SPIRITS,機動戦士ガンダム THE ORIGIN,MG,1/100
,MG 1/100 RX-78-02 ガンダム（GUNDAM THE ORIGIN版） (2015),BANDAI SPIRITS,Universal Century,MG,1/100
4549660168980,MG 1/100 RX-78-02 ガンダム（GUNDAM THE ORIGIN版）スペシャルVer.,BANDAI SPIRITS,機動戦士ガンダム THE ORIGIN,MG,1/100
,MG 1/100 RX-78-1 プロトタイプガンダム,BANDAI SPIRITS,機動戦士ガンダムMSV,MG,1/100
4902425763729,MG 1/100 RX-78-2 ガンダム Ver.1.5,BANDAI SPIRITS,機動戦士ガンダム,MG,1/100
4573102615831,MG 1/100 RX-78-2 ガンダム Ver.2.0,BANDAI SPIRITS,機動戦士ガンダム,MG,1/100
,MG 1/100 RX-78-2 ガンダム Ver.2.0 クリアカラーバージョン,BANDAI SPIRITS,機動戦士ガンダム,MG,1/100
,MG 1/100 RX-78-2 ガンダム Ver.2.0 リアルタイプカラー,BANDAI SPIRITS,機動戦士ガンダム,MG,1/100
4573102616104,MG 1/100 RX-78-2 ガンダム Ver.3.0,BANDAI SPIRITS,機動戦士ガンダム,MG,1/100
,MG 1/100 RX-78-2 ガンダム Ver.3.0 (2013),BANDAI SPIRITS,Universal Century,MG,1/100
,MG 1/100 RX-78-2 ガンダム Ver.3.0 G.F.T仕様,BANDAI SPIRITS,機動戦士ガンダム,MG,1/100
,MG 1/100 RX-78-2 ガンダム Ver.3.0用 拡張セット,BANDAI SPIRITS,機動戦士ガンダム,MG,1/100
,MG 1/100 RX-78-2 ガンダム Ver.3.0［リサーキュレーションカラー/ネオングリーン］,BANDAI SPIRITS,機動戦士ガンダム,MG,1/100
4573102635372,MG 1/100 RX-78-2 ガンダム Ver.Ka,BANDAI SPIRITS,機動戦士ガンダム,MG,1/100
,MG 1/100 RX-78-2 ガンダム Ver.ONE YEAR WAR 0079 エクストラフィニッシュバージョン,BANDAI SPIRITS,機動戦士ガンダム,MG,1/100
4902425616803,MG 1/100 RX-78-2 コーティングバージョン,BANDAI SPIRITS,機動戦士ガンダム,MG,1/100
4902425529691,MG 1/100 RX-78-3 G-3ガンダム,BANDAI SPIRITS,機動戦士ガンダム,MG,1/100
4543112615374,MG 1/100 RX-78-3 G-3ガンダム Ver.2.0,BANDAI SPIRITS,機動戦士ガンダム,MG,1/100
4543112321558,MG 1/100 RX-78-3 G-3ガンダム Ver.ONE YEAR WAR 0079,BANDAI SPIRITS,機動戦士ガンダム,MG,1/100
4573102628374,MG 1/100 RX-78-4 ガンダム4号機,BANDAI SPIRITS,機動戦士ガンダム,MG,1/100
4573102628381,MG 1/100 RX-78-5 ガンダム5号機,BANDAI SPIRITS,機動戦士ガンダム,MG,1/100
4543112135544,MG 1/100 RX-78/C.A. キャスバル専用ガンダム,BANDAI SPIRITS,機動戦士ガンダム,MG,1/100
4573102631459,MG 1/100 RX-79[G] ガンダムEz-8,BANDAI SPIRITS,機動戦士ガンダム 第08MS小隊,MG,1/100
4573102638236,MG 1/100 RX-79[G] 陸戦型ガンダム,BANDAI SPIRITS,機動戦士ガンダム 第08MS小隊,MG,1/100
,MG 1/100 RX-79[G] 陸戦型ガンダム 森林用A,BANDAI SPIRITS,機動戦士ガンダム 第08MS小隊,MG,1/100
4573102554543,MG 1/100 RX-93 νガンダム,BANDAI SPIRITS,機動戦士ガンダム 逆襲のシャア,MG,1/100
4543112865755,MG 1/100 RX-93 νガンダム（Ver.Ka）チタニウムフィニッシュ,BANDAI SPIRITS,機動戦士ガンダム 逆襲のシャア,MG,1/100
,MG 1/100 RX78FRGMT GUNDAM,BANDAI SPIRITS,機動戦士ガンダム00,MG,1/100
,MG 1/100 Sガンダム ブースター・ユニット装着型,BANDAI SPIRITS,ガンダム・センチネル,MG,1/100
,MG 1/100 TR-1［ヘイズル2号機］アーリータイプ/ヘイズル予備機/ジム・クゥエル,BANDAI SPIRITS,ADVANCE OF Z ティターンズの旗のもとに,MG,1/100
,MG 1/100 V2アサルトバスターガンダム Ver.Ka,BANDAI SPIRITS,機動戦士ガンダムSEED,MG,1/100
4573102630483,MG 1/100 V2ガンダム Ver.Ka,BANDAI SPIRITS,機動戦士Vガンダム,MG,1/100
,MG 1/100 V2ガンダム Ver.Ka (2015),BANDAI SPIRITS,Universal Century,MG,1/100
,MG 1/100 V2ガンダム Ver.Ka メカニカルクリア/ゴールドメッキVer.,BANDAI SPIRITS,機動戦士Vガンダム,MG,1/100
,MG 1/100 V2ガンダム Ver.Ka用 アサルトバスター拡張パーツ,BANDAI SPIRITS,機動戦士Vガンダム,MG,1/100
,MG 1/100 V2ガンダム Ver.Ka用 拡張エフェクトユニット “光の翼”,BANDAI SPIRITS,機動戦士Vガンダム,MG,1/100
4573102721938,MG 1/100 Vダッシュガンダム Ver.Ka,BANDAI SPIRITS,機動戦士Vガンダム,MG,1/100
4573102638243,MG 1/100 WD-M01 ターンエーガンダム,BANDAI SPIRITS,∀ガンダム,MG,1/100
4573102628411,MG 1/100 XXXG-01D ガンダムデスサイズ EW,BANDAI SPIRITS,新機動戦記ガンダムW Endless Waltz,MG,1/100
4573102640956,MG 1/100 XXXG-01S シェンロンガンダム EW,BANDAI SPIRITS,新機動戦記ガンダムW Endless Waltz,MG,1/100
4902425771564,MG 1/100 XXXG-01SR ガンダムサンドロック EW,BANDAI SPIRITS,新機動戦記ガンダムW Endless Waltz,MG,1/100
4573102635105,MG 1/100 YMS-15 ギャン,BANDAI SPIRITS,機動戦士ガンダム,MG,1/100
4543112574695,MG 1/100 Zガンダム,BANDAI SPIRITS,機動戦士Zガンダム,MG,1/100
4573102615787,MG 1/100 Zガンダム Ver.2.0,BANDAI SPIRITS,機動戦士Zガンダム,MG,1/100
4543112574695,MG 1/100 Zガンダム Ver.2.0 HDカラー,BANDAI SPIRITS,機動戦士Zガンダム,MG,1/100
4573102640154,MG 1/100 Zガンダム Ver.Ka,BANDAI SPIRITS,機動戦士Zガンダム,MG,1/100
4902425700694,MG 1/100 Zガンダム コーティングバージョン,BANDAI SPIRITS,機動戦士Zガンダム,MG,1/100
,MG 1/100 νガンダム HWS Ver.Ka,BANDAI SPIRITS,機動戦士ガンダム 逆襲のシャア,MG,1/100
,MG 1/100 νガンダム Ver.Ka (2012),BANDAI SPIRITS,Universal Century,MG,1/100
,MG 1/100 νガンダム Ver.Ka用 HWS拡張セット,BANDAI SPIRITS,機動戦士ガンダム 逆襲のシャア,MG,1/100
,MG 1/100 νガンダム Ver.Ka［メカニカルクリア］,BANDAI SPIRITS,機動戦士ガンダム 逆襲のシャア,MG,1/100
4573102615916,MG 1/100 νガンダム Ver.ka,BANDAI SPIRITS,機動戦士ガンダム 逆襲のシャア,MG,1/100
4543112523747,MG 1/100 νガンダム メタリックコーティングVer.,BANDAI SPIRITS,機動戦士ガンダム 逆襲のシャア,MG,1/100
,MG 1/100 アドヴァンスドジンクス,BANDAI SPIRITS,機動戦士ガンダムSEED,MG,1/100
,MG 1/100 アドヴァンスドジンクス（デボラ機）,BANDAI SPIRITS,機動戦士ガンダムSEED,MG,1/100
,MG 1/100 アナベル・ガトー専用ゲルググ Ver.2.0,BANDAI SPIRITS,機動戦士ガンダム,MG,1/100
,MG 1/100 アルトロンガンダム EW,BANDAI SPIRITS,新機動戦記ガンダムW Endless Waltz,MG,1/100
,MG 1/100 アームド・アーマーDE,BANDAI SPIRITS,機動戦士ガンダム00,MG,1/100
,MG 1/100 アームド・アーマーDE サイコフレーム発動仕様,BANDAI SPIRITS,機動戦士ガンダム00,MG,1/100
,MG 1/100 インパルスガンダムブランシュ,BANDAI SPIRITS,機動戦士ガンダムSEED DESTINY,MG,1/100
4573102641182,MG 1/100 インパルスガンダム（フルカラーメッキバージョン）,BANDAI SPIRITS,機動戦士ガンダムSEED DESTINY,MG,1/100
4573102630414,MG 1/100 インフィニットジャスティスガンダム,BANDAI SPIRITS,機動戦士ガンダムSEED DESTINY,MG,1/100
4573102629074,MG 1/100 イージスガンダム,BANDAI SPIRITS,機動戦士ガンダムSEED,MG,1/100
,MG 1/100 イージスガンダム (2012),BANDAI SPIRITS,機動戦士ガンダムSEED,MG,1/100
,MG 1/100 イージスガンダム［クリアカラー］,BANDAI SPIRITS,機動戦士ガンダムSEED,MG,1/100
4573102641298,MG 1/100 ウイングガンダム,BANDAI SPIRITS,新機動戦記ガンダムW,MG,1/100
4573102635433,MG 1/100 ウイングガンダム EW,BANDAI SPIRITS,新機動戦記ガンダムW Endless Waltz,MG,1/100
4573102607607,MG 1/100 ウイングガンダム EW Ver.Ka,BANDAI SPIRITS,新機動戦記ガンダムW Endless Waltz,MG,1/100
4902425482880,MG 1/100 ウイングガンダム ゼロ（エンドレスワルツ版 パールミラーコーティングバージョン）,BANDAI SPIRITS,新機動戦記ガンダムW,MG,1/100
4573102635433,MG 1/100 ウイングガンダム プロトゼロ EW,BANDAI SPIRITS,新機動戦記ガンダムW Endless Waltz,MG,1/100
4573102607607,MG 1/100 ウイングガンダムゼロ EW,BANDAI SPIRITS,新機動戦記ガンダムW Endless Waltz,MG,1/100
,MG 1/100 ウイングガンダムゼロ EW & ドライツバーク［スペシャルコーティング］,BANDAI SPIRITS,新機動戦記ガンダムW Endless Waltz,MG,1/100
4573102607607,MG 1/100 ウイングガンダムゼロ EW Ver.Ka,BANDAI SPIRITS,新機動戦記ガンダムW Endless Waltz,MG,1/100
,MG 1/100 ウイングガンダムゼロEW［CROSS CONTRAST COLORS / CLEAR PURPLE］,BANDAI SPIRITS,新機動戦記ガンダムW Endless Waltz,MG,1/100
,MG 1/100 ウイングガンダムプロトゼロ EW (2013),BANDAI SPIRITS,Universal Century,MG,1/100
4573102630490,MG 1/100 ウエポン&アーマーハンガー FOR フルアーマー・ガンダム Ver.Ka（GUNDAM THUNDERBOLT版）,BANDAI SPIRITS,機動戦士ガンダム サンダーボルト,MG,1/100
4573102619198,MG 1/100 エクリプスガンダム,BANDAI SPIRITS,機動戦士ガンダム00,MG,1/100
,MG 1/100 エクリプスガンダム (2021),BANDAI SPIRITS,Universal Century,MG,1/100
,MG 1/100 エクリプスガンダム ライジン装備,BANDAI SPIRITS,機動戦士ガンダムSEED,MG,1/100
,MG 1/100 エクリプスガンダム2号機,BANDAI SPIRITS,機動戦士ガンダム00,MG,1/100
,MG 1/100 エクリプスガンダム用 マニューバストライカーパック,BANDAI SPIRITS,ガンダムビルドシリーズ,MG,1/100
,MG 1/100 エクリプスガンダム用 ライジンストライカーパック,BANDAI SPIRITS,機動戦士ガンダムSEED,MG,1/100
4573102616135,MG 1/100 エールストライクガンダム,BANDAI SPIRITS,機動戦士ガンダムSEED,MG,1/100
4573102615909,MG 1/100 エールストライクガンダム Ver.RM,BANDAI SPIRITS,機動戦士ガンダムSEED,MG,1/100
,MG 1/100 エールストライクガンダム Ver.RM (2013),BANDAI SPIRITS,機動戦士ガンダムSEED,MG,1/100
,MG 1/100 エールストライクガンダム Ver.RM ソリッドクリア,BANDAI SPIRITS,機動戦士ガンダムSEED,MG,1/100
,MG 1/100 エールストライクガンダム Ver.RM ソリッドクリアアナザー,BANDAI SPIRITS,機動戦士ガンダムSEED,MG,1/100
,MG 1/100 エールストライクガンダム Ver.RM用 ライトニングストライカーパック,BANDAI SPIRITS,機動戦士ガンダムSEED,MG,1/100
,MG 1/100 エールストライクガンダム Ver.RM用 ランチャーストライカー/ソードストライカーパック,BANDAI SPIRITS,機動戦士ガンダムSEED,MG,1/100
,MG 1/100 エールストライクガンダム Ver.RM［リサーキュレーションカラー/ネオンピンク］,BANDAI SPIRITS,機動戦士ガンダムSEED,MG,1/100
,MG 1/100 エールストライクガンダムディアクティブモード,BANDAI SPIRITS,機動戦士ガンダムSEED,MG,1/100
,MG 1/100 ガナーウィザード/スラッシュウィザード/ブレイズウィザードセット,BANDAI SPIRITS,機動戦士ガンダム00,MG,1/100
,MG 1/100 ガナーザクウォーリア(ルナマリア・ホーク専用機) (2019),BANDAI SPIRITS,機動戦士ガンダムSEED DESTINY,MG,1/100
4573102581846,MG 1/100 ガナーザクウォーリア（ルナマリア・ホーク専用機）,BANDAI SPIRITS,機動戦士ガンダムSEED DESTINY,MG,1/100
,MG 1/100 ガンダム Ver.2.0 リアルタイプカラー 超・大河原邦男展Ver.,BANDAI SPIRITS,機動戦士ガンダム,MG,1/100
,MG 1/100 ガンダム Ver.3.0 メカニカルクリア,BANDAI SPIRITS,機動戦士ガンダム,MG,1/100
,MG 1/100 ガンダムAGE-1 2号機,BANDAI SPIRITS,機動戦士ガンダムAGE,MG,1/100
4543112753328,MG 1/100 ガンダムAGE-1 スパロー,BANDAI SPIRITS,機動戦士ガンダムAGE,MG,1/100
,MG 1/100 ガンダムAGE-1 スパロー (2012),BANDAI SPIRITS,Universal Century,MG,1/100
4573102628848,MG 1/100 ガンダムAGE-1 タイタス,BANDAI SPIRITS,機動戦士ガンダムAGE,MG,1/100
,MG 1/100 ガンダムAGE-1 タイタス (2012),BANDAI SPIRITS,Universal Century,MG,1/100
4573102628428,MG 1/100 ガンダムAGE-1 ノーマル,BANDAI SPIRITS,機動戦士ガンダムAGE,MG,1/100
,MG 1/100 ガンダムAGE-1 ノーマル (2012),BANDAI SPIRITS,Universal Century,MG,1/100
,MG 1/100 ガンダムAGE-1 フルグランサ用 拡張パーツ,BANDAI SPIRITS,機動戦士ガンダムAGE,MG,1/100
,MG 1/100 ガンダムAGE-1 フルグランサ［デザイナーズカラーVer.］,BANDAI SPIRITS,機動戦士ガンダムAGE,MG,1/100
4543112823335,MG 1/100 ガンダムAGE-2 ダブルバレット,BANDAI SPIRITS,機動戦士ガンダムAGE,MG,1/100
,MG 1/100 ガンダムAGE-2 ダブルバレット (2013),BANDAI SPIRITS,Universal Century,MG,1/100
4573102628442,MG 1/100 ガンダムAGE-2 ダークハウンド,BANDAI SPIRITS,機動戦士ガンダムAGE,MG,1/100
,MG 1/100 ガンダムAGE-2 ダークハウンド (2012),BANDAI SPIRITS,Universal Century,MG,1/100
4573102628435,MG 1/100 ガンダムAGE-2 ノーマル,BANDAI SPIRITS,機動戦士ガンダムAGE,MG,1/100
,MG 1/100 ガンダムAGE-2 ノーマル (2012),BANDAI SPIRITS,Universal Century,MG,1/100
,MG 1/100 ガンダムAGE-2ノーマル 特務隊仕様,BANDAI SPIRITS,機動戦士ガンダムAGE,MG,1/100
4573102570659,MG 1/100 ガンダムAGEIIマグナム,BANDAI SPIRITS,ガンダムビルドシリーズ,MG,1/100
,MG 1/100 ガンダムAGEIIマグナム (2019),BANDAI SPIRITS,Universal Century,MG,1/100
4902425345666,MG 1/100 ガンダムF90,BANDAI SPIRITS,機動戦士ガンダムF90,MG,1/100
,MG 1/100 ガンダムF90 2号機,BANDAI SPIRITS,機動戦士ガンダムF90,MG,1/100
,MG 1/100 ガンダムF90 Nタイプ,BANDAI SPIRITS,機動戦士ガンダムF90,MG,1/100
,MG 1/100 ガンダムF90II Iタイプ,BANDAI SPIRITS,機動戦士ガンダムF90,MG,1/100
,MG 1/100 ガンダムF90用 ミッションパック Aタイプ&Lタイプ,BANDAI SPIRITS,機動戦士ガンダムF90,MG,1/100
,MG 1/100 ガンダムF90用 ミッションパック Bタイプ&Kタイプ,BANDAI SPIRITS,機動戦士ガンダムF90,MG,1/100
,MG 1/100 ガンダムF90用 ミッションパック Cタイプ&Tタイプ,BANDAI SPIRITS,機動戦士ガンダムF90,MG,1/100
,MG 1/100 ガンダムF90用 ミッションパック Dタイプ&Gタイプ,BANDAI SPIRITS,機動戦士ガンダムF90,MG,1/100
,MG 1/100 ガンダムF90用 ミッションパック Eタイプ&Sタイプ,BANDAI SPIRITS,機動戦士ガンダムF90,MG,1/100
,MG 1/100 ガンダムF90用 ミッションパック Fタイプ&Mタイプ,BANDAI SPIRITS,機動戦士ガンダムF90,MG,1/100
,MG 1/100 ガンダムF90用 ミッションパック Hタイプ,BANDAI SPIRITS,機動戦士ガンダムF90,MG,1/100
,MG 1/100 ガンダムF90用 ミッションパック Iタイプ（木星決戦仕様）,BANDAI SPIRITS,機動戦士ガンダムF90,MG,1/100
,MG 1/100 ガンダムF90用 ミッションパック Jタイプ&Qタイプ,BANDAI SPIRITS,機動戦士ガンダムF90,MG,1/100
,MG 1/100 ガンダムF90用 ミッションパック Oタイプ&Uタイプ,BANDAI SPIRITS,機動戦士ガンダムF90,MG,1/100
,MG 1/100 ガンダムF90用 ミッションパック Pタイプ,BANDAI SPIRITS,機動戦士ガンダムF90,MG,1/100
,MG 1/100 ガンダムF90用 ミッションパック Rタイプ&Vタイプ,BANDAI SPIRITS,機動戦士ガンダムF90,MG,1/100
,MG 1/100 ガンダムF90用 ミッションパック Wタイプ,BANDAI SPIRITS,機動戦士ガンダムF90,MG,1/100
,MG 1/100 ガンダムF90用 ミッションパック 専用ハンガー 2個セット,BANDAI SPIRITS,機動戦士ガンダムF90,MG,1/100
4902425345666,MG 1/100 ガンダムF90（火星独立ジオン軍仕様）,BANDAI SPIRITS,機動戦士ガンダムF90,MG,1/100
4573102616128,MG 1/100 ガンダムF91 Ver.2.0,BANDAI SPIRITS,機動戦士ガンダムF91,MG,1/100
,MG 1/100 ガンダムF91 Ver.2.0 (2018),BANDAI SPIRITS,Universal Century,MG,1/100
,MG 1/100 ガンダムF91 Ver.2.0 バックキャノン装着型 & ツイン・ヴェスバー装着型,BANDAI SPIRITS,機動戦士ガンダムF91,MG,1/100
4573102616128,MG 1/100 ガンダムF91 Ver.2.0（ハリソン・マディン専用機）,BANDAI SPIRITS,機動戦士ガンダムF91,MG,1/100
4573102616128,MG 1/100 ガンダムF91 Ver.2.0（残像イメージカラー）,BANDAI SPIRITS,機動戦士ガンダムF91,MG,1/100
,MG 1/100 ガンダムF91 Ver.2.0［チタニウムフィニッシュ］,BANDAI SPIRITS,機動戦士ガンダムF91,MG,1/100
4573102635358,MG 1/100 ガンダムGP01,BANDAI SPIRITS,機動戦士ガンダム0083 STARDUST MEMORY,MG,1/100
4573102635358,MG 1/100 ガンダムGP01Fb,BANDAI SPIRITS,機動戦士ガンダム0083 STARDUST MEMORY,MG,1/100
4573102635365,MG 1/100 ガンダムGP02A,BANDAI SPIRITS,機動戦士ガンダム0083 STARDUST MEMORY,MG,1/100
4573102638380,MG 1/100 ガンダムGP03S ステイメン,BANDAI SPIRITS,機動戦士ガンダム0083 STARDUST MEMORY,MG,1/100
4902425613642,MG 1/100 ガンダムMk-II（エゥーゴ仕様）,BANDAI SPIRITS,機動戦士Zガンダム,MG,1/100
4573102615770,MG 1/100 ガンダムMk-II（エゥーゴ仕様）Ver.2.0,BANDAI SPIRITS,機動戦士Zガンダム,MG,1/100
4902425700687,MG 1/100 ガンダムMk-II（エゥーゴ仕様）Ver.2.0 HDカラー,BANDAI SPIRITS,機動戦士Zガンダム,MG,1/100
4902425700687,MG 1/100 ガンダムMk-II（ティターンズ仕様）,BANDAI SPIRITS,機動戦士Zガンダム,MG,1/100
4573102615794,MG 1/100 ガンダムMk-II（ティターンズ仕様）Ver.2.0,BANDAI SPIRITS,機動戦士Zガンダム,MG,1/100
4902425700687,MG 1/100 ガンダムMk-II（ティターンズ仕様）Ver.2.0 HDカラー,BANDAI SPIRITS,機動戦士Zガンダム,MG,1/100
,MG 1/100 ガンダムMk-V,BANDAI SPIRITS,ガンダム・センチネル,MG,1/100
,MG 1/100 ガンダムMk-V［クリアカラー］,BANDAI SPIRITS,ガンダム・センチネル,MG,1/100
4902425709499,MG 1/100 ガンダムNT-1,BANDAI SPIRITS,機動戦士ガンダム0080 ポケットの中の戦争,MG,1/100
4573102577061,MG 1/100 ガンダムNT-1 Ver.2.0,BANDAI SPIRITS,機動戦士ガンダム0080 ポケットの中の戦争,MG,1/100
,MG 1/100 ガンダムNT-1 Ver.2.0 (2019),BANDAI SPIRITS,Universal Century,MG,1/100
,MG 1/100 ガンダムNT-1 ver.2.0［クリアカラー］,BANDAI SPIRITS,機動戦士ガンダム0080 ポケットの中の戦争,MG,1/100
4902425709499,MG 1/100 ガンダムNT-1（メタルクリヤーバージョン）,BANDAI SPIRITS,機動戦士ガンダム0080 ポケットの中の戦争,MG,1/100
,MG 1/100 ガンダムTR-1［アドバンスド・ヘイズル］,BANDAI SPIRITS,ADVANCE OF Z ティターンズの旗のもとに,MG,1/100
,MG 1/100 ガンダムTR-1［ヘイズル・アウスラ］,BANDAI SPIRITS,ADVANCE OF Z ティターンズの旗のもとに,MG,1/100
,MG 1/100 ガンダムTR-1［ヘイズル改］,BANDAI SPIRITS,ADVANCE OF Z ティターンズの旗のもとに,MG,1/100
,MG 1/100 ガンダムTR-1［ヘイズル改］用シールド・ブースター拡張セット,BANDAI SPIRITS,ADVANCE OF Z ティターンズの旗のもとに,MG,1/100
,MG 1/100 ガンダムTR-1［ヘイズル改］（実戦配備カラー）,BANDAI SPIRITS,ADVANCE OF Z ティターンズの旗のもとに,MG,1/100
,MG 1/100 ガンダムVer.ONE YEAR WAR 0079,BANDAI SPIRITS,機動戦士ガンダム,MG,1/100
,MG 1/100 ガンダムVer.ONE YEAR WAR 0079 アニメーションカラーバージョン,BANDAI SPIRITS,機動戦士ガンダム,MG,1/100
,MG 1/100 ガンダムX (2014),BANDAI SPIRITS,Universal Century,MG,1/100
,MG 1/100 ガンダムX3号機,BANDAI SPIRITS,機動新世紀ガンダムX,MG,1/100
,MG 1/100 ガンダムべース限定 RX-78-3 G-3ガンダム Ver.3.0,BANDAI SPIRITS,機動戦士ガンダム,MG,1/100
,MG 1/100 ガンダムアストレア TYPE-F用 アヴァランチダッシュユニット,BANDAI SPIRITS,機動戦士ガンダム00,MG,1/100
,MG 1/100 ガンダムアストレア TYPE-F（フルウェポンセット）,BANDAI SPIRITS,機動戦士ガンダム00,MG,1/100
,MG 1/100 ガンダムアストレア+プロトGNツインブロードブレイド,BANDAI SPIRITS,機動戦士ガンダム00,MG,1/100
,MG 1/100 ガンダムアストレイ アウトフレームD,BANDAI SPIRITS,機動戦士ガンダムSEED ASTRAY,MG,1/100
,MG 1/100 ガンダムアストレイ ゴールドフレーム［スペシャルコーティング］,BANDAI SPIRITS,機動戦士ガンダムSEED ASTRAY,MG,1/100
,MG 1/100 ガンダムアストレイ ターンレッド,BANDAI SPIRITS,機動戦士ガンダムSEED ASTRAY,MG,1/100
4573102576972,MG 1/100 ガンダムアストレイ ノワール,BANDAI SPIRITS,機動戦士ガンダムSEED ASTRAY,MG,1/100
4573102630476,MG 1/100 ガンダムアストレイ ブルーフレームD,BANDAI SPIRITS,機動戦士ガンダムSEED ASTRAY,MG,1/100
,MG 1/100 ガンダムアストレイ ブルーフレームD (2014),BANDAI SPIRITS,機動戦士ガンダムSEED ASTRAY,MG,1/100
4573102635747,MG 1/100 ガンダムアストレイ ブルーフレームセカンドリバイ,BANDAI SPIRITS,機動戦士ガンダムSEED ASTRAY,MG,1/100
,MG 1/100 ガンダムアストレイ レッドドラゴン,BANDAI SPIRITS,機動戦士ガンダムSEED ASTRAY,MG,1/100
4573102616074,MG 1/100 ガンダムアストレイ レッドフレーム,BANDAI SPIRITS,機動戦士ガンダムSEED ASTRAY,MG,1/100
,MG 1/100 ガンダムアストレイブルーフレームD用 ドラグーンフォーメーションベース,BANDAI SPIRITS,機動戦士ガンダムSEED ASTRAY,MG,1/100
4543112614186,MG 1/100 ガンダムアストレイミラージュフレーム セカンドイシュー,BANDAI SPIRITS,機動戦士ガンダムSEED ASTRAY,MG,1/100
,MG 1/100 ガンダムアストレイレッドフレーム フライトユニット,BANDAI SPIRITS,機動戦士ガンダムSEED ASTRAY,MG,1/100
,MG 1/100 ガンダムアストレイレッドフレーム メッキフレーム/カラークリア,BANDAI SPIRITS,機動戦士ガンダムSEED ASTRAY,MG,1/100
4573102579874,MG 1/100 ガンダムアストレイレッドフレーム改,BANDAI SPIRITS,機動戦士ガンダムSEED ASTRAY,MG,1/100
,MG 1/100 ガンダムアストレイレッドフレーム用 フライトユニット拡張セット,BANDAI SPIRITS,機動戦士ガンダムSEED ASTRAY,MG,1/100
,MG 1/100 ガンダムアメイジングエクシア,BANDAI SPIRITS,ガンダムビルドシリーズ,MG,1/100
4549660013013,MG 1/100 ガンダムアメイジングレッドウォーリア,BANDAI SPIRITS,ガンダムビルドシリーズ,MG,1/100
,MG 1/100 ガンダムアメイジングレッドウォーリア (2015),BANDAI SPIRITS,ガンダムビルドシリーズ,MG,1/100
,MG 1/100 ガンダムアヴァランチエクシアダッシュ,BANDAI SPIRITS,機動戦士ガンダム00,MG,1/100
4573102615862,MG 1/100 ガンダムエクシア,BANDAI SPIRITS,機動戦士ガンダム00,MG,1/100
4543112610157,MG 1/100 ガンダムエクシア イグニッションモード,BANDAI SPIRITS,機動戦士ガンダム00,MG,1/100
,MG 1/100 ガンダムエクシア ソリッドクリア,BANDAI SPIRITS,機動戦士ガンダム00,MG,1/100
,MG 1/100 ガンダムエクシア ソリッドクリアアナザー,BANDAI SPIRITS,機動戦士ガンダム00,MG,1/100
,MG 1/100 ガンダムエクシア リペアII,BANDAI SPIRITS,機動戦士ガンダム00,MG,1/100
,MG 1/100 ガンダムエクシア リペアIII,BANDAI SPIRITS,機動戦士ガンダム00,MG,1/100
4543112956903,MG 1/100 ガンダムエクシアダークマター,BANDAI SPIRITS,機動戦士ガンダム00,MG,1/100
,MG 1/100 ガンダムエクシアダークマター (2015),BANDAI SPIRITS,機動戦士ガンダム00,MG,1/100
4543112956903,MG 1/100 ガンダムエクシア（トランザムモード）グロスインジェクションVer.,BANDAI SPIRITS,機動戦士ガンダム00,MG,1/100
,MG 1/100 ガンダムエクスインパルス,BANDAI SPIRITS,機動戦士ガンダムSEED DESTINY,MG,1/100
4573102630421,MG 1/100 ガンダムエピオン EW,BANDAI SPIRITS,新機動戦記ガンダムW Endless Waltz,MG,1/100
4573102630421,MG 1/100 ガンダムエピオン EW（シュトゥルム・ウント・ドラング装備）,BANDAI SPIRITS,新機動戦記ガンダムW Endless Waltz,MG,1/100
,MG 1/100 ガンダムエピオンEW［CROSS CONTRAST COLORS / CLEAR WHITE］,BANDAI SPIRITS,新機動戦記ガンダムW Endless Waltz,MG,1/100
4573102595478,MG 1/100 ガンダムキュリオス,BANDAI SPIRITS,機動戦士ガンダム00,MG,1/100
,MG 1/100 ガンダムキュリオス (2020),BANDAI SPIRITS,機動戦士ガンダム00,MG,1/100
4573102630438,MG 1/100 ガンダムサンドロックEW (アーマディロリザード装備),BANDAI SPIRITS,新機動戦記ガンダムW Endless Waltz,MG,1/100
4573102630438,MG 1/100 ガンダムサンドロックEW（アーマディロ装備）,BANDAI SPIRITS,新機動戦記ガンダムW Endless Waltz,MG,1/100
,MG 1/100 ガンダムサンドロック改 EW,BANDAI SPIRITS,新機動戦記ガンダムW Endless Waltz,MG,1/100
4543112128188,MG 1/100 ガンダムシュピーゲル,BANDAI SPIRITS,機動武闘伝Gガンダム,MG,1/100
,MG 1/100 ガンダムストームブリンガー,BANDAI SPIRITS,機動戦士ガンダム00,MG,1/100
,MG 1/100 ガンダムストームブリンガー F.A.（フェイタル・アッシュ）/ジム・タービュレンス,BANDAI SPIRITS,機動戦士ガンダム,MG,1/100
,MG 1/100 ガンダムストームブリンガー P.F.,BANDAI SPIRITS,機動戦士ガンダム00,MG,1/100
4573102628466,MG 1/100 ガンダムダブルエックス,BANDAI SPIRITS,機動新世紀ガンダムX,MG,1/100
,MG 1/100 ガンダムダブルエックス (2015),BANDAI SPIRITS,Universal Century,MG,1/100
4573102628411,MG 1/100 ガンダムデスサイズ EW（ルーセット装備）,BANDAI SPIRITS,新機動戦記ガンダムW Endless Waltz,MG,1/100
4573102615886,MG 1/100 ガンダムデスサイズヘル EW,BANDAI SPIRITS,新機動戦記ガンダムW Endless Waltz,MG,1/100
,MG 1/100 ガンダムデスサイズヘル EW［スペシャルコーティング］,BANDAI SPIRITS,新機動戦記ガンダムW Endless Waltz,MG,1/100
4573102567673,MG 1/100 ガンダムデュナメス,BANDAI SPIRITS,機動戦士ガンダム00,MG,1/100
,MG 1/100 ガンダムデュナメス (2019),BANDAI SPIRITS,機動戦士ガンダム00,MG,1/100
4573102567673,MG 1/100 ガンダムデュナメス（トランザムモード）[メタリックグロスインジェクション],BANDAI SPIRITS,機動戦士ガンダム00,MG,1/100
4573102582225,MG 1/100 ガンダムバルバトス,BANDAI SPIRITS,機動戦士ガンダム 鉄血のオルフェンズ,MG,1/100
,MG 1/100 ガンダムバルバトス (2019),BANDAI SPIRITS,機動戦士ガンダム 鉄血のオルフェンズ,MG,1/100
,MG 1/100 ガンダムバルバトス ソリッドクリア,BANDAI SPIRITS,機動戦士ガンダム 鉄血のオルフェンズ,MG,1/100
4573102691811,MG 1/100 ガンダムバルバトスルプス,BANDAI SPIRITS,機動戦士ガンダム 鉄血のオルフェンズ,MG,1/100
,MG 1/100 ガンダムバルバトスルプス (2025),BANDAI SPIRITS,機動戦士ガンダム 鉄血のオルフェンズ,MG,1/100
,MG 1/100 ガンダムバルバトスルプス用 拡張パーツセット,BANDAI SPIRITS,機動戦士ガンダム 鉄血のオルフェンズ,MG,1/100
,MG 1/100 ガンダムバルバトス用 拡張パーツセット,BANDAI SPIRITS,機動戦士ガンダム 鉄血のオルフェンズ,MG,1/100
,MG 1/100 ガンダムバルバトス［アイアンブラッドコーティング］,BANDAI SPIRITS,機動戦士ガンダム 鉄血のオルフェンズ,MG,1/100
,MG 1/100 ガンダムバルバトス［チタニウムフィニッシュ］,BANDAI SPIRITS,機動戦士ガンダム 鉄血のオルフェンズ,MG,1/100
,MG 1/100 ガンダムバルバトス［リサーキュレーションカラー/ネオンブルー］,BANDAI SPIRITS,機動戦士ガンダム 鉄血のオルフェンズ,MG,1/100
4543112967190,MG 1/100 ガンダムフェニーチェリナーシタ,BANDAI SPIRITS,機動戦士ガンダム00,MG,1/100
,MG 1/100 ガンダムフェニーチェリナーシタ (2015),BANDAI SPIRITS,Universal Century,MG,1/100
,MG 1/100 ガンダムフェニーチェリナーシタアルバ,BANDAI SPIRITS,機動戦士ガンダム00,MG,1/100
,MG 1/100 ガンダムフェニーチェリナーシタ［クリアカラー］,BANDAI SPIRITS,機動戦士ガンダム00,MG,1/100
4573102630445,MG 1/100 ガンダムヘビーアームズ EW,BANDAI SPIRITS,新機動戦記ガンダムW Endless Waltz,MG,1/100
,MG 1/100 ガンダムヘビーアームズ EW (2012),BANDAI SPIRITS,Universal Century,MG,1/100
4573102630445,MG 1/100 ガンダムヘビーアームズ EW（イーゲル装備）,BANDAI SPIRITS,新機動戦記ガンダムW Endless Waltz,MG,1/100
,MG 1/100 ガンダムヘビーアームズ改 EW,BANDAI SPIRITS,新機動戦記ガンダムW Endless Waltz,MG,1/100
,MG 1/100 ガンダムベース限定 FAZZ Ver.Ka[チタニウムフィニッシュ],BANDAI SPIRITS,機動戦士ガンダムZZ,MG,1/100
,MG 1/100 ガンダムベース限定 MS CAGE,BANDAI SPIRITS,機動戦士ガンダム00,MG,1/100
,MG 1/100 ガンダムベース限定 MSN-04 サザビーVer.Ka［スペシャルコーティング］,BANDAI SPIRITS,機動戦士ガンダム 逆襲のシャア,MG,1/100
,MG 1/100 ガンダムベース限定 RX-78-2 ガンダム Ver.3.0［ガンダムベースカラー］,BANDAI SPIRITS,機動戦士ガンダム,MG,1/100
,MG 1/100 ガンダムベース限定 RX-78-2 ガンダム Ver.3.0［クリアカラー］,BANDAI SPIRITS,機動戦士ガンダム,MG,1/100
4543112631091,MG 1/100 ガンダムベース限定 RX-78-2 ガンダム Ver.3.0［チタニウムフィニッシュ］,BANDAI SPIRITS,機動戦士ガンダム,MG,1/100
,MG 1/100 ガンダムベース限定 RX-78-2ガンダム（パーフェクトガンダムVer.）［アニメカラー］,BANDAI SPIRITS,機動戦士ガンダムMSV,MG,1/100
,MG 1/100 ガンダムベース限定 V2アサルトバスターガンダムVer.Ka［チタニウムフィニッシュ］,BANDAI SPIRITS,機動戦士ガンダムSEED,MG,1/100
,MG 1/100 ガンダムベース限定 ウイングガンダムゼロ EW Ver.Ka［リサーキュレーションカラー/ネオンピンク］,BANDAI SPIRITS,新機動戦記ガンダムW Endless Waltz,MG,1/100
,MG 1/100 ガンダムベース限定 ウイングガンダムゼロEW Ver.Ka [クリアカラー],BANDAI SPIRITS,新機動戦記ガンダムW Endless Waltz,MG,1/100
,MG 1/100 ガンダムベース限定 ウイングガンダムゼロEW Ver.Ka［チタニウムフィニッシュ］,BANDAI SPIRITS,新機動戦記ガンダムW Endless Waltz,MG,1/100
,MG 1/100 ガンダムベース限定 エクリプスガンダム［クリアカラー］,BANDAI SPIRITS,機動戦士ガンダム00,MG,1/100
,MG 1/100 ガンダムベース限定 エールストライクガンダムVer.RM［クリアカラー］,BANDAI SPIRITS,機動戦士ガンダムSEED,MG,1/100
,MG 1/100 ガンダムベース限定 カタパルトベース,BANDAI SPIRITS,機動戦士ガンダム00,MG,1/100
,MG 1/100 ガンダムベース限定 ガンダムAGE-1 ウェアシステムセット[クリアカラー],BANDAI SPIRITS,機動戦士ガンダムAGE,MG,1/100
,MG 1/100 ガンダムベース限定 ガンダムF90［クリアカラー］,BANDAI SPIRITS,機動戦士ガンダムF90,MG,1/100
,MG 1/100 ガンダムベース限定 ガンダムアストレイ レッドフレーム［リサーキュレーションカラー/ネオンピンク］,BANDAI SPIRITS,機動戦士ガンダムSEED ASTRAY,MG,1/100
,MG 1/100 ガンダムベース限定 ガンダムアストレイレッドフレーム フライトユニット メッキフレーム/カラークリア,BANDAI SPIRITS,機動戦士ガンダムSEED ASTRAY,MG,1/100
,MG 1/100 ガンダムベース限定 ガンダムエクシア［クリアカラー］,BANDAI SPIRITS,機動戦士ガンダム00,MG,1/100
,MG 1/100 ガンダムベース限定 ガンダムエピオン EW[スペシャルコーティング],BANDAI SPIRITS,新機動戦記ガンダムW Endless Waltz,MG,1/100
,MG 1/100 ガンダムベース限定 ガンダムキュリオス［クリアカラー］,BANDAI SPIRITS,機動戦士ガンダム00,MG,1/100
,MG 1/100 ガンダムベース限定 ガンダムデュナメス［クリアカラー］,BANDAI SPIRITS,機動戦士ガンダム00,MG,1/100
,MG 1/100 ガンダムベース限定 ガンダムナドレ,BANDAI SPIRITS,機動戦士ガンダム00,MG,1/100
,MG 1/100 ガンダムベース限定 ガンダムバルバトス用 拡張パーツセット［クリアカラー］,BANDAI SPIRITS,機動戦士ガンダム 鉄血のオルフェンズ,MG,1/100
,MG 1/100 ガンダムベース限定 ガンダムバルバトス［クリアカラー］,BANDAI SPIRITS,機動戦士ガンダム 鉄血のオルフェンズ,MG,1/100
,MG 1/100 ガンダムベース限定 ガンダムヴァーチェ［クリアカラー］,BANDAI SPIRITS,機動戦士ガンダム00,MG,1/100
,MG 1/100 ガンダムベース限定 クロスボーンガンダムX-1 フルクロス［エクストラフィニッシュ］,BANDAI SPIRITS,機動新世紀ガンダムX,MG,1/100
,MG 1/100 ガンダムベース限定 ザクウォーリア（ライブコンサート Ver.）,BANDAI SPIRITS,機動戦士ガンダムSEED DESTINY,MG,1/100
,MG 1/100 ガンダムベース限定 ザクキャノン（ZガンダムVer.）,BANDAI SPIRITS,機動戦士ガンダムMSV,MG,1/100
,MG 1/100 ガンダムベース限定 シナンジュ［メカニカルクリア］,BANDAI SPIRITS,機動戦士ガンダムUC,MG,1/100
,MG 1/100 ガンダムベース限定 デスティニーガンダム（ハイネ専用機）,BANDAI SPIRITS,機動戦士ガンダムSEED DESTINY,MG,1/100
,MG 1/100 ガンダムベース限定 トランザムライザー［クリアカラー］,BANDAI SPIRITS,機動戦士ガンダム00,MG,1/100
,MG 1/100 ガンダムベース限定 ドム［クリアカラー］,BANDAI SPIRITS,機動戦士ガンダム,MG,1/100
,MG 1/100 ガンダムベース限定 パーフェクトストライクガンダム グランドスラム装備型,BANDAI SPIRITS,機動戦士ガンダムSEED,MG,1/100
,MG 1/100 ガンダムベース限定 フリーダムガンダム Ver.2.0［クリアカラー］,BANDAI SPIRITS,機動戦士ガンダムSEED,MG,1/100
,MG 1/100 ガンダムベース限定 フリーダムガンダム Ver.2.0［シルバーコーティング］,BANDAI SPIRITS,機動戦士ガンダムSEED,MG,1/100
,MG 1/100 ガンダムベース限定 ボール Ver.Ka［メカニカルクリア］,BANDAI SPIRITS,機動戦士ガンダム,MG,1/100
,MG 1/100 ガンダムベース限定 ユニコーンガンダム ペルフェクティビリティ,BANDAI SPIRITS,機動戦士ガンダムUC,MG,1/100
,MG 1/100 ガンダムベース限定 ユニコーンガンダム（光の結晶体）,BANDAI SPIRITS,機動戦士ガンダムUC,MG,1/100
,MG 1/100 ガンダムベース限定 戦国アストレイ頑駄無［メタリック］,BANDAI SPIRITS,ガンダムビルドシリーズ,MG,1/100
,MG 1/100 ガンダムリバティアストレイ レッドフレーム (2026),BANDAI SPIRITS,機動戦士ガンダムSEED ASTRAY,MG,1/100
4573102617880,MG 1/100 ガンダムヴァーチェ,BANDAI SPIRITS,機動戦士ガンダム00,MG,1/100
,MG 1/100 ガンダムヴァーチェ (2021),BANDAI SPIRITS,機動戦士ガンダム00,MG,1/100
4573102683533,MG 1/100 ガンダムヴィダール,BANDAI SPIRITS,機動戦士ガンダム 鉄血のオルフェンズ,MG,1/100
,MG 1/100 ガンダムヴィダール (2025),BANDAI SPIRITS,機動戦士ガンダム 鉄血のオルフェンズ,MG,1/100
,MG 1/100 キャスバル専用ガンダム Ver.3.0,BANDAI SPIRITS,機動戦士ガンダム00,MG,1/100
,MG 1/100 キャスバル専用ガンダム メタリックコーティングバージョン,BANDAI SPIRITS,機動戦士ガンダム00,MG,1/100
4573102635082,MG 1/100 キュベレイ,BANDAI SPIRITS,機動戦士Zガンダム,MG,1/100
4543112613981,MG 1/100 キュベレイMk-II（エルピー・プル専用機）,BANDAI SPIRITS,機動戦士ガンダムZZ,MG,1/100
4573102631930,MG 1/100 キュベレイMk-II（プルツー専用機）,BANDAI SPIRITS,機動戦士ガンダムZZ,MG,1/100
,MG 1/100 キュベレイダムド,BANDAI SPIRITS,機動戦士Zガンダム,MG,1/100
,MG 1/100 キュベレイ・アンベリール,BANDAI SPIRITS,機動戦士Zガンダム,MG,1/100
,MG 1/100 ギャン エクストラフィニッシュバージョン,BANDAI SPIRITS,機動戦士ガンダム,MG,1/100
4573102554567,MG 1/100 ギラ・ドーガ,BANDAI SPIRITS,機動戦士ガンダム 逆襲のシャア,MG,1/100
,MG 1/100 ギラ・ドーガ (2013),BANDAI SPIRITS,Universal Century,MG,1/100
4573102554567,MG 1/100 ギラ・ドーガ（フル・フロンタル専用機）,BANDAI SPIRITS,機動戦士ガンダム 逆襲のシャア,MG,1/100
4573102554567,MG 1/100 ギラ・ドーガ（ユニコーンVer.）,BANDAI SPIRITS,機動戦士ガンダムUC,MG,1/100
4573102554567,MG 1/100 ギラ・ドーガ（レズン・シュナイダー専用機）,BANDAI SPIRITS,機動戦士ガンダム 逆襲のシャア,MG,1/100
4573102641175,MG 1/100 クロスボーンガンダムX-1 Ver.Ka,BANDAI SPIRITS,機動新世紀ガンダムX,MG,1/100
4573102663733,MG 1/100 クロスボーンガンダムX-1フルクロス,BANDAI SPIRITS,機動新世紀ガンダムX,MG,1/100
,MG 1/100 クロスボーンガンダムX2 Ver.Ka,BANDAI SPIRITS,機動新世紀ガンダムX,MG,1/100
,MG 1/100 クロスボーンガンダムX3 Ver.Ka,BANDAI SPIRITS,機動新世紀ガンダムX,MG,1/100
,MG 1/100 クロスボーン・ガンダムX0 Ver.Ka,BANDAI SPIRITS,機動新世紀ガンダムX,MG,1/100
4573102641175,MG 1/100 クロスボーン・ガンダムX1（パッチワーク）Ver.Ka,BANDAI SPIRITS,機動新世紀ガンダムX,MG,1/100
,MG 1/100 クロスボーン・ガンダムX2改 Ver.Ka,BANDAI SPIRITS,機動新世紀ガンダムX,MG,1/100
,MG 1/100 グフ Ver.2.0［クリアカラー］,BANDAI SPIRITS,機動戦士ガンダム,MG,1/100
,MG 1/100 グフ “ONE YEAR WAR 0079”設定カラーVer.,BANDAI SPIRITS,機動戦士ガンダム,MG,1/100
,MG 1/100 ケンプファー・シュヴェーア,BANDAI SPIRITS,機動戦士ガンダム0080 ポケットの中の戦争,MG,1/100
,MG 1/100 ゲルググ シャア・アズナブル大佐機 “ONE YEAR WAR 0079”設定カラーVer.,BANDAI SPIRITS,機動戦士ガンダム,MG,1/100
4573102698933,MG 1/100 ゲルググキャノン,BANDAI SPIRITS,機動戦士ガンダムMSV,MG,1/100
4543112642523,MG 1/100 コア・ブースター Ver.ka,BANDAI SPIRITS,機動戦士ガンダム,MG,1/100
4573102635396,MG 1/100 ゴッグ,BANDAI SPIRITS,機動戦士ガンダム,MG,1/100
,MG 1/100 サザビー Ver.Ka & RE/100 1/100 ナイチンゲール用 拡張ファンネルエフェクトセット,BANDAI SPIRITS,機動戦士ガンダム 逆襲のシャア,MG,1/100
,MG 1/100 サザビー Ver.Ka［メカニカルクリア］,BANDAI SPIRITS,機動戦士ガンダム 逆襲のシャア,MG,1/100
,MG 1/100 サザビー メタリックコーティングバージョン,BANDAI SPIRITS,機動戦士ガンダム 逆襲のシャア,MG,1/100
,MG 1/100 サザビーVer.Ka メカニカルクリア,BANDAI SPIRITS,機動戦士ガンダム 逆襲のシャア,MG,1/100
,MG 1/100 ザクII Ver.2.0 ア・バオア・クー防衛隊仕様,BANDAI SPIRITS,機動戦士ガンダム,MG,1/100
4543112555212,MG 1/100 ザクキャノン,BANDAI SPIRITS,機動戦士ガンダムMSV,MG,1/100
4543112531193,MG 1/100 ザクマインレイヤー,BANDAI SPIRITS,機動戦士ガンダムMSV,MG,1/100
4543112555212,MG 1/100 ザク・キャノン（イアン・グレーデン専用機）,BANDAI SPIRITS,機動戦士ガンダムMSV,MG,1/100
4543112555212,MG 1/100 ザク・キャノン（ユニコーンカラーVer.）,BANDAI SPIRITS,機動戦士ガンダムUC,MG,1/100
4573102640956,MG 1/100 シェンロンガンダム EW（タウヤー装備）,BANDAI SPIRITS,新機動戦記ガンダムW Endless Waltz,MG,1/100
4573102557094,MG 1/100 シナンジュ,BANDAI SPIRITS,機動戦士ガンダムUC,MG,1/100
,MG 1/100 シナンジュ (2013),BANDAI SPIRITS,機動戦士ガンダムUC,MG,1/100
,MG 1/100 シナンジュ・スタイン (ナラティブ Ver.) Ver.Ka (2024),BANDAI SPIRITS,機動戦士ガンダムUC,MG,1/100
4573102666949,MG 1/100 シナンジュ・スタイン（ナラティブ Ver.）Ver.Ka,BANDAI SPIRITS,機動戦士ガンダムUC,MG,1/100
4573102557094,MG 1/100 シナンジュ・スタイン（ナラティブVer.）,BANDAI SPIRITS,機動戦士ガンダムUC,MG,1/100
,MG 1/100 シナンジュ・スタイン（ナラティブVer.） (2019),BANDAI SPIRITS,機動戦士ガンダムUC,MG,1/100
,MG 1/100 シナンジュ専用バズーカ,BANDAI SPIRITS,機動戦士ガンダムUC,MG,1/100
4543112164025,MG 1/100 シャア専用 リック・ドム（コーティングバージョン）,BANDAI SPIRITS,機動戦士ガンダム,MG,1/100
4573102635716,MG 1/100 シャア専用ゲルググ,BANDAI SPIRITS,機動戦士ガンダム,MG,1/100
4573102635716,MG 1/100 シャア専用ゲルググ Ver.2.0,BANDAI SPIRITS,機動戦士ガンダム,MG,1/100
,MG 1/100 シャア専用ザク Ver.2.0 クリアカラーバージョン,BANDAI SPIRITS,機動戦士ガンダム,MG,1/100
4573102615763,MG 1/100 シャア専用ズゴック,BANDAI SPIRITS,機動戦士ガンダム,MG,1/100
4573102638403,MG 1/100 シャイニングガンダム,BANDAI SPIRITS,機動武闘伝Gガンダム,MG,1/100
,MG 1/100 シン・マツナガ専用ザクII,BANDAI SPIRITS,機動戦士ガンダムMSV,MG,1/100
4573102635754,MG 1/100 ジェガン,BANDAI SPIRITS,機動戦士ガンダム 逆襲のシャア,MG,1/100
,MG 1/100 ジェガン (2018),BANDAI SPIRITS,Universal Century,MG,1/100
4573102631480,MG 1/100 ジェスタ,BANDAI SPIRITS,機動戦士ガンダムUC,MG,1/100
,MG 1/100 ジェスタ (2013),BANDAI SPIRITS,機動戦士ガンダムUC,MG,1/100
,MG 1/100 ジェスタ・キャノン,BANDAI SPIRITS,機動戦士ガンダムUC,MG,1/100
,MG 1/100 ジェスタ・キャノン［クリアカラー］,BANDAI SPIRITS,機動戦士ガンダムUC,MG,1/100
4573102631480,MG 1/100 ジェスタ（シェザール隊仕様 B&C班装備）,BANDAI SPIRITS,機動戦士ガンダムUC,MG,1/100
4573102640949,MG 1/100 ジオング,BANDAI SPIRITS,機動戦士ガンダム,MG,1/100
,MG 1/100 ジムII・セミストライカー,BANDAI SPIRITS,ガンダムビルドシリーズ,MG,1/100
4543112467348,MG 1/100 ジムスナイパー,BANDAI SPIRITS,機動戦士ガンダムMSV,MG,1/100
,MG 1/100 ジム・キャノン（ホワイト・ディンゴ隊仕様）,BANDAI SPIRITS,機動戦士ガンダムSEED,MG,1/100
,MG 1/100 ジム・キャノン（北米戦線仕様）,BANDAI SPIRITS,機動戦士ガンダムMSV,MG,1/100
,MG 1/100 ジム・キャノン［レッド・ヘッド］（ジャブロー防衛隊仕様）,BANDAI SPIRITS,機動戦士ガンダムMSV,MG,1/100
4573102692306,MG 1/100 ジム・コマンド（コロニー戦仕様）,BANDAI SPIRITS,機動戦士ガンダム0080 ポケットの中の戦争,MG,1/100
,MG 1/100 ジム・コマンド（コロニー戦仕様） (2017),BANDAI SPIRITS,Universal Century,MG,1/100
4573102692306,MG 1/100 ジム・コマンド（宇宙戦仕様）,BANDAI SPIRITS,機動戦士ガンダム0080 ポケットの中の戦争,MG,1/100
4549660197683,MG 1/100 ジム・スナイパー カスタム,BANDAI SPIRITS,機動戦士ガンダムMSV,MG,1/100
4573102635129,MG 1/100 ジム・スナイパーII,BANDAI SPIRITS,機動戦士ガンダム0080 ポケットの中の戦争,MG,1/100
,MG 1/100 ジム・スナイパーII (2017),BANDAI SPIRITS,Universal Century,MG,1/100
4573102635129,MG 1/100 ジム・スナイパーII（ホワイト・ディンゴ隊仕様）,BANDAI SPIRITS,機動戦士ガンダム外伝 THE BLUE DESTINY,MG,1/100
4573102635129,MG 1/100 ジム・スナイパーII（リド・ウォルフ機）,BANDAI SPIRITS,機動戦士ガンダム0080 ポケットの中の戦争,MG,1/100
,MG 1/100 ジム・スナイパーII［クリアカラー］,BANDAI SPIRITS,機動戦士ガンダム0080 ポケットの中の戦争,MG,1/100
,MG 1/100 ジム・スナイパーカスタム (2017),BANDAI SPIRITS,Universal Century,MG,1/100
,MG 1/100 ジム・ドミナンス,BANDAI SPIRITS,機動戦士ガンダム,MG,1/100
,MG 1/100 ジム・ドミナンス（フィリップ・ヒューズ機）,BANDAI SPIRITS,機動戦士ガンダム,MG,1/100
4902425718699,MG 1/100 ジム（ホワイト・ディンゴ隊仕様）,BANDAI SPIRITS,機動戦士ガンダムSEED,MG,1/100
4902425718699,MG 1/100 ジム（寒冷地仕様）,BANDAI SPIRITS,機動戦士ガンダム,MG,1/100
4573102631503,MG 1/100 ジャスティスガンダム,BANDAI SPIRITS,機動戦士ガンダムSEED,MG,1/100
,MG 1/100 ジャスティスガンダム (2017),BANDAI SPIRITS,機動戦士ガンダムSEED,MG,1/100
,MG 1/100 ジャスティスガンダム［CROSS CONTRAST COLORS / CLEAR GREEN］,BANDAI SPIRITS,機動戦士ガンダムSEED,MG,1/100
,MG 1/100 ジャスティスガンダム［クリアカラー］,BANDAI SPIRITS,機動戦士ガンダムSEED,MG,1/100
,MG 1/100 ジャスティスガンダム［スペシャルコーティング］,BANDAI SPIRITS,機動戦士ガンダムSEED,MG,1/100
,MG 1/100 ジョニー・ライデン専用ゲルググ,BANDAI SPIRITS,機動戦士ガンダムMSV,MG,1/100
4573102630810,MG 1/100 ジンクス,BANDAI SPIRITS,機動戦士ガンダムSEED,MG,1/100
,MG 1/100 ジンクスIII（アロウズ型）,BANDAI SPIRITS,機動戦士ガンダムSEED,MG,1/100
,MG 1/100 ジンクスIII（連邦カラー）,BANDAI SPIRITS,機動戦士ガンダムSEED,MG,1/100
,MG 1/100 ジングラディエイター,BANDAI SPIRITS,機動戦士ガンダムSEED,MG,1/100
,MG 1/100 スタークジェガン,BANDAI SPIRITS,機動戦士ガンダム 逆襲のシャア,MG,1/100
,MG 1/100 スタービルドストライクガンダム（RGシステムVer.）,BANDAI SPIRITS,ガンダムビルドシリーズ,MG,1/100
4543112531452,MG 1/100 ストライクE+I.W.S.P.（ルカス・オドネル専用機）,BANDAI SPIRITS,機動戦士ガンダムSEED,MG,1/100
4573102641274,MG 1/100 ストライクガンダム+I.W.S.P.,BANDAI SPIRITS,機動戦士ガンダムSEED,MG,1/100
4573102641281,MG 1/100 ストライクノワールガンダム,BANDAI SPIRITS,機動戦士ガンダムSEED,MG,1/100
4573102616067,MG 1/100 ストライクフリーダムガンダム,BANDAI SPIRITS,機動戦士ガンダムSEED DESTINY,MG,1/100
4543112568922,MG 1/100 ストライクフリーダムガンダム エクストラフィニッシュVer.,BANDAI SPIRITS,機動戦士ガンダムSEED DESTINY,MG,1/100
,MG 1/100 ストライクフリーダムガンダム クリアカラーバージョン,BANDAI SPIRITS,機動戦士ガンダムSEED DESTINY,MG,1/100
4573102629036,MG 1/100 ストライクフリーダムガンダム フルバーストモード,BANDAI SPIRITS,機動戦士ガンダムSEED DESTINY,MG,1/100
,MG 1/100 ストライクフリーダムガンダム［リサーキュレーションカラー/ネオンブルー］,BANDAI SPIRITS,機動戦士ガンダムSEED DESTINY,MG,1/100
4573102628886,MG 1/100 ストライクルージュ オオトリ装備 Ver.RM,BANDAI SPIRITS,機動戦士ガンダムSEED,MG,1/100
,MG 1/100 ストライクルージュオオトリ装備 Ver.RM (2013),BANDAI SPIRITS,機動戦士ガンダムSEED,MG,1/100
,MG 1/100 スラッシュザクファントム（イザーク・ジュール専用機）,BANDAI SPIRITS,機動戦士ガンダムSEED DESTINY,MG,1/100
4902425714202,MG 1/100 スーパーガンダム,BANDAI SPIRITS,機動戦士ガンダム00,MG,1/100
4573102635389,MG 1/100 ズゴック（ユニコーンカラーVer.）,BANDAI SPIRITS,機動戦士ガンダムUC,MG,1/100
,MG 1/100 ゼータガンダム Ver.Ka (2023),BANDAI SPIRITS,Universal Century,MG,1/100
,MG 1/100 ゼータプラステストカラー,BANDAI SPIRITS,機動戦士Zガンダム,MG,1/100
4543112077240,MG 1/100 ゼータプラス（ユニコーンVer.）,BANDAI SPIRITS,機動戦士ガンダムUC,MG,1/100
4573102641182,MG 1/100 ソードインパルスガンダム,BANDAI SPIRITS,機動戦士ガンダムSEED DESTINY,MG,1/100
,MG 1/100 ターンエーガンダム/ターンX［ナノスキンイメージ］,BANDAI SPIRITS,∀ガンダム,MG,1/100
,MG 1/100 ターンエーガンダム用拡張エフェクトユニット “月光蝶”,BANDAI SPIRITS,∀ガンダム,MG,1/100
4573102638243,MG 1/100 ターンエーガンダム（月光蝶Ver.）,BANDAI SPIRITS,∀ガンダム,MG,1/100
4573102630834,MG 1/100 ダブルオーガンダム セブンソード/G,BANDAI SPIRITS,機動戦士ガンダム00,MG,1/100
,MG 1/100 ダブルオーガンダム セブンソード/G インスペクション,BANDAI SPIRITS,機動戦士ガンダム00,MG,1/100
4573102630834,MG 1/100 ダブルオーガンダム セブンソード/G（トランザムモード）[スペシャルコーティング],BANDAI SPIRITS,機動戦士ガンダム00,MG,1/100
,MG 1/100 ダブルオーガンダム セブンソード/G［クリアカラー］,BANDAI SPIRITS,機動戦士ガンダム00,MG,1/100
4573102615879,MG 1/100 ダブルオークアンタ,BANDAI SPIRITS,機動戦士ガンダム00,MG,1/100
4573102553287,MG 1/100 ダブルオークアンタフルセイバー,BANDAI SPIRITS,機動戦士ガンダム00,MG,1/100
,MG 1/100 ダブルオークアンタフルセイバー (2018),BANDAI SPIRITS,機動戦士ガンダム00,MG,1/100
,MG 1/100 ダブルオークアンタフルセイバー［スペシャルコーティング］,BANDAI SPIRITS,機動戦士ガンダム00,MG,1/100
4573102615879,MG 1/100 ダブルオークアンタ（トランザムモード）[スペシャルコーティング],BANDAI SPIRITS,機動戦士ガンダム00,MG,1/100
,MG 1/100 ダブルオーザンライザー,BANDAI SPIRITS,機動戦士ガンダム00,MG,1/100
,MG 1/100 ダブルオーザンライザー［クリアカラー］,BANDAI SPIRITS,機動戦士ガンダム00,MG,1/100
4573102630827,MG 1/100 ダブルオーライザー,BANDAI SPIRITS,機動戦士ガンダム00,MG,1/100
4573102631510,MG 1/100 ダブルゼータガンダム Ver.Ka,BANDAI SPIRITS,機動戦士ガンダムZZ,MG,1/100
,MG 1/100 ダブルゼータガンダム Ver.Ka (2017),BANDAI SPIRITS,Universal Century,MG,1/100
,MG 1/100 ダブルゼータガンダム Ver.Ka用 強化型拡張パーツ,BANDAI SPIRITS,機動戦士ガンダムZZ,MG,1/100
,MG 1/100 ダブルゼータガンダム Ver.Ka［クリアカラー］,BANDAI SPIRITS,機動戦士ガンダムZZ,MG,1/100
,MG 1/100 ダブル・フィン・ファンネル拡張ユニット,BANDAI SPIRITS,機動戦士ガンダム00,MG,1/100
,MG 1/100 テスタメントガンダム,BANDAI SPIRITS,機動戦士ガンダム00,MG,1/100
,MG 1/100 デスティニーインパルスガンダムR（リジェネス）,BANDAI SPIRITS,機動戦士ガンダムSEED DESTINY,MG,1/100
4573102615824,MG 1/100 デスティニーガンダム,BANDAI SPIRITS,機動戦士ガンダムSEED DESTINY,MG,1/100
4573102630391,MG 1/100 デスティニーガンダム エクストリームブラストモード,BANDAI SPIRITS,機動戦士ガンダムSEED DESTINY,MG,1/100
,MG 1/100 デスティニーガンダム クリアカラーバージョン,BANDAI SPIRITS,機動戦士ガンダムSEED DESTINY,MG,1/100
4573102629043,MG 1/100 デュエルガンダム アサルトシュラウド,BANDAI SPIRITS,機動戦士ガンダムSEED,MG,1/100
,MG 1/100 デュエルガンダム アサルトシュラウド (2012),BANDAI SPIRITS,機動戦士ガンダムSEED,MG,1/100
4573102640970,MG 1/100 デルタプラス,BANDAI SPIRITS,機動戦士ガンダムUC,MG,1/100
,MG 1/100 トランザムライザー,BANDAI SPIRITS,機動戦士ガンダム00,MG,1/100
4573102628459,MG 1/100 トールギス EW,BANDAI SPIRITS,新機動戦記ガンダムW Endless Waltz,MG,1/100
,MG 1/100 トールギス EW (2013),BANDAI SPIRITS,Universal Century,MG,1/100
,MG 1/100 トールギス EW［スペシャルコーティング］,BANDAI SPIRITS,新機動戦記ガンダムW Endless Waltz,MG,1/100
,MG 1/100 トールギスF EW,BANDAI SPIRITS,新機動戦記ガンダムW Endless Waltz,MG,1/100
4902425571317,MG 1/100 トールギスII,BANDAI SPIRITS,新機動戦記ガンダムW,MG,1/100
4902425571317,MG 1/100 トールギスIII,BANDAI SPIRITS,新機動戦記ガンダムW Endless Waltz,MG,1/100
,MG 1/100 トールギスIII［スペシャルコーティング］,BANDAI SPIRITS,新機動戦記ガンダムW Endless Waltz,MG,1/100
,MG 1/100 トールギスII［スペシャルコーティング］,BANDAI SPIRITS,新機動戦記ガンダムW,MG,1/100
4573102621719,MG 1/100 ドム,BANDAI SPIRITS,機動戦士ガンダム,MG,1/100
,MG 1/100 ドム (2022),BANDAI SPIRITS,Universal Century,MG,1/100
,MG 1/100 ドム “ONE YEAR WAR 0079”設定カラーVer.,BANDAI SPIRITS,機動戦士ガンダム,MG,1/100
,MG 1/100 ドワッジ,BANDAI SPIRITS,機動戦士ガンダムZZ,MG,1/100
,MG 1/100 ドワッジ改,BANDAI SPIRITS,機動戦士ガンダムZZ,MG,1/100
,MG 1/100 ナラティブガンダム B装備 Ver.Ka,BANDAI SPIRITS,機動戦士ガンダムNT,MG,1/100
4573102663085,MG 1/100 ナラティブガンダム C装備 Ver.Ka,BANDAI SPIRITS,機動戦士ガンダムNT,MG,1/100
,MG 1/100 ナラティブガンダム C装備 Ver.Ka (2024),BANDAI SPIRITS,機動戦士ガンダムNT,MG,1/100
,MG 1/100 ナラティブガンダム C装備 Ver.Ka用 B装備拡張セット,BANDAI SPIRITS,機動戦士ガンダムNT,MG,1/100
4573102635099,MG 1/100 ネモ,BANDAI SPIRITS,機動戦士Zガンダム,MG,1/100
4573102635402,MG 1/100 ハイザック,BANDAI SPIRITS,機動戦士Zガンダム,MG,1/100
,MG 1/100 ハイネ専用デスティニーガンダム,BANDAI SPIRITS,機動戦士ガンダムSEED DESTINY,MG,1/100
4902425473789,MG 1/100 ハイパーモード Gガンダム,BANDAI SPIRITS,機動武闘伝Gガンダム,MG,1/100
4543112179890,MG 1/100 ハイパーモード マスターガンダム,BANDAI SPIRITS,機動武闘伝Gガンダム,MG,1/100
4573102629067,MG 1/100 バスターガンダム,BANDAI SPIRITS,機動戦士ガンダムSEED,MG,1/100
,MG 1/100 バスターガンダム (2012),BANDAI SPIRITS,機動戦士ガンダムSEED,MG,1/100
,MG 1/100 バリュートパック,BANDAI SPIRITS,機動戦士ガンダム00,MG,1/100
,MG 1/100 パワード・ジム,BANDAI SPIRITS,機動戦士ガンダム0083 STARDUST MEMORY,MG,1/100
4573102635662,MG 1/100 パーフェクトガンダム,BANDAI SPIRITS,機動戦士ガンダムMSV,MG,1/100
4543112256515,MG 1/100 パーフェクトジオング,BANDAI SPIRITS,機動戦士ガンダムMSV,MG,1/100
,MG 1/100 パーフェクトストライクガンダム スペシャルコーティングVer.,BANDAI SPIRITS,機動戦士ガンダムSEED,MG,1/100
4543112865274,MG 1/100 ビルドガンダムMk-II,BANDAI SPIRITS,ガンダムビルドシリーズ,MG,1/100
,MG 1/100 ビルドガンダムMk-II (2014),BANDAI SPIRITS,ガンダムビルドシリーズ,MG,1/100
4543112851833,MG 1/100 ビルドストライクガンダム フルパッケージ,BANDAI SPIRITS,ガンダムビルドシリーズ,MG,1/100
,MG 1/100 ビルドストライクガンダム フルパッケージ (2014),BANDAI SPIRITS,ガンダムビルドシリーズ,MG,1/100
4573102630407,MG 1/100 フォースインパルスガンダム,BANDAI SPIRITS,機動戦士ガンダムSEED DESTINY,MG,1/100
4543112385277,MG 1/100 フリーダムガンダム,BANDAI SPIRITS,機動戦士ガンダムSEED,MG,1/100
4573102616111,MG 1/100 フリーダムガンダム Ver.2.0,BANDAI SPIRITS,機動戦士ガンダムSEED,MG,1/100
,MG 1/100 フリーダムガンダム Ver.2.0 (2016),BANDAI SPIRITS,機動戦士ガンダムSEED,MG,1/100
,MG 1/100 フリーダムガンダム Ver.2.0 フルバーストモード スペシャルコーティングVer.,BANDAI SPIRITS,機動戦士ガンダムSEED,MG,1/100
,MG 1/100 フリーダムガンダム Ver.2.0用 拡張エフェクトセット,BANDAI SPIRITS,機動戦士ガンダムSEED,MG,1/100
,MG 1/100 フリーダムガンダム Ver.2.0［CROSS CONTRAST COLORS / CLEAR BLUE］,BANDAI SPIRITS,機動戦士ガンダムSEED,MG,1/100
,MG 1/100 フリーダムガンダム クリアカラーバージョン,BANDAI SPIRITS,機動戦士ガンダムSEED,MG,1/100
,MG 1/100 フリーダムガンダムVer.2.0 ソリッドクリア,BANDAI SPIRITS,機動戦士ガンダムSEED,MG,1/100
4543112568922,MG 1/100 フリーダムガンダムエクストラフィニッシュ,BANDAI SPIRITS,機動戦士ガンダムSEED,MG,1/100
4573102720269,MG 1/100 フルアーマーZZガンダム Ver.Ka,BANDAI SPIRITS,機動戦士ガンダムZZ,MG,1/100
,MG 1/100 フルアーマーZZガンダム Ver.Ka (2026),BANDAI SPIRITS,Universal Century,MG,1/100
4573102630490,MG 1/100 フルアーマーガンダム,BANDAI SPIRITS,機動戦士ガンダムMSV,MG,1/100
,MG 1/100 フルアーマーガンダム Ver.Ka(GUNDAM THUNDERBOLT版) (2016),BANDAI SPIRITS,Universal Century,MG,1/100
4573102630490,MG 1/100 フルアーマーガンダム（ブルーカラーVer.）,BANDAI SPIRITS,機動戦士ガンダムMSV,MG,1/100
,MG 1/100 フルアーマーユニコーンガンダム メカニカルクリアVer.,BANDAI SPIRITS,機動戦士ガンダムUC,MG,1/100
4573102630490,MG 1/100 フルアーマー・ガンダム Ver.Ka（GUNDAM THUNDERBOLT版）,BANDAI SPIRITS,機動戦士ガンダム サンダーボルト,MG,1/100
,MG 1/100 フルアーマー・ガンダムVer.Ka［ハーフメカニカルクリア］,BANDAI SPIRITS,機動戦士ガンダム サンダーボルト,MG,1/100
4573102630490,MG 1/100 フルアーマー・ガンダム（GUNDAM THUNDERBOLT版）ラストセッションVer.,BANDAI SPIRITS,機動戦士ガンダム サンダーボルト,MG,1/100
4573102615893,MG 1/100 フルアーマー・ユニコーンガンダム（レッドカラーVer.）,BANDAI SPIRITS,機動戦士ガンダムUC,MG,1/100
,MG 1/100 ブラストインパルスガンダム,BANDAI SPIRITS,機動戦士ガンダムSEED DESTINY,MG,1/100
4573102629050,MG 1/100 ブリッツガンダム,BANDAI SPIRITS,機動戦士ガンダムSEED,MG,1/100
,MG 1/100 ブリッツガンダム (2012),BANDAI SPIRITS,機動戦士ガンダムSEED,MG,1/100
,MG 1/100 ブレイズザクファントム/ブレイズザクウォーリア,BANDAI SPIRITS,機動戦士ガンダムSEED DESTINY,MG,1/100
4543112341044,MG 1/100 ブレイズザクファントム（ディアッカ・エルスマン専用機）,BANDAI SPIRITS,機動戦士ガンダムSEED DESTINY,MG,1/100
4573102579256,MG 1/100 ブレイズザクファントム（レイ・ザ・バレル専用機）,BANDAI SPIRITS,機動戦士ガンダムSEED DESTINY,MG,1/100
,MG 1/100 プロトタイプグフ,BANDAI SPIRITS,機動戦士ガンダム THE ORIGIN,MG,1/100
4573102630513,MG 1/100 プロヴィデンスガンダム,BANDAI SPIRITS,機動戦士ガンダムSEED,MG,1/100
,MG 1/100 プロヴィデンスガンダム (2017),BANDAI SPIRITS,機動戦士ガンダムSEED,MG,1/100
4549660171669,MG 1/100 プロヴィデンスガンダム G.U.N.D.A.M. プレミアムエディション,BANDAI SPIRITS,機動戦士ガンダムSEED,MG,1/100
,MG 1/100 プロヴィデンスガンダム用 ドラグーンディスプレイエフェクト,BANDAI SPIRITS,機動戦士ガンダムSEED,MG,1/100
,MG 1/100 プロヴィデンスガンダム［スペシャルコーティング］,BANDAI SPIRITS,機動戦士ガンダムSEED,MG,1/100
4573102635426,MG 1/100 ボール Ver.Ka,BANDAI SPIRITS,機動戦士ガンダム,MG,1/100
4543112453815,MG 1/100 ボール（シャークマウス仕様）,BANDAI SPIRITS,機動戦士ガンダム00,MG,1/100
4573102698810,MG 1/100 ボール（第08MS小隊版）,BANDAI SPIRITS,機動戦士ガンダム 第08MS小隊,MG,1/100
,MG 1/100 ポリポッドボール,BANDAI SPIRITS,機動戦士ガンダム,MG,1/100
4573102638397,MG 1/100 マスターガンダム,BANDAI SPIRITS,機動武闘伝Gガンダム,MG,1/100
4573102629180,MG 1/100 マラサイ（ユニコーンカラーVer.）,BANDAI SPIRITS,機動戦士ガンダムUC,MG,1/100
,MG 1/100 メガ・バズーカ・ランチャー,BANDAI SPIRITS,機動戦士ガンダム00,MG,1/100
4573102615473,MG 1/100 モビルジン,BANDAI SPIRITS,機動戦士ガンダムSEED,MG,1/100
,MG 1/100 モビルジン (2021),BANDAI SPIRITS,機動戦士ガンダムSEED,MG,1/100
4573102615473,MG 1/100 モビルジン（ミゲル・アイマン専用機）,BANDAI SPIRITS,機動戦士ガンダムSEED,MG,1/100
4543112620521,MG 1/100 ユニコーンガンダム HDカラー+MS CAGE,BANDAI SPIRITS,機動戦士ガンダムUC,MG,1/100
4573102602770,MG 1/100 ユニコーンガンダム Ver.Ka,BANDAI SPIRITS,機動戦士ガンダムUC,MG,1/100
4543112584717,MG 1/100 ユニコーンガンダム Ver.Ka チタニウムフィニッシュ,BANDAI SPIRITS,機動戦士ガンダムUC,MG,1/100
4573102615930,MG 1/100 ユニコーンガンダム2号機 バンシィ Ver.Ka,BANDAI SPIRITS,機動戦士ガンダムUC,MG,1/100
,MG 1/100 ユニコーンガンダム2号機 バンシィ Ver.Ka (2018),BANDAI SPIRITS,機動戦士ガンダムUC,MG,1/100
4573102616210,MG 1/100 ユニコーンガンダム2号機 バンシィ・ノルン,BANDAI SPIRITS,機動戦士ガンダムUC,MG,1/100
,MG 1/100 ユニコーンガンダム2号機 バンシィ・ノルン（最終決戦Ver.）,BANDAI SPIRITS,機動戦士ガンダムUC,MG,1/100
,MG 1/100 ユニコーンガンダム2号機バンシィ (2012),BANDAI SPIRITS,機動戦士ガンダムUC,MG,1/100
4573102630469,MG 1/100 ユニコーンガンダム3号機 フェネクス,BANDAI SPIRITS,機動戦士ガンダムUC,MG,1/100
,MG 1/100 ユニコーンガンダム3号機 フェネクス (2014),BANDAI SPIRITS,機動戦士ガンダムUC,MG,1/100
4573102630469,MG 1/100 ユニコーンガンダム3号機 フェネクス（ナラティブVer.）,BANDAI SPIRITS,機動戦士ガンダムUC,MG,1/100
4549660150893,MG 1/100 ユニコーンガンダム（レッド/グリーン TWIN FRAME EDITION）チタニウムフィニッシュ,BANDAI SPIRITS,機動戦士ガンダムUC,MG,1/100
,MG 1/100 ユニコーンガンダム［メタリックグロスインジェクション］,BANDAI SPIRITS,機動戦士ガンダムUC,MG,1/100
,MG 1/100 ユニコーンガンダム［リサーキュレーションカラー/クリアネオングリーン］,BANDAI SPIRITS,機動戦士ガンダムUC,MG,1/100
,MG 1/100 ユニコーン専用ビームガトリング,BANDAI SPIRITS,機動戦士ガンダムUC,MG,1/100
4543112865281,MG 1/100 ユニバースブースター,BANDAI SPIRITS,機動戦士ガンダム00,MG,1/100
,MG 1/100 ユニバースブースター (2014),BANDAI SPIRITS,Universal Century,MG,1/100
,MG 1/100 ライトニングストライクガンダム Ver.RM,BANDAI SPIRITS,機動戦士ガンダムSEED,MG,1/100
4543112538017,MG 1/100 ランチャー/ソードストライクガンダム,BANDAI SPIRITS,機動戦士ガンダムSEED,MG,1/100
,MG 1/100 リゼルC型(ディフェンサーa+dユニット/ゼネラル・レビル配備機) (2013),BANDAI SPIRITS,機動戦士ガンダムUC,MG,1/100
4543112815224,MG 1/100 リゼルC型（ディフェンサーa+bユニット/ゼネラル・レビル配備機）,BANDAI SPIRITS,機動戦士ガンダムUC,MG,1/100
4901025082971,MG 1/100 リックディアス,BANDAI SPIRITS,機動戦士Zガンダム,MG,1/100
4573102641267,MG 1/100 リックディアス（クワトロ機）,BANDAI SPIRITS,機動戦士Zガンダム,MG,1/100
4573102621726,MG 1/100 リック・ドム,BANDAI SPIRITS,機動戦士ガンダム,MG,1/100
,MG 1/100 リック・ドム (2022),BANDAI SPIRITS,Universal Century,MG,1/100
,MG 1/100 リック・ドム クリアメッキバージョン,BANDAI SPIRITS,機動戦士ガンダム,MG,1/100
,MG 1/100 リ・ガズィ・カスタム,BANDAI SPIRITS,機動戦士ガンダム 逆襲のシャア,MG,1/100
4901025094486,MG 1/100 リ・ガズィ（ユニコーンVer.）,BANDAI SPIRITS,機動戦士ガンダムUC,MG,1/100
4543112033284,MG 1/100 リ・ガズィ（逆襲のシャアVer.）,BANDAI SPIRITS,機動戦士ガンダム 逆襲のシャア,MG,1/100
,MG 1/100 小説版ユニコーンガンダム2号機バンシィVer.Ka 最終決戦仕様,BANDAI SPIRITS,機動戦士ガンダムUC,MG,1/100
,MG 1/100 強化型ダブルゼータガンダム Ver.Ka,BANDAI SPIRITS,機動戦士ガンダムZZ,MG,1/100
4543112851840,MG 1/100 戦国アストレイ頑駄無,BANDAI SPIRITS,ガンダムビルドシリーズ,MG,1/100
,MG 1/100 戦国アストレイ頑駄無 (2014),BANDAI SPIRITS,ガンダムビルドシリーズ,MG,1/100
,MG 1/100 新アストレイレッドフレーム（仮）,BANDAI SPIRITS,機動戦士ガンダムSEED ASTRAY,MG,1/100
,MG 1/100 新機動戦記ガンダムW EWシリーズ用拡張パーツセット（敗者たちの栄光仕様）,BANDAI SPIRITS,機動戦士ガンダム00,MG,1/100
4573102672315,MG 1/100 武者ガンダムMk-II,BANDAI SPIRITS,SDガンダムシリーズ,MG,1/100
,MG 1/100 武者ガンダムMk-II 徳川家康 南蛮胴具足Ver.,BANDAI SPIRITS,SDガンダムシリーズ,MG,1/100
,MG 1/100 武者ガンダムMk-II 徳川家康Ver.,BANDAI SPIRITS,SDガンダムシリーズ,MG,1/100
4573102615923,MG 1/100 百式 Ver.2.0,BANDAI SPIRITS,機動戦士Zガンダム,MG,1/100
,MG 1/100 百式 Ver.2.0 (2015),BANDAI SPIRITS,Universal Century,MG,1/100
,MG 1/100 百式 Ver.2.0［メカニカルクリア］,BANDAI SPIRITS,機動戦士Zガンダム,MG,1/100
,MG 1/100 百式 Ver.2.0［メカニカルコアメッキ］,BANDAI SPIRITS,機動戦士Zガンダム,MG,1/100
4543112341129,MG 1/100 百式+バリュートシステム,BANDAI SPIRITS,機動戦士Zガンダム,MG,1/100
,MG 1/100 百式ライズカイン,BANDAI SPIRITS,機動戦士Zガンダム,MG,1/100
,MG 1/100 百式壊,BANDAI SPIRITS,機動戦士Zガンダム,MG,1/100
,MG 1/100 百式改,BANDAI SPIRITS,機動戦士Zガンダム,MG,1/100
4573102628404,MG 1/100 真武者頑駄無,BANDAI SPIRITS,SDガンダム BB戦士,MG,1/100
4573102672292,MG 1/100 真武者頑駄無 戦国の陣,BANDAI SPIRITS,SDガンダム BB戦士,MG,1/100
,MG 1/100 真武者頑駄無 戦国の陣 黒衣大鎧,BANDAI SPIRITS,SDガンダム BB戦士,MG,1/100
,MG 1/100 緊急脱出ポッド[プリムローズ]拡張セット,BANDAI SPIRITS,機動武闘伝Gガンダム,MG,1/100
4902425592909,MG 1/100 量産型ゲルググ,BANDAI SPIRITS,機動戦士ガンダム,MG,1/100
4543112519184,MG 1/100 量産型ゲルググ Ver.2.0,BANDAI SPIRITS,機動戦士ガンダム,MG,1/100
,MG 1/100 量産型リコ専用ザク,BANDAI SPIRITS,機動戦士ガンダム,MG,1/100
,MG 1/100 量産型百式改,BANDAI SPIRITS,機動戦士Zガンダム,MG,1/100
,MG 1/100 高機動型ザク“サイコ・ザク” Ver.Ka(GUNDAM THUNDERBOLT版) (2016),BANDAI SPIRITS,機動戦士ガンダム サンダーボルト,MG,1/100
4573102630506,MG 1/100 高機動型ザク“サイコ・ザク” Ver.Ka（GUNDAM THUNDERBOLT版）,BANDAI SPIRITS,機動戦士ガンダム サンダーボルト,MG,1/100
4573102630506,MG 1/100 高機動型ザク“サイコ・ザク”（GUNDAM THUNDERBOLT版）ラストセッションVer.,BANDAI SPIRITS,機動戦士ガンダム サンダーボルト,MG,1/100
4573102630506,MG 1/100 高機動型ザク”サイコ・ザク” Ver.Ka（GUNDAM THUNDERBOLT版）[ハーフメカニカルクリア],BANDAI SPIRITS,機動戦士ガンダム サンダーボルト,MG,1/100
4543112052667,MG FA-010A FAZZ,BANDAI SPIRITS,機動戦士ガンダムZZ,MG,
4902425771687,MG MS-05B ザクI（ランバ・ラル専用機）,BANDAI SPIRITS,機動戦士ガンダム,MG,
4543112033284,MG RGZ-91 リ・ガズィ,BANDAI SPIRITS,機動戦士ガンダム 逆襲のシャア,MG,
4573102590381,MG ガンダムF91,BANDAI SPIRITS,機動戦士ガンダムF91,MG,
4543112467331,MG ガンダムF91（ハリソン・マディン専用機）,BANDAI SPIRITS,機動戦士ガンダムF91,MG,
4543112294500,MG ストライクルージュ,BANDAI SPIRITS,機動戦士ガンダムSEED,MG,
,MGEX 1/100 ストライクフリーダムガンダム (2022),BANDAI SPIRITS,機動戦士ガンダムSEED DESTINY,MG,1/100
,MGEX 1/100 ユニコーンガンダム Ver.Ka (2020),BANDAI SPIRITS,機動戦士ガンダムUC,MG,1/100
,MGSD ウイングガンダムゼロ EW (2024),BANDAI SPIRITS,SDガンダムシリーズ,MG,1/100
,MGSD ガンダムエアリアル (2025),BANDAI SPIRITS,SDガンダムシリーズ,MG,1/100
,MGSD ガンダムバルバトス (2023),BANDAI SPIRITS,SDガンダムシリーズ,MG,1/100
,MGSD クシャトリヤ (2026),BANDAI SPIRITS,SDガンダムシリーズ,MG,1/100
,MGSD デスティニーガンダム (2026),BANDAI SPIRITS,SDガンダムシリーズ,MG,1/100
,MGSD フリーダムガンダム (2023),BANDAI SPIRITS,SDガンダムシリーズ,MG,1/100
,Sガンダム (2002),BANDAI SPIRITS,Universal Century,MG,1/100
,V2ガンダム Ver.Ka (2015),BANDAI SPIRITS,Universal Century,MG,1/100
,Vガンダム Ver.Ka (2009),BANDAI SPIRITS,Universal Century,MG,1/100
,Vダッシュガンダム Ver.Ka (2010),BANDAI SPIRITS,Universal Century,MG,1/100
,ΖΖガンダム Ver.Ka (2017),BANDAI SPIRITS,Universal Century,MG,1/100
,νガンダム Ver.Ka (2012),BANDAI SPIRITS,Universal Century,MG,1/100
,νガンダム Ver.Ka チタニウムフィニッシュ (2013),BANDAI SPIRITS,Universal Century,MG,1/100
,νガンダム メタリックコーティングVer. (2008),BANDAI SPIRITS,Universal Century,MG,1/100
,アッガイ (2005),BANDAI SPIRITS,Universal Century,MG,1/100
,インフィニットジャスティスガンダム (2008),BANDAI SPIRITS,機動戦士ガンダムSEED DESTINY,MG,1/100
,イージスガンダム (2012),BANDAI SPIRITS,機動戦士ガンダムSEED,MG,1/100
,ウイングガンダム (2010),BANDAI SPIRITS,Universal Century,MG,1/100
,ウイングガンダム EW (2011),BANDAI SPIRITS,Universal Century,MG,1/100
,ウイングガンダム Ver.Ka (2004),BANDAI SPIRITS,Universal Century,MG,1/100
,ウイングガンダムゼロ EW Ver.Ka (2020),BANDAI SPIRITS,Universal Century,MG,1/100
,ウイングガンダムゼロ（エンドレスワルツ版） (2004),BANDAI SPIRITS,Universal Century,MG,1/100
,ウイングガンダムプロトゼロ EW (2013),BANDAI SPIRITS,Universal Century,MG,1/100
,エクリプスガンダム (2021),BANDAI SPIRITS,Universal Century,MG,1/100
,エールストライクガンダム (2003),BANDAI SPIRITS,機動戦士ガンダムSEED,MG,1/100
,エールストライクガンダム Ver.RM (2013),BANDAI SPIRITS,機動戦士ガンダムSEED,MG,1/100
,ガナーザクウォーリア(ルナマリア・ホーク専用機) (2019),BANDAI SPIRITS,機動戦士ガンダムSEED DESTINY,MG,1/100
,ガンキャノン (2001),BANDAI SPIRITS,Universal Century,MG,1/100
,ガンタンク (2009),BANDAI SPIRITS,Universal Century,MG,1/100
,ガンダム (1995),BANDAI SPIRITS,Universal Century,MG,1/100
,ガンダム Ver.1.5 (2000),BANDAI SPIRITS,Universal Century,MG,1/100
,ガンダム Ver.1.5 川口克己プロデュース仕様 (2007),BANDAI SPIRITS,Universal Century,MG,1/100
,ガンダム Ver.2.0 (2008),BANDAI SPIRITS,Universal Century,MG,1/100
,ガンダム Ver.2.0 チタニウムフィニッシュ (2010),BANDAI SPIRITS,Universal Century,MG,1/100
,ガンダム Ver.2.0 メカニカルクリアVer. (2009),BANDAI SPIRITS,Universal Century,MG,1/100
,ガンダム Ver.3.0 (2013),BANDAI SPIRITS,Universal Century,MG,1/100
,ガンダム Ver.Ka (2002),BANDAI SPIRITS,Universal Century,MG,1/100
,ガンダム Ver.ONE YEAR WAR 0079 (2005),BANDAI SPIRITS,Universal Century,MG,1/100
,ガンダム Ver.ONE YEAR WAR 0079 アニメーションカラーバージョン (2007),BANDAI SPIRITS,Universal Century,MG,1/100
,ガンダム クリスタルバージョン (1996),BANDAI SPIRITS,Universal Century,MG,1/100
,ガンダム コーティングバージョン (1998),BANDAI SPIRITS,Universal Century,MG,1/100
,ガンダム4号機 (2003),BANDAI SPIRITS,Universal Century,MG,1/100
,ガンダム5号機 (2003),BANDAI SPIRITS,Universal Century,MG,1/100
,ガンダムAGE-1 スパロー (2012),BANDAI SPIRITS,Universal Century,MG,1/100
,ガンダムAGE-1 タイタス (2012),BANDAI SPIRITS,Universal Century,MG,1/100
,ガンダムAGE-1 ノーマル (2012),BANDAI SPIRITS,Universal Century,MG,1/100
,ガンダムAGE-2 ダブルバレット (2013),BANDAI SPIRITS,Universal Century,MG,1/100
,ガンダムAGE-2 ダークハウンド (2012),BANDAI SPIRITS,Universal Century,MG,1/100
,ガンダムAGE-2 ノーマル (2012),BANDAI SPIRITS,Universal Century,MG,1/100
,ガンダムAGEIIマグナム (2019),BANDAI SPIRITS,Universal Century,MG,1/100
,ガンダムF91 (2006),BANDAI SPIRITS,Universal Century,MG,1/100
,ガンダムF91 Ver.2.0 (2018),BANDAI SPIRITS,Universal Century,MG,1/100
,ガンダムF91（ハリソン・マディン専用機） (2006),BANDAI SPIRITS,Universal Century,MG,1/100
,ガンダムMk-II (1998),BANDAI SPIRITS,Universal Century,MG,1/100
,ガンダムMk-II Ver.2.0 (2005),BANDAI SPIRITS,Universal Century,MG,1/100
,ガンダムMk-II Ver.2.0（ティターンズ仕様） (2006),BANDAI SPIRITS,Universal Century,MG,1/100
,ガンダムMk-II（ティターンズ） (1998),BANDAI SPIRITS,Universal Century,MG,1/100
,ガンダムNT-1 Ver.2.0 (2019),BANDAI SPIRITS,Universal Century,MG,1/100
,ガンダムRX-78NT-1 (1999),BANDAI SPIRITS,Universal Century,MG,1/100
,ガンダムX (2014),BANDAI SPIRITS,Universal Century,MG,1/100
,ガンダムアストレイ ブルーフレームD (2014),BANDAI SPIRITS,機動戦士ガンダムSEED ASTRAY,MG,1/100
,ガンダムアストレイブルーフレームセカンドリバイ (2009),BANDAI SPIRITS,機動戦士ガンダムSEED ASTRAY,MG,1/100
,ガンダムアストレイレッドフレーム改 (2010),BANDAI SPIRITS,機動戦士ガンダムSEED ASTRAY,MG,1/100
,ガンダムアメイジングレッドウォーリア (2015),BANDAI SPIRITS,ガンダムビルドシリーズ,MG,1/100
,ガンダムイージーエイト (2000),BANDAI SPIRITS,Universal Century,MG,1/100
,ガンダムエクシア (2009),BANDAI SPIRITS,機動戦士ガンダム00,MG,1/100
,ガンダムエクシア イグニッションモード (2009),BANDAI SPIRITS,機動戦士ガンダム00,MG,1/100
,ガンダムエクシアダークマター (2015),BANDAI SPIRITS,機動戦士ガンダム00,MG,1/100
,ガンダムエクシア（トランザムモード）グロスインジェクションバージョン (2010),BANDAI SPIRITS,機動戦士ガンダム00,MG,1/100
,ガンダムエピオン EW (2011),BANDAI SPIRITS,Universal Century,MG,1/100
,ガンダムキュリオス (2020),BANDAI SPIRITS,機動戦士ガンダム00,MG,1/100
,ガンダムサンドロック EW (2011),BANDAI SPIRITS,Universal Century,MG,1/100
,ガンダムシュピーゲル (2002),BANDAI SPIRITS,Universal Century,MG,1/100
,ガンダムダブルエックス (2015),BANDAI SPIRITS,Universal Century,MG,1/100
4573102611352,ガンダムデカール No.1 MG 1/100 Zガンダム用,BANDAI SPIRITS,機動戦士Zガンダム,MG,1/100
,ガンダムデカール No.10 MG 1/100 グフ用,BANDAI SPIRITS,ガンプラ周辺グッズ/オプション,MG,1/100
4543112865724,ガンダムデカール No.100 MG 1/100 ガンダムヘビーアームズ EW用,BANDAI SPIRITS,新機動戦記ガンダムW Endless Waltz,MG,1/100
,ガンダムデカール No.11 MG 1/100 リック・ディアス用/リック・ディアス（クワトロ・バジ―ナカラー）用,BANDAI SPIRITS,機動戦士Zガンダム,MG,1/100
4549660249177,ガンダムデカール No.118 MG 1/100 ジム・スナイパーII/ジム・コマンド用,BANDAI SPIRITS,機動戦士ガンダム0080 ポケットの中の戦争,MG,1/100
,ガンダムデカール No.12 MG 1/100 ガンキャノン用,BANDAI SPIRITS,ガンプラ周辺グッズ/オプション,MG,1/100
4543112341310,ガンダムデカール No.13 MG 1/100 ウイングガンダム Ver.Ka 用,BANDAI SPIRITS,新機動戦記ガンダムW,MG,1/100
4543112341327,ガンダムデカール No.14 MG 1/100 アッガイ用,BANDAI SPIRITS,ガンプラ周辺グッズ/オプション,MG,1/100
,ガンダムデカール No.15 MG 1/100 ドム用/リック・ドム用,BANDAI SPIRITS,ガンプラ周辺グッズ/オプション,MG,1/100
,ガンダムデカール No.17 MG 1/100 ジオン軍MS用1,BANDAI SPIRITS,ガンプラ周辺グッズ/オプション,MG,1/100
4573102574909,ガンダムデカール No.18 MG 1/100 SEEDモビルスーツ用1,BANDAI SPIRITS,機動戦士ガンダムSEED,MG,1/100
4543112341389,ガンダムデカール No.19 MG 1/100 ガンダムMk-II（Ver.2.0）用,BANDAI SPIRITS,機動戦士Zガンダム,MG,1/100
4543112341204,ガンダムデカール No.2 MG 1/100 RX-78-2 ガンダム Ver.Ka 用,BANDAI SPIRITS,ガンプラ周辺グッズ/オプション,MG,1/100
4573102575258,ガンダムデカール No.20 MG 1/100 Zガンダム（Ver.2.0）用,BANDAI SPIRITS,機動戦士Zガンダム,MG,1/100
4543112341167,ガンダムデカール No.21 MG 1/100 ガンダムセンチネルシリーズ用,BANDAI SPIRITS,ガンダム・センチネル,MG,1/100
,ガンダムデカール No.22 MG 1/100 機動戦士Zガンダムシリーズ用,BANDAI SPIRITS,機動戦士Zガンダム,MG,1/100
,ガンダムデカール No.23 MG 1/100 機動戦士ガンダム 逆襲のシャアシリーズ用,BANDAI SPIRITS,機動戦士ガンダム 逆襲のシャア,MG,1/100
,ガンダムデカール No.24 MG 1/100 機動戦士ガンダム0083シリーズ用,BANDAI SPIRITS,機動戦士ガンダム00,MG,1/100
4543112450784,ガンダムデカール No.25 MG 1/100 ガンダムF91用,BANDAI SPIRITS,機動戦士ガンダムF91,MG,1/100
4543112450791,ガンダムデカール No.26 MG 1/100 ギャン用,BANDAI SPIRITS,ガンプラ周辺グッズ/オプション,MG,1/100
4543112341211,ガンダムデカール No.3 MG 1/100 フリーダムガンダム用,BANDAI SPIRITS,機動戦士ガンダムSEED,MG,1/100
4573102575227,ガンダムデカール No.31 MG 1/100 ストライクフリーダムガンダム用,BANDAI SPIRITS,機動戦士ガンダムSEED DESTINY,MG,1/100
4573102621658,ガンダムデカール No.32 MG 1/100 Hi-νガンダム用,BANDAI SPIRITS,機動戦士ガンダム 逆襲のシャア,MG,1/100
4543112490001,ガンダムデカール No.33 MG 1/100 クロスボーンガンダムX1 Ver.Ka 用,BANDAI SPIRITS,機動新世紀ガンダムX,MG,1/100
4543112490018,ガンダムデカール No.34 MG 1/100 ストライクノワールガンダム用,BANDAI SPIRITS,機動戦士ガンダムSEED,MG,1/100
4543112341228,ガンダムデカール No.4 MG 1/100 ガンダム Ver.ONE YEAR WAR 0079用,BANDAI SPIRITS,ガンプラ周辺グッズ/オプション,MG,1/100
4543112602329,ガンダムデカール No.40 MG 1/100 ザク Ver.2.0 用,BANDAI SPIRITS,ガンプラ周辺グッズ/オプション,MG,1/100
4573102575036,ガンダムデカール No.41 MG 1/100 シャア専用ザク Ver.2.0/シャア専用ゲルググ Ver.2.0用,BANDAI SPIRITS,ガンプラ周辺グッズ/オプション,MG,1/100
4573102575234,ガンダムデカール No.43 MG 1/100 デスティニーガンダム用,BANDAI SPIRITS,機動戦士ガンダムSEED DESTINY,MG,1/100
4543112537102,ガンダムデカール No.44 MG 1/100 ユニコーン Ver.Ka 用,BANDAI SPIRITS,機動戦士ガンダムUC,MG,1/100
,ガンダムデカール No.45 MG 1/100 黒い三連星ザク Ver.2.0用,BANDAI SPIRITS,機動戦士ガンダムMSV,MG,1/100
,ガンダムデカール No.49 MG 1/100 ストライクガンダム用,BANDAI SPIRITS,機動戦士ガンダムSEED,MG,1/100
,ガンダムデカール No.5 MG 1/100 ザクII（F/J&S）用,BANDAI SPIRITS,ガンプラ周辺グッズ/オプション,MG,1/100
4543112555311,ガンダムデカール No.50 MG 1/100 フォースインパルスガンダム用,BANDAI SPIRITS,機動戦士ガンダムSEED DESTINY,MG,1/100
4543112555328,ガンダムデカール No.51 MG 1/100 真武者頑駄無用,BANDAI SPIRITS,SDガンダム BB戦士,MG,1/100
4543112584649,ガンダムデカール No.52 MG 1/100 ガンダム Ver.2.0用,BANDAI SPIRITS,ガンプラ周辺グッズ/オプション,MG,1/100
4543112574596,ガンダムデカール No.55 MG 1/100 インフィニットジャスティスガンダム用,BANDAI SPIRITS,機動戦士ガンダムSEED DESTINY,MG,1/100
4543112574602,ガンダムデカール No.56 MG 1/100 ジョニーライデン専用ザク Ver.2.0/シンマツナガ専用ザク Ver.2.0用,BANDAI SPIRITS,ガンプラ周辺グッズ/オプション,MG,1/100
,ガンダムデカール No.57 MG 1/100 シナンジュ Ver.Ka 用,BANDAI SPIRITS,機動戦士ガンダムUC,MG,1/100
4543112574626,ガンダムデカール No.58 MG 1/100 ザクキャノン用,BANDAI SPIRITS,機動戦士ガンダムMSV,MG,1/100
4543112574633,ガンダムデカール No.59 MG 1/100 量産型ザクVer.2.0用 リアルタイプデカール,BANDAI SPIRITS,ガンプラ周辺グッズ/オプション,MG,1/100
,ガンダムデカール No.6 MG 1/100 ガンダムMk-II（エゥーゴ）用/ハイザック用,BANDAI SPIRITS,機動戦士Zガンダム,MG,1/100
4543112574640,ガンダムデカール No.60 MG ガンダム Ver.2.0用 リアルタイプデカール,BANDAI SPIRITS,ガンプラ周辺グッズ/オプション,MG,
,ガンダムデカール No.61 MG 1/100 ジム Ver.2.0用,BANDAI SPIRITS,ガンプラ周辺グッズ/オプション,MG,1/100
,ガンダムデカール No.62 MG 1/100 Gファイター ガンダムVer.2.0用 V作戦モデル用,BANDAI SPIRITS,ガンプラ周辺グッズ/オプション,MG,1/100
4543112602312,ガンダムデカール No.67 MG 1/100 ソードインパルスガンダム用,BANDAI SPIRITS,機動戦士ガンダムSEED DESTINY,MG,1/100
,ガンダムデカール No.68 MG 1/100 グフ Ver.2.0用,BANDAI SPIRITS,ガンプラ周辺グッズ/オプション,MG,1/100
4543112602336,ガンダムデカール No.69 MG 1/100 ガンダムエクシア用,BANDAI SPIRITS,機動戦士ガンダム00,MG,1/100
4543112341259,ガンダムデカール No.7 MG 1/100 スーパーガンダム用/ガンダムMk-II（ティターンズ）用,BANDAI SPIRITS,機動戦士Zガンダム,MG,1/100
,ガンダムデカール No.70 MG 1/100 Gアーマー リアルタイプカラー用,BANDAI SPIRITS,ガンプラ周辺グッズ/オプション,MG,1/100
4543112614117,ガンダムデカール No.73 MG 1/100 ガンタンク用,BANDAI SPIRITS,ガンプラ周辺グッズ/オプション,MG,1/100
4543112614124,ガンダムデカール No.74 MG 1/100 ガンダムアストレイ ブルーフレーム セカンドリバイ用,BANDAI SPIRITS,機動戦士ガンダムSEED ASTRAY,MG,1/100
4573102575135,ガンダムデカール No.75 MG 1/100 Vガンダム Ver.Ka 用,BANDAI SPIRITS,機動戦士Vガンダム,MG,1/100
4543112341266,ガンダムデカール No.8 MG 1/100 百式用,BANDAI SPIRITS,機動戦士Zガンダム,MG,1/100
4543112642561,ガンダムデカール No.81 MG 1/100 ウイングガンダム用,BANDAI SPIRITS,新機動戦記ガンダムW,MG,1/100
4543112642578,ガンダムデカール No.82 MG 1/100 武者ガンダムMk-II用,BANDAI SPIRITS,SDガンダムシリーズ,MG,1/100
4543112642585,ガンダムデカール No.83 MG 1/100 フルアーマーガンダム用,BANDAI SPIRITS,機動戦士ガンダムMSV,MG,1/100
4543112668028,ガンダムデカール No.88 MG 1/100 ガンダムデスサイズ EW用,BANDAI SPIRITS,新機動戦記ガンダムW Endless Waltz,MG,1/100
4543112668035,ガンダムデカール No.89 MG 1/100 ダブルオークアンタ用,BANDAI SPIRITS,機動戦士ガンダム00,MG,1/100
4543112341273,ガンダムデカール No.9 MG 1/100 ボール（第08MS小隊版）用,BANDAI SPIRITS,機動戦士ガンダム 第08MS小隊,MG,1/100
4543112668042,ガンダムデカール No.90 MG 1/100 ジ・O用,BANDAI SPIRITS,ガンプラ周辺グッズ/オプション,MG,1/100
4543112865632,ガンダムデカール No.91 MG 1/100 エールストライクガンダム Ver.RM用,BANDAI SPIRITS,機動戦士ガンダムSEED,MG,1/100
4543112865649,ガンダムデカール No.92 MG 1/100 シェンロンガンダム EW用,BANDAI SPIRITS,新機動戦記ガンダムW Endless Waltz,MG,1/100
4543112865656,ガンダムデカール No.93 MG 1/100 ウイングガンダムプロトゼロ EW用,BANDAI SPIRITS,新機動戦記ガンダムW Endless Waltz,MG,1/100
,ガンダムデカール No.97 MG 1/100 ガンダム Ver.3.0用,BANDAI SPIRITS,ガンプラ周辺グッズ/オプション,MG,1/100
4543112865700,ガンダムデカール No.98 MG 1/100 ガンダムエピオンEW用,BANDAI SPIRITS,新機動戦記ガンダムW Endless Waltz,MG,1/100
4543112865717,ガンダムデカール No.99 MG 1/100 ガンダムサンドロック EW用,BANDAI SPIRITS,新機動戦記ガンダムW Endless Waltz,MG,1/100
,ガンダムデスサイズ EW（エンドレスワルツ） (2010),BANDAI SPIRITS,Universal Century,MG,1/100
,ガンダムデスサイズヘル EW (2011),BANDAI SPIRITS,Universal Century,MG,1/100
,ガンダムデュナメス (2019),BANDAI SPIRITS,機動戦士ガンダム00,MG,1/100
,ガンダムバルバトス (2019),BANDAI SPIRITS,機動戦士ガンダム 鉄血のオルフェンズ,MG,1/100
,ガンダムバルバトスルプス (2025),BANDAI SPIRITS,機動戦士ガンダム 鉄血のオルフェンズ,MG,1/100
,ガンダムフェニーチェリナーシタ (2015),BANDAI SPIRITS,Universal Century,MG,1/100
,ガンダムヘビーアームズ EW (2012),BANDAI SPIRITS,Universal Century,MG,1/100
,ガンダムリバティアストレイ レッドフレーム (2026),BANDAI SPIRITS,機動戦士ガンダムSEED ASTRAY,MG,1/100
,ガンダムヴァーチェ (2021),BANDAI SPIRITS,機動戦士ガンダム00,MG,1/100
,ガンダムヴィダール (2025),BANDAI SPIRITS,機動戦士ガンダム 鉄血のオルフェンズ,MG,1/100
,ガンダム試作1号機 (1997),BANDAI SPIRITS,Universal Century,MG,1/100
,ガンダム試作1号機フルバーニアン (1997),BANDAI SPIRITS,Universal Century,MG,1/100
,ガンダム試作1号機フルバーニアン コーティングバージョン (1999),BANDAI SPIRITS,Universal Century,MG,1/100
,ガンダム試作2号機 (1998),BANDAI SPIRITS,Universal Century,MG,1/100
,ガンダム試作2号機 コーティングバージョン (1999),BANDAI SPIRITS,Universal Century,MG,1/100
,ガンダム試作3号機ステイメン (2001),BANDAI SPIRITS,Universal Century,MG,1/100
,ガンダム（GUNDAM THE ORIGIN版） (2015),BANDAI SPIRITS,Universal Century,MG,1/100
,ガンダム（GUNDAM THE ORIGIN版）スペシャルVer. (2017),BANDAI SPIRITS,Universal Century,MG,1/100
,キャスバル専用ガンダム (2002),BANDAI SPIRITS,Universal Century,MG,1/100
,キュベレイ (2001),BANDAI SPIRITS,Universal Century,MG,1/100
,キュベレイMk-II（エルピー・プル専用機） (2009),BANDAI SPIRITS,Universal Century,MG,1/100
,キュベレイMk-II（プルツー専用機） (2004),BANDAI SPIRITS,Universal Century,MG,1/100
,ギャン (2006),BANDAI SPIRITS,Universal Century,MG,1/100
,ギラ・ドーガ (2013),BANDAI SPIRITS,Universal Century,MG,1/100
,クロスボーンガンダムX-1 Ver.Ka (2006),BANDAI SPIRITS,Universal Century,MG,1/100
,クロスボーンガンダムX-1フルクロス (2007),BANDAI SPIRITS,Universal Century,MG,1/100
,"グフ ""ONE YEAR WAR 0079"" 設定カラーバージョン (2005)",BANDAI SPIRITS,Universal Century,MG,1/100
,グフ (2000),BANDAI SPIRITS,Universal Century,MG,1/100
,グフ Ver.2.0 (2009),BANDAI SPIRITS,Universal Century,MG,1/100
,グフカスタム (2001),BANDAI SPIRITS,Universal Century,MG,1/100
,ケンプファー (2001),BANDAI SPIRITS,Universal Century,MG,1/100
,"ゲルググ シャア・アズナブル大佐機 ""ONE YEAR WAR 0079"" 設定カラーバージョン (2005)",BANDAI SPIRITS,Universal Century,MG,1/100
,ゲルググ シャア・アズナブル大佐機 (1996),BANDAI SPIRITS,Universal Century,MG,1/100
,ゲルググ（アナベル・ガトー機） (2003),BANDAI SPIRITS,Universal Century,MG,1/100
,コア・ブースター Ver.Ka (2010),BANDAI SPIRITS,Universal Century,MG,1/100
,ゴッグ (2003),BANDAI SPIRITS,Universal Century,MG,1/100
,サザビー (2000),BANDAI SPIRITS,Universal Century,MG,1/100
,サザビー Ver.Ka (2013),BANDAI SPIRITS,Universal Century,MG,1/100
,サザビー メタリックコーティングVer. (2007),BANDAI SPIRITS,Universal Century,MG,1/100
,"ザク Ver.2.0 ""ホワイトオーガー"" (2009)",BANDAI SPIRITS,Universal Century,MG,1/100
,ザク Ver.2.0 (2007),BANDAI SPIRITS,Universal Century,MG,1/100
,ザク Ver.2.0 (2008),BANDAI SPIRITS,Universal Century,MG,1/100
,ザク Ver.2.0（川口名人Ver.） (2008),BANDAI SPIRITS,Universal Century,MG,1/100
,ザクI (1999),BANDAI SPIRITS,Universal Century,MG,1/100
,ザクI ランバ・ラル専用機 (2000),BANDAI SPIRITS,Universal Century,MG,1/100
,ザクI 黒い三連星仕様 (1999),BANDAI SPIRITS,Universal Century,MG,1/100
,"ザクII ""ONE YEAR WAR 0079"" 設定カラーバージョン (2005)",BANDAI SPIRITS,Universal Century,MG,1/100
,ザクII (1995),BANDAI SPIRITS,Universal Century,MG,1/100
,ザクII F2型 (2002),BANDAI SPIRITS,Universal Century,MG,1/100
,ザクII F2型 地球連邦軍仕様 (2002),BANDAI SPIRITS,Universal Century,MG,1/100
,ザクII Ver.2.0 ア・バオア・クー防衛部隊機 (2009),BANDAI SPIRITS,Universal Century,MG,1/100
,ザクII クリスタルバージョン (1996),BANDAI SPIRITS,Universal Century,MG,1/100
,ザクII コーティングバージョン (1999),BANDAI SPIRITS,Universal Century,MG,1/100
,ザクII シン・マツナガ大尉機 (1996),BANDAI SPIRITS,Universal Century,MG,1/100
,ザクII ジョニー・ライデン少佐機 (1996),BANDAI SPIRITS,Universal Century,MG,1/100
,ザクII 黒い三連星仕様 (1999),BANDAI SPIRITS,Universal Century,MG,1/100
,ザクキャノン (2008),BANDAI SPIRITS,Universal Century,MG,1/100
,ザクマインレイヤー (2008),BANDAI SPIRITS,Universal Century,MG,1/100
,シェンロンガンダム EW (2011),BANDAI SPIRITS,Universal Century,MG,1/100
,シナンジュ (2013),BANDAI SPIRITS,機動戦士ガンダムUC,MG,1/100
,シナンジュ Ver.Ka (2008),BANDAI SPIRITS,機動戦士ガンダムUC,MG,1/100
,シナンジュ Ver.Ka チタニウムフィニッシュ (2010),BANDAI SPIRITS,機動戦士ガンダムUC,MG,1/100
,シナンジュ・スタイン (ナラティブ Ver.) Ver.Ka (2024),BANDAI SPIRITS,機動戦士ガンダムUC,MG,1/100
,シナンジュ・スタイン Ver.Ka (2013),BANDAI SPIRITS,機動戦士ガンダムUC,MG,1/100
,シナンジュ・スタイン（ナラティブVer.） (2019),BANDAI SPIRITS,機動戦士ガンダムUC,MG,1/100
,シャア専用ゲルググ Ver.2.0 (2007),BANDAI SPIRITS,Universal Century,MG,1/100
,シャア専用ザク Ver.2.0 (2007),BANDAI SPIRITS,Universal Century,MG,1/100
,シャア専用ズゴック (2003),BANDAI SPIRITS,Universal Century,MG,1/100
,シャア専用リック・ドム (2003),BANDAI SPIRITS,Universal Century,MG,1/100
,シャイニングガンダム (2002),BANDAI SPIRITS,Universal Century,MG,1/100
,シン・マツナガ専用ザク Ver.2.0 (2008),BANDAI SPIRITS,Universal Century,MG,1/100
,ジェガン (2018),BANDAI SPIRITS,Universal Century,MG,1/100
,ジェスタ (2013),BANDAI SPIRITS,機動戦士ガンダムUC,MG,1/100
,ジオング (2002),BANDAI SPIRITS,Universal Century,MG,1/100
,ジム (1999),BANDAI SPIRITS,Universal Century,MG,1/100
,ジム Ver.2.0 (2009),BANDAI SPIRITS,Universal Century,MG,1/100
,ジム・カスタム (1999),BANDAI SPIRITS,Universal Century,MG,1/100
,ジム・クゥエル (1999),BANDAI SPIRITS,Universal Century,MG,1/100
,ジム・コマンド（コロニー戦仕様） (2017),BANDAI SPIRITS,Universal Century,MG,1/100
,ジム・スナイパー (2006),BANDAI SPIRITS,Universal Century,MG,1/100
,ジム・スナイパーII (2017),BANDAI SPIRITS,Universal Century,MG,1/100
,ジム・スナイパーカスタム (2017),BANDAI SPIRITS,Universal Century,MG,1/100
,ジム改 (2002),BANDAI SPIRITS,Universal Century,MG,1/100
,ジム改（スタンダードカラー） (2002),BANDAI SPIRITS,Universal Century,MG,1/100
,ジャスティスガンダム (2017),BANDAI SPIRITS,機動戦士ガンダムSEED,MG,1/100
,ジョニー・ライデン専用ザク Ver.2.0 (2008),BANDAI SPIRITS,Universal Century,MG,1/100
,ジンクス (2010),BANDAI SPIRITS,機動戦士ガンダムSEED,MG,1/100
,ジ・O (2010),BANDAI SPIRITS,Universal Century,MG,1/100
,ストライクE+I.W.S.P. ルカス・オドネル専用機 (2008),BANDAI SPIRITS,機動戦士ガンダムSEED,MG,1/100
,ストライクガンダム+I.W.S.P. (2006),BANDAI SPIRITS,機動戦士ガンダムSEED,MG,1/100
,ストライクノワールガンダム (2007),BANDAI SPIRITS,機動戦士ガンダムSEED,MG,1/100
,ストライクフリーダムガンダム (2006),BANDAI SPIRITS,機動戦士ガンダムSEED DESTINY,MG,1/100
,ストライクフリーダムガンダム エクストラフィニッシュVer. (2008),BANDAI SPIRITS,機動戦士ガンダムSEED DESTINY,MG,1/100
,ストライクフリーダムガンダム フルバーストモード (2006),BANDAI SPIRITS,機動戦士ガンダムSEED DESTINY,MG,1/100
,ストライクルージュ (2004),BANDAI SPIRITS,機動戦士ガンダムSEED,MG,1/100
,ストライクルージュオオトリ装備 Ver.RM (2013),BANDAI SPIRITS,機動戦士ガンダムSEED,MG,1/100
,スーパーガンダム (1999),BANDAI SPIRITS,Universal Century,MG,1/100
,ズゴック (2003),BANDAI SPIRITS,Universal Century,MG,1/100
,ゼータガンダム (1996),BANDAI SPIRITS,Universal Century,MG,1/100
,ゼータガンダム Ver.2.0 (2005),BANDAI SPIRITS,Universal Century,MG,1/100
,ゼータガンダム Ver.Ka (2023),BANDAI SPIRITS,Universal Century,MG,1/100
,ゼータガンダム コーティングバージョン (1998),BANDAI SPIRITS,Universal Century,MG,1/100
,ゼータプラスC1 (2002),BANDAI SPIRITS,Universal Century,MG,1/100
,ゼータプラス（テスト機カラータイプ） (2001),BANDAI SPIRITS,Universal Century,MG,1/100
,ソードインパルスガンダム (2009),BANDAI SPIRITS,機動戦士ガンダムSEED DESTINY,MG,1/100
,ターンX (2014),BANDAI SPIRITS,Universal Century,MG,1/100
,ターンエーガンダム (2007),BANDAI SPIRITS,Universal Century,MG,1/100
,ダブルオーガンダム セブンソード/G (2011),BANDAI SPIRITS,機動戦士ガンダム00,MG,1/100
,ダブルオークアンタ (2010),BANDAI SPIRITS,機動戦士ガンダム00,MG,1/100
,ダブルオークアンタフルセイバー (2018),BANDAI SPIRITS,機動戦士ガンダム00,MG,1/100
,ダブルオーライザー (2011),BANDAI SPIRITS,機動戦士ガンダム00,MG,1/100
,ダブルゼータガンダム (1999),BANDAI SPIRITS,Universal Century,MG,1/100
,ディープストライカー (2018),BANDAI SPIRITS,Universal Century,MG,1/100
,デスティニーガンダム (2007),BANDAI SPIRITS,機動戦士ガンダムSEED DESTINY,MG,1/100
,デスティニーガンダム エクストリームブラストモード (2007),BANDAI SPIRITS,機動戦士ガンダムSEED DESTINY,MG,1/100
,デュエルガンダム アサルトシュラウド (2012),BANDAI SPIRITS,機動戦士ガンダムSEED,MG,1/100
,デルタプラス (2011),BANDAI SPIRITS,機動戦士ガンダムUC,MG,1/100
,トールギス EW (2013),BANDAI SPIRITS,Universal Century,MG,1/100
,"ドム ""ONE YEAR WAR 0079"" 設定カラーバージョン (2005)",BANDAI SPIRITS,Universal Century,MG,1/100
,ドム (1999),BANDAI SPIRITS,Universal Century,MG,1/100
,ドム (2022),BANDAI SPIRITS,Universal Century,MG,1/100
4549660163787,ドラマティックコンビネーション [MG フリーダムガンダムVer.2.0 & キラ・ヤマト],BANDAI SPIRITS,機動戦士ガンダムSEED,MG,
,ナラティブガンダム C装備 Ver.Ka (2024),BANDAI SPIRITS,機動戦士ガンダムNT,MG,1/100
,ニューガンダム (2000),BANDAI SPIRITS,Universal Century,MG,1/100
,ネモ (2006),BANDAI SPIRITS,Universal Century,MG,1/100
,ハイザック (2004),BANDAI SPIRITS,Universal Century,MG,1/100
,ハイパーモード Gガンダム (2003),BANDAI SPIRITS,Universal Century,MG,1/100
,ハイパーモード マスターガンダム (2003),BANDAI SPIRITS,Universal Century,MG,1/100
,バスターガンダム (2012),BANDAI SPIRITS,機動戦士ガンダムSEED,MG,1/100
,パーフェクトガンダム (2003),BANDAI SPIRITS,Universal Century,MG,1/100
,パーフェクト・ジオング (2004),BANDAI SPIRITS,Universal Century,MG,1/100
,ビルドガンダムMk-II (2014),BANDAI SPIRITS,ガンダムビルドシリーズ,MG,1/100
,ビルドストライクガンダム フルパッケージ (2014),BANDAI SPIRITS,ガンダムビルドシリーズ,MG,1/100
,フォースインパルスガンダム (2008),BANDAI SPIRITS,機動戦士ガンダムSEED DESTINY,MG,1/100
,フリーダムガンダム (2004),BANDAI SPIRITS,機動戦士ガンダムSEED,MG,1/100
,フリーダムガンダム Ver.2.0 (2016),BANDAI SPIRITS,機動戦士ガンダムSEED,MG,1/100
,フリーダムガンダム エクストラフィニッシュVer. (2005),BANDAI SPIRITS,機動戦士ガンダムSEED,MG,1/100
,フルアーマーZZガンダム Ver.Ka (2026),BANDAI SPIRITS,Universal Century,MG,1/100
,フルアーマーガンダム (2010),BANDAI SPIRITS,Universal Century,MG,1/100
,フルアーマーガンダム Ver.Ka(GUNDAM THUNDERBOLT版) (2016),BANDAI SPIRITS,Universal Century,MG,1/100
,フルアーマーダブルゼータガンダム (2000),BANDAI SPIRITS,Universal Century,MG,1/100
,フルアーマーユニコーンガンダム Ver.Ka (2011),BANDAI SPIRITS,機動戦士ガンダムUC,MG,1/100
,ブリッツガンダム (2012),BANDAI SPIRITS,機動戦士ガンダムSEED,MG,1/100
,プロヴィデンスガンダム (2017),BANDAI SPIRITS,機動戦士ガンダムSEED,MG,1/100
,ボール Ver.Ka (2004),BANDAI SPIRITS,Universal Century,MG,1/100
,ボール（シャークマウス仕様） (2006),BANDAI SPIRITS,Universal Century,MG,1/100
,ボール（ファクトリーイメージカラー） (2010),BANDAI SPIRITS,Universal Century,MG,1/100
,ボール（第08MS小隊版） (2005),BANDAI SPIRITS,Universal Century,MG,1/100
,マスターガンダム (2002),BANDAI SPIRITS,Universal Century,MG,1/100
,マラサイ (2012),BANDAI SPIRITS,Universal Century,MG,1/100
,モビルジン (2021),BANDAI SPIRITS,機動戦士ガンダムSEED,MG,1/100
,ユニコーンガンダム (2010),BANDAI SPIRITS,機動戦士ガンダムUC,MG,1/100
,ユニコーンガンダム HDカラー+MS CAGE (2010),BANDAI SPIRITS,機動戦士ガンダムUC,MG,1/100
,ユニコーンガンダム Ver.Ka (2007),BANDAI SPIRITS,機動戦士ガンダムUC,MG,1/100
,ユニコーンガンダム Ver.Ka チタニウムフィニッシュ (2009),BANDAI SPIRITS,機動戦士ガンダムUC,MG,1/100
,ユニコーンガンダム(レッド/グリーン TWIN FRAME EDTION) チタニウムフィニッシュ (2016),BANDAI SPIRITS,機動戦士ガンダムUC,MG,1/100
,ユニコーンガンダム2号機 バンシィ Ver.Ka (2018),BANDAI SPIRITS,機動戦士ガンダムUC,MG,1/100
,ユニコーンガンダム2号機バンシィ (2012),BANDAI SPIRITS,機動戦士ガンダムUC,MG,1/100
,ユニコーンガンダム2号機バンシィ チタニウムフィニッシュ (2012),BANDAI SPIRITS,機動戦士ガンダムUC,MG,1/100
,ユニコーンガンダム3号機 フェネクス (2014),BANDAI SPIRITS,機動戦士ガンダムUC,MG,1/100
,ユニバースブースター (2014),BANDAI SPIRITS,Universal Century,MG,1/100
,ランチャー／ソードストライクガンダム (2008),BANDAI SPIRITS,機動戦士ガンダムSEED,MG,1/100
,リゼル (2010),BANDAI SPIRITS,機動戦士ガンダムUC,MG,1/100
,リゼルC型(ディフェンサーa+dユニット/ゼネラル・レビル配備機) (2013),BANDAI SPIRITS,機動戦士ガンダムUC,MG,1/100
,リゼル（隊長機） (2011),BANDAI SPIRITS,機動戦士ガンダムUC,MG,1/100
,リック・ディアス (2004),BANDAI SPIRITS,Universal Century,MG,1/100
,リック・ディアス（クワトロ・バジーナカラー） (2004),BANDAI SPIRITS,Universal Century,MG,1/100
,リック・ドム (1999),BANDAI SPIRITS,Universal Century,MG,1/100
,リック・ドム (2022),BANDAI SPIRITS,Universal Century,MG,1/100
,リ・ガズィ (2001),BANDAI SPIRITS,Universal Century,MG,1/100
,戦国アストレイ頑駄無 (2014),BANDAI SPIRITS,ガンダムビルドシリーズ,MG,1/100
,武者ガンダムMk-II (2010),BANDAI SPIRITS,Universal Century,MG,1/100
,百式 (2001),BANDAI SPIRITS,Universal Century,MG,1/100
,百式 Ver.2.0 (2015),BANDAI SPIRITS,Universal Century,MG,1/100
,百式＋バリュートシステム (2005),BANDAI SPIRITS,Universal Century,MG,1/100
,真武者頑駄無 (2008),BANDAI SPIRITS,Universal Century,MG,1/100
,真武者頑駄無 戦国の陣 (2009),BANDAI SPIRITS,Universal Century,MG,1/100
,量産型ゲルググ (1997),BANDAI SPIRITS,Universal Century,MG,1/100
,量産型ゲルググ Ver.2.0 (2008),BANDAI SPIRITS,Universal Century,MG,1/100
,陸戦型ガンダム (2000),BANDAI SPIRITS,Universal Century,MG,1/100
,陸戦型ジム (2001),BANDAI SPIRITS,Universal Century,MG,1/100
,高機動型ゲルググ／ゲルググキャノン ジョニー・ライデン少佐機 (1997),BANDAI SPIRITS,Universal Century,MG,1/100
,高機動型ザク“サイコ・ザク” Ver.Ka(GUNDAM THUNDERBOLT版) (2016),BANDAI SPIRITS,機動戦士ガンダム サンダーボルト,MG,1/100
,黒い三連星ザク Ver.2.0 (2008),BANDAI SPIRITS,Universal Century,MG,1/100
4573102591500,HGPG 1/144 パンダッガイ,BANDAI SPIRITS,ガンダムビルドシリーズ,PG,1/144
4573102557148,HGPG 1/144 プチッガイ きゃらっがい アヤメ,BANDAI SPIRITS,ガンダムビルドシリーズ,PG,1/144
4549660163978,HGPG 1/144 プチッガイ きゃらっがい ギャン子,BANDAI SPIRITS,ガンダムビルドシリーズ,PG,1/144
4549660163961,HGPG 1/144 プチッガイ きゃらっがい フミナ,BANDAI SPIRITS,ガンダムビルドシリーズ,PG,1/144
4549660257509,HGPG 1/144 プチッガイ きゃらっがい モモ,BANDAI SPIRITS,ガンダムビルドシリーズ,PG,1/144
4549660210542,HGPG 1/144 プチッガイ アレルヤ・ハプティズムオレンジ&プラカード,BANDAI SPIRITS,ガンダムビルドシリーズ,PG,1/144
4573102591470,HGPG 1/144 プチッガイ ウイニングイエロー,BANDAI SPIRITS,ガンダムビルドシリーズ,PG,1/144
4549660222583,HGPG 1/144 プチッガイ グラハム・エーカーホワイト&プラカード,BANDAI SPIRITS,ガンダムビルドシリーズ,PG,1/144
4549660178453,HGPG 1/144 プチッガイ サフェーサーグレー&プラカード,BANDAI SPIRITS,ガンダムビルドシリーズ,PG,1/144
4549660112358,HGPG 1/144 プチッガイ サーフグリーン&ギター,BANDAI SPIRITS,ガンダムビルドシリーズ,PG,1/144
4573102589286,HGPG 1/144 プチッガイ ジャスティッガイ,BANDAI SPIRITS,ガンダムビルドシリーズ,PG,1/144
4573102591517,HGPG 1/144 プチッガイ ストレイブラック&キャットコス,BANDAI SPIRITS,ガンダムビルドシリーズ,PG,1/144
4549660144526,HGPG 1/144 プチッガイ ソーダポップブルー&アイスキャンディー,BANDAI SPIRITS,ガンダムビルドシリーズ,PG,1/144
4549660257370,HGPG 1/144 プチッガイ ダイバーズブルー&プラカード,BANDAI SPIRITS,ガンダムビルドシリーズ,PG,1/144
4549660210597,HGPG 1/144 プチッガイ ティエリア・アーデパープル&プラカード,BANDAI SPIRITS,ガンダムビルドシリーズ,PG,1/144
,HGPG 1/144 プチッガイ トランザムレッド,BANDAI SPIRITS,ガンダムビルドシリーズ,PG,1/144
4573102591456,HGPG 1/144 プチッガイ バーニングレッド,BANDAI SPIRITS,ガンダムビルドシリーズ,PG,1/144
4549660144533,HGPG 1/144 プチッガイ ビタースィートブラウン&チョコレート,BANDAI SPIRITS,ガンダムビルドシリーズ,PG,1/144
4573102591487,HGPG 1/144 プチッガイ フューチャーピンク,BANDAI SPIRITS,ガンダムビルドシリーズ,PG,1/144
4549660144540,HGPG 1/144 プチッガイ プリティインピンク&プチプチッガイ,BANDAI SPIRITS,ガンダムビルドシリーズ,PG,1/144
,HGPG 1/144 プチッガイ ユニコーンホワイト&プラカード,BANDAI SPIRITS,機動戦士ガンダムUC,PG,1/144
4573102591463,HGPG 1/144 プチッガイ ライトニングブルー,BANDAI SPIRITS,ガンダムビルドシリーズ,PG,1/144
4549660178446,HGPG 1/144 プチッガイ ラスティオレンジ&プラカード,BANDAI SPIRITS,ガンダムビルドシリーズ,PG,1/144
4549660112365,HGPG 1/144 プチッガイ ラパパンパープル&ドラム,BANDAI SPIRITS,ガンダムビルドシリーズ,PG,1/144
4549660207078,HGPG 1/144 プチッガイ ロックオン・ストラトスグリーン&プラカード,BANDAI SPIRITS,ガンダムビルドシリーズ,PG,1/144
4573102591524,HGPG 1/144 プチッガイ ワンワンホワイト&ドッグコス,BANDAI SPIRITS,ガンダムビルドシリーズ,PG,1/144
4549660207009,HGPG 1/144 プチッガイ 刹那・F・セイエイブルー&プラカード,BANDAI SPIRITS,ガンダムビルドシリーズ,PG,1/144
4549660076025,HGPG 1/144 プチッガイチャチャチャブラウン,BANDAI SPIRITS,ガンダムビルドシリーズ,PG,1/144
4549660076018,HGPG 1/144 プチッガイミルクホワイト,BANDAI SPIRITS,ガンダムビルドシリーズ,PG,1/144
,HGPG 1/144 量産型プチッガイ,BANDAI SPIRITS,ガンダムビルドシリーズ,PG,1/144
,HGPG 1/144 黒い三連プチッガイ,BANDAI SPIRITS,ガンダムビルドシリーズ,PG,1/144
,PERFECT GRADE 1/72 ミレニアム・ファルコン（スタンダードVer.） (2018),BANDAI SPIRITS,Universal Century,PG,1/60
,PG 1/60 MS-06F 量産型ザク2 (1999),BANDAI SPIRITS,Universal Century,PG,1/60
4573102642301,PG 1/60 MS-06F 量産型ザクII,BANDAI SPIRITS,機動戦士ガンダム,PG,1/60
4902425718743,PG 1/60 MS-06S シャア専用ザク フルカラーコーティングバージョン,BANDAI SPIRITS,機動戦士ガンダム,PG,1/60
,PG 1/60 MS-06S シャア専用ザク2 (1999),BANDAI SPIRITS,Universal Century,PG,1/60
4573102642295,PG 1/60 MS-06S シャア専用ザクII,BANDAI SPIRITS,機動戦士ガンダム,PG,1/60
,PG 1/60 MSZ-006 ゼータガンダム (2000),BANDAI SPIRITS,Universal Century,PG,1/60
4573102635136,PG 1/60 RX-0 ユニコーンガンダム,BANDAI SPIRITS,機動戦士ガンダムUC,PG,1/60
,PG 1/60 RX-0 ユニコーンガンダム3号機 フェネクス,BANDAI SPIRITS,機動戦士ガンダムUC,PG,1/60
,PG 1/60 RX-0 ユニコーンガンダム「セブン-イレブンカラー」,BANDAI SPIRITS,機動戦士ガンダムUC,PG,1/60
,PG 1/60 RX-0 ユニコーンガンダム用 FA拡張ユニット,BANDAI SPIRITS,機動戦士ガンダムUC,PG,1/60
4573102639455,PG 1/60 RX-0 ユニコーンガンダム用 LEDユニット,BANDAI SPIRITS,機動戦士ガンダムUC,PG,1/60
,PG 1/60 RX-0 ユニコーンガンダム用 LEDユニット（RX-0シリーズ兼用）,BANDAI SPIRITS,機動戦士ガンダムUC,PG,1/60
4573102635136,PG 1/60 RX-0 ユニコーンガンダム（最終決戦Ver.）,BANDAI SPIRITS,機動戦士ガンダムUC,PG,1/60
4573102642325,PG 1/60 RX-0[N] ユニコーンガンダム2号機 バンシィ・ノルン,BANDAI SPIRITS,機動戦士ガンダムUC,PG,1/60
4573102642325,PG 1/60 RX-0[N] ユニコーンガンダム2号機 バンシィ・ノルン（最終決戦Ver.）,BANDAI SPIRITS,機動戦士ガンダムUC,PG,1/60
,PG 1/60 RX-178 ガンダム Mk-II マルチコーティングバージョン,BANDAI SPIRITS,機動戦士Zガンダム,PG,1/60
4573102631732,PG 1/60 RX-78-2 ガンダム,BANDAI SPIRITS,機動戦士ガンダム,PG,1/60
,PG 1/60 RX-78-2 ガンダム (1998),BANDAI SPIRITS,Universal Century,PG,1/60
,PG 1/60 RX-78-2 ガンダム+ウエポンズ アニメーションカラーバージョン,BANDAI SPIRITS,機動戦士ガンダム,PG,1/60
4573102607652,PG 1/60 RX78-2 ガンダム（大河原邦男氏イラストイメージカラーバージョン）,BANDAI SPIRITS,機動新世紀ガンダムX,PG,1/60
4902425049700,PG 1/60 Zガンダム,BANDAI SPIRITS,機動戦士Zガンダム,PG,1/60
4573102638250,PG 1/60 ウイングガンダムゼロカスタム,BANDAI SPIRITS,新機動戦記ガンダムW Endless Waltz,PG,1/60
,PG 1/60 ウイングガンダムゼロカスタム (2000),BANDAI SPIRITS,Universal Century,PG,1/60
4902425482873,PG 1/60 ウイングガンダムゼロ（EW版）パールミラーコーティングVer.,BANDAI SPIRITS,新機動戦記ガンダムW Endless Waltz,PG,1/60
,PG 1/60 エヴァンゲリオン初号機 (1997),BANDAI SPIRITS,Universal Century,PG,1/60
4543112631121,PG 1/60 エールストライクガンダム+スカイグラスパー（クリアパールシフトバージョン）,BANDAI SPIRITS,機動戦士ガンダムSEED,PG,1/60
,PG 1/60 ガンダムMk-II(ティターンズカラー) (2002),BANDAI SPIRITS,Universal Century,PG,1/60
,PG 1/60 ガンダムMk-IIガンダムMk-II (2001),BANDAI SPIRITS,Universal Century,PG,1/60
4543112128164,PG 1/60 ガンダムMk-II（エゥーゴ仕様）,BANDAI SPIRITS,機動戦士Zガンダム,PG,1/60
4573102672193,PG 1/60 ガンダムMk-II（ティターンズ仕様）,BANDAI SPIRITS,機動戦士Zガンダム,PG,1/60
,PG 1/60 ガンダムアストレイ ブルーフレーム,BANDAI SPIRITS,機動戦士ガンダムSEED ASTRAY,PG,1/60
4573102635440,PG 1/60 ガンダムアストレイ レッドフレーム,BANDAI SPIRITS,機動戦士ガンダムSEED ASTRAY,PG,1/60
,PG 1/60 ガンダムアストレイ レッドフレーム (2009),BANDAI SPIRITS,機動戦士ガンダムSEED ASTRAY,PG,1/60
,PG 1/60 ガンダムアストレイ レッドフレーム改,BANDAI SPIRITS,機動戦士ガンダムSEED ASTRAY,PG,1/60
4573102630575,PG 1/60 ガンダムエクシア,BANDAI SPIRITS,機動戦士ガンダム00,PG,1/60
,PG 1/60 ガンダムエクシア (2017),BANDAI SPIRITS,機動戦士ガンダム00,PG,1/60
,PG 1/60 ガンダムエクシア クリアカラーボディ,BANDAI SPIRITS,機動戦士ガンダム00,PG,1/60
4573102558671,PG 1/60 ガンダムエクシア用LEDユニット,BANDAI SPIRITS,機動戦士ガンダム00,PG,1/60
,PG 1/60 ガンダムエクシア用リペアパーツセット,BANDAI SPIRITS,機動戦士ガンダム00,PG,1/60
4549660197737,PG 1/60 ガンダムエクシア（LIGHTING MODEL）,BANDAI SPIRITS,機動戦士ガンダム00,PG,1/60
,PG 1/60 ガンダムベース限定 RX-78-2 ガンダム [チタニウムフィニッシュ],BANDAI SPIRITS,機動戦士ガンダム,PG,1/60
,PG 1/60 ガンダムベース限定 RX-78-3 G-3ガンダム [エクストラフィニッシュ],BANDAI SPIRITS,機動戦士ガンダム,PG,1/60
,PG 1/60 ガンダムベース限定 ガンダムアストレイ レッドフレーム[メタリック],BANDAI SPIRITS,機動戦士ガンダムSEED ASTRAY,PG,1/60
4573102630551,PG 1/60 スカイグラスパー+エールストライカー,BANDAI SPIRITS,ガンダムビルドシリーズ,PG,1/60
,PG 1/60 スカイグラスパー+エールストライカー (2005),BANDAI SPIRITS,Universal Century,PG,1/60
4573102630544,PG 1/60 ストライクガンダム,BANDAI SPIRITS,機動戦士ガンダムSEED,PG,1/60
,PG 1/60 ストライクガンダム (2004),BANDAI SPIRITS,機動戦士ガンダムSEED,PG,1/60
,PG 1/60 ストライクガンダム用 パーフェクトストライクガンダム拡張パーツ,BANDAI SPIRITS,機動戦士ガンダムSEED,PG,1/60
4573102630568,PG 1/60 ストライクフリーダムガンダム,BANDAI SPIRITS,機動戦士ガンダムSEED DESTINY,PG,1/60
,PG 1/60 ストライクフリーダムガンダム (2010),BANDAI SPIRITS,機動戦士ガンダムSEED DESTINY,PG,1/60
4573102642349,PG 1/60 ストライクルージュ+スカイグラスパー,BANDAI SPIRITS,機動戦士ガンダムSEED,PG,1/60
,PG 1/60 ストライクルージュ+スカイグラスパー (2005),BANDAI SPIRITS,機動戦士ガンダムSEED,PG,1/60
,PG 1/60 ダブルオーガンダム セブンソード/G (2018),BANDAI SPIRITS,機動戦士ガンダム00,PG,1/60
4573102555823,PG 1/60 ダブルオーガンダムセブンソード/G,BANDAI SPIRITS,機動戦士ガンダム00,PG,1/60
,PG 1/60 ダブルオーガンダムセブンソード/G インスペクション,BANDAI SPIRITS,機動戦士ガンダム00,PG,1/60
4573102635457,PG 1/60 ダブルオーライザー,BANDAI SPIRITS,機動戦士ガンダム00,PG,1/60
,PG 1/60 ダブルオーライザー (2009),BANDAI SPIRITS,機動戦士ガンダム00,PG,1/60
,PG 1/60 トランザムライザー,BANDAI SPIRITS,機動戦士ガンダム00,PG,1/60
,PG 1/60 トランザムライザー クリアカラーボディ,BANDAI SPIRITS,機動戦士ガンダム00,PG,1/60
4573102590114,PG 1/60 パーフェクトストライクガンダム,BANDAI SPIRITS,機動戦士ガンダムSEED,PG,1/60
,PG 1/60 パーフェクトストライクガンダム (2020),BANDAI SPIRITS,機動戦士ガンダムSEED,PG,1/60
,PG 1/60 ユニコーンガンダム (2014),BANDAI SPIRITS,機動戦士ガンダムUC,PG,1/60
,PG 1/60 ユニコーンガンダム ペルフェクティビリティ,BANDAI SPIRITS,機動戦士ガンダムUC,PG,1/60
,PG 1/60 ユニコーンガンダム ペルフェクティビリティ用 ディバイン拡張セット,BANDAI SPIRITS,機動戦士ガンダムUC,PG,1/60
,PG 1/60 ユニコーンガンダム2号機 バンシィ・ノルン (2015),BANDAI SPIRITS,機動戦士ガンダムUC,PG,1/60
,PG 1/60 ユニコーンガンダム3号機 フェネクス用 ナラティブVer. 拡張セット,BANDAI SPIRITS,機動戦士ガンダムUC,PG,1/60
,PG 1/60 ユニコーンガンダム3号機 フェネクス（ナラティブVer.）,BANDAI SPIRITS,機動戦士ガンダムUC,PG,1/60
,PG 1/60 拡張ユニット アームド・アーマーVN/BS,BANDAI SPIRITS,,PG,1/60
4573102642318,PG RX-78ガンダムGP01/FB,BANDAI SPIRITS,機動戦士ガンダム0083 STARDUST MEMORY,PG,
,PG RX-78ガンダムGP01/Fb (2003),BANDAI SPIRITS,Universal Century,PG,1/60
4573102607652,PG UNLEASHED 1/60 RX-78-2 ガンダム,BANDAI SPIRITS,機動戦士ガンダム,PG,1/60
,PG UNLEASHED 1/60 RX-78-2 ガンダム クリアカラーボディ,BANDAI SPIRITS,機動戦士ガンダム,PG,1/60
4573102693617,PG UNLEASHED 1/60 νガンダム用 LEDユニット,BANDAI SPIRITS,機動戦士ガンダム 逆襲のシャア,PG,1/60
4543112614155,ガンダムデカール No.77 PG 1/60 ダブルオーライザー1（ダブルオーガンダム）用,BANDAI SPIRITS,機動戦士ガンダム00,PG,1/60
4543112614162,ガンダムデカール No.78 PG 1/60 ダブルオーライザー2（オーライザー）用,BANDAI SPIRITS,機動戦士ガンダム00,PG,1/60
,RE/100 1/100 89式ベース・ジャバー,BANDAI SPIRITS,機動戦士ガンダム00,RE/100,1/100
,RE/100 1/100 89式ベース・ジャバー（ユニコーンVer.）,BANDAI SPIRITS,機動戦士ガンダムUC,RE/100,1/100
4573102720757,RE/100 1/100 AMX-107 バウ,BANDAI SPIRITS,機動戦士ガンダムZZ,RE/100,1/100
,RE/100 1/100 イフリート・シュナイド,BANDAI SPIRITS,機動戦士ガンダム外伝,RE/100,1/100
4549660048824,RE/100 1/100 イフリート改,BANDAI SPIRITS,機動戦士ガンダム外伝,RE/100,1/100
,RE/100 1/100 イフリート改［クリアカラー］,BANDAI SPIRITS,機動戦士ガンダム外伝,RE/100,1/100
4573102555878,RE/100 1/100 ガンイージ,BANDAI SPIRITS,機動戦士Vガンダム,RE/100,1/100
,RE/100 1/100 ガンイージ 陸戦タイプ,BANDAI SPIRITS,機動戦士Vガンダム,RE/100,1/100
,RE/100 1/100 ガンイージ 陸戦タイプ（ブルーバード隊仕様）,BANDAI SPIRITS,機動戦士Vガンダム,RE/100,1/100
,RE/100 1/100 ガンイージ・プロトタイプ（ロールアウトカラー）,BANDAI SPIRITS,機動戦士Vガンダム,RE/100,1/100
4549660210610,RE/100 1/100 ガンキャノン・ディテクター,BANDAI SPIRITS,機動戦士ガンダム,RE/100,1/100
4549660210610,RE/100 1/100 ガンキャノン・ディテクター（Z-MSV Ver.）,BANDAI SPIRITS,機動戦士Zガンダム,RE/100,1/100
,RE/100 1/100 ガンダムMk-III 8号機,BANDAI SPIRITS,機動戦士Zガンダム,RE/100,1/100
,RE/100 1/100 ガンダムリントヴルム,BANDAI SPIRITS,機動戦士ガンダム00,RE/100,1/100
4573102667335,RE/100 1/100 ガンダム試作4号機 ガーベラ,BANDAI SPIRITS,機動戦士ガンダム00,RE/100,1/100
,RE/100 1/100 ガンブラスター,BANDAI SPIRITS,機動戦士Vガンダム,RE/100,1/100
4573102577917,RE/100 1/100 ザクII改,BANDAI SPIRITS,機動戦士ガンダム0080 ポケットの中の戦争,RE/100,1/100
,RE/100 1/100 シャッコー,BANDAI SPIRITS,機動戦士ガンダム00,RE/100,1/100
,RE/100 1/100 デナン・ゲー,BANDAI SPIRITS,機動戦士ガンダムF91,RE/100,1/100
4549660176145,RE/100 1/100 ハンマ・ハンマ,BANDAI SPIRITS,機動戦士ガンダムZZ,RE/100,1/100
,RE/100 1/100 バウ量産型,BANDAI SPIRITS,機動戦士ガンダムZZ,RE/100,1/100
4549660257684,RE/100 1/100 ビギナ・ギナ,BANDAI SPIRITS,機動戦士ガンダムF91,RE/100,1/100
4573102576163,RE/100 1/100 ビギナ・ギナII,BANDAI SPIRITS,機動戦士ガンダムF91,RE/100,1/100
4573102576163,RE/100 1/100 ビギナ・ギナII（木星決戦仕様）,BANDAI SPIRITS,機動戦士ガンダムF91,RE/100,1/100
4549660257684,RE/100 1/100 ビギナ・ギナ（ベラ・ロナ スペシャル）,BANDAI SPIRITS,機動戦士ガンダムF91,RE/100,1/100
,RE/100 1/100 ビギナ・ギナ［エクストラフィニッシュ］,BANDAI SPIRITS,機動戦士ガンダムF91,RE/100,1/100
,RE/100 1/100 ビギナ・ゼラ,BANDAI SPIRITS,機動戦士ガンダムF91,RE/100,1/100
4573102553317,RE/100 1/100 ヤクト・ドーガ（ギュネイ・ガス機）,BANDAI SPIRITS,機動戦士ガンダム 逆襲のシャア,RE/100,1/100
4573102553317,RE/100 1/100 ヤクト・ドーガ（クェス・エア機）,BANDAI SPIRITS,機動戦士ガンダム 逆襲のシャア,RE/100,1/100
4543112920829,RE/100 MSN-04II ナイチンゲール,BANDAI SPIRITS,機動戦士ガンダム 逆襲のシャア,RE/100,
4543112948625,RE/100 ガンダムMk-III,BANDAI SPIRITS,機動戦士Zガンダム,RE/100,
4543112967022,RE/100 ディジェ,BANDAI SPIRITS,機動戦士Zガンダム,RE/100,
,RE/100 リバウ,BANDAI SPIRITS,機動戦士ガンダムZZ,RE/100,
,GUNPLA 40th メモリアルセット (2020),BANDAI SPIRITS,Universal Century,RG,1/144
,RG 1/144 G-3ガンダム Ver.2.0,BANDAI SPIRITS,,RG,1/144
,RG 1/144 G-3ガンダム Ver.2.0 (2025),BANDAI SPIRITS,Universal Century,RG,1/144
4573102630841,RG 1/144 GAT-X105B/FP ビルドストライクガンダム フルパッケージ,BANDAI SPIRITS,ガンダムビルドシリーズ,RG,1/144
,RG 1/144 GAT-X105B/FP ビルドストライクガンダム フルパッケージ (2016),BANDAI SPIRITS,ガンダムビルドシリーズ,RG,1/144
4543112222428,RG 1/144 GAT-X105ストライクガンダム,BANDAI SPIRITS,機動戦士ガンダムSEED,RG,1/144
,RG 1/144 GAT-X105ストライクガンダム (2012),BANDAI SPIRITS,機動戦士ガンダムSEED,RG,1/144
,RG 1/144 GAT-X105ストライクガンダム ディアクティブモード,BANDAI SPIRITS,機動戦士ガンダムSEED,RG,1/144
,RG 1/144 GAT-X105ストライクガンダム ディアクティブモード (2012),BANDAI SPIRITS,機動戦士ガンダムSEED,RG,1/144
4573102616036,RG 1/144 GN-0000+GNR-010 ダブルオーライザー,BANDAI SPIRITS,機動戦士ガンダム00,RG,1/144
,RG 1/144 GN-0000+GNR-010 ダブルオーライザー (2014),BANDAI SPIRITS,機動戦士ガンダム00,RG,1/144
4573102616005,RG 1/144 GN-001 ガンダムエクシア,BANDAI SPIRITS,機動戦士ガンダム00,RG,1/144
,RG 1/144 GN-001 ガンダムエクシア (2014),BANDAI SPIRITS,機動戦士ガンダム00,RG,1/144
4573102616043,RG 1/144 GNT-0000 ダブルオークアンタ,BANDAI SPIRITS,機動戦士ガンダム00,RG,1/144
,RG 1/144 GNT-0000 ダブルオークアンタ (2016),BANDAI SPIRITS,機動戦士ガンダム00,RG,1/144
,RG 1/144 GUNDAM SIDE-F限定 νガンダム (ファーストロットカラーVer.) (2023),BANDAI SPIRITS,Universal Century,RG,1/144
,RG 1/144 GUNDAM SIDE-F限定 νガンダム（ファーストロットカラーVer.）,BANDAI SPIRITS,機動戦士ガンダム 逆襲のシャア,RG,1/144
4573102619150,RG 1/144 Hi-νガンダム,BANDAI SPIRITS,機動戦士ガンダム 逆襲のシャア,RG,1/144
,RG 1/144 Hi-νガンダム (2021),BANDAI SPIRITS,Universal Century,RG,1/144
,RG 1/144 Hi-νガンダム専用ハイパー・メガ・バズーカ・ランチャー,BANDAI SPIRITS,機動戦士ガンダム 逆襲のシャア,RG,1/144
,RG 1/144 Hi-νガンダム専用ハイパー・メガ・バズーカ・ランチャー (2021),BANDAI SPIRITS,Universal Century,RG,1/144
,RG 1/144 Hi-νガンダム専用ハイパー・メガ・バズーカ・ランチャー&ファンネルディスプレイセット,BANDAI SPIRITS,機動戦士ガンダム 逆襲のシャア,RG,1/144
,RG 1/144 Hi-νガンダム専用ハイパー・メガ・バズーカ・ランチャー&フィン・ファンネルディスプレイセット (2025),BANDAI SPIRITS,Universal Century,RG,1/144
,RG 1/144 Hi-νガンダム用 フィン・ファンネルエフェクト,BANDAI SPIRITS,機動戦士ガンダム 逆襲のシャア,RG,1/144
,RG 1/144 Hi-νガンダム用 フィン・ファンネルエフェクト (2023),BANDAI SPIRITS,Universal Century,RG,1/144
4573102616180,RG 1/144 MBF-P02 ガンダムアストレイレッドフレーム,BANDAI SPIRITS,機動戦士ガンダムSEED ASTRAY,RG,1/144
,RG 1/144 MBF-P02 ガンダムアストレイレッドフレーム (2015),BANDAI SPIRITS,機動戦士ガンダムSEED ASTRAY,RG,1/144
4902425013428,RG 1/144 MS-06F ザク・マインレイヤー,BANDAI SPIRITS,機動戦士ガンダムMSV,RG,1/144
,RG 1/144 MS-06F ザク・マインレイヤー (2018),BANDAI SPIRITS,Universal Century,RG,1/144
4573102615961,RG 1/144 MS-06F 量産型ザク,BANDAI SPIRITS,機動戦士ガンダム,RG,1/144
,RG 1/144 MS-06F 量産型ザク (2011),BANDAI SPIRITS,Universal Century,RG,1/144
,RG 1/144 MS-06R-1A エリック・マンスフィールド専用ザクII,BANDAI SPIRITS,機動戦士ガンダムMSV,RG,1/144
,RG 1/144 MS-06R-1A エリック・マンスフィールド専用ザクII (2019),BANDAI SPIRITS,Universal Century,RG,1/144
4573102577498,RG 1/144 MS-06R-1A シン・マツナガ専用ザクII,BANDAI SPIRITS,機動戦士ガンダムMSV,RG,1/144
,RG 1/144 MS-06R-1A シン・マツナガ専用ザクII (2018),BANDAI SPIRITS,Universal Century,RG,1/144
,RG 1/144 MS-06R-1A ユーマ・ライトニング専用ザクII,BANDAI SPIRITS,機動戦士ガンダムMSV,RG,1/144
,RG 1/144 MS-06R-1A ユーマ・ライトニング専用ザクII (2020),BANDAI SPIRITS,Universal Century,RG,1/144
,RG 1/144 MS-06R-1A 黒い三連星専用ザクII,BANDAI SPIRITS,機動戦士ガンダムMSV,RG,1/144
,RG 1/144 MS-06R-1A 黒い三連星専用ザクII (2018),BANDAI SPIRITS,Universal Century,RG,1/144
,RG 1/144 MS-06R-2 ギャビー・ハザード専用ザクII (2018),BANDAI SPIRITS,Universal Century,RG,1/144
4549660195948,RG 1/144 MS-06R-2 ジョニー・ライデン専用ザクII,BANDAI SPIRITS,機動戦士ガンダムMSV,RG,1/144
,RG 1/144 MS-06R-2 ジョニー・ライデン専用ザクII (2017),BANDAI SPIRITS,Universal Century,RG,1/144
,RG 1/144 MS-06R-2 ロバート・ギリアム専用ザクII,BANDAI SPIRITS,機動戦士ガンダムMSV,RG,1/144
,RG 1/144 MS-06R-2 ロバート・ギリアム専用ザクII (2022),BANDAI SPIRITS,Universal Century,RG,1/144
,RG 1/144 MS-06S ザクII (2025),BANDAI SPIRITS,Universal Century,RG,1/144
,RG 1/144 MS-06S ザクII Ver.GFT,BANDAI SPIRITS,,RG,1/144
,RG 1/144 MS-06S ザクII Ver.GFT (2013),BANDAI SPIRITS,Universal Century,RG,1/144
,RG 1/144 MS-06S ザクII［初音ミクVer.］,BANDAI SPIRITS,,RG,1/144
4573102615954,RG 1/144 MS-06S シャア専用ザク,BANDAI SPIRITS,機動戦士ガンダム,RG,1/144
,RG 1/144 MS-06S シャア専用ザク (2010),BANDAI SPIRITS,Universal Century,RG,1/144
4573102630919,RG 1/144 MSM-07 量産型ズゴック,BANDAI SPIRITS,機動戦士ガンダム,RG,1/144
,RG 1/144 MSM-07 量産型ズゴック (2015),BANDAI SPIRITS,Universal Century,RG,1/144
4573102616012,RG 1/144 MSM-07S シャア専用ズゴック,BANDAI SPIRITS,機動戦士ガンダム,RG,1/144
,RG 1/144 MSM-07S シャア専用ズゴック (2014),BANDAI SPIRITS,Universal Century,RG,1/144
,RG 1/144 MSN-04FF サザビー,BANDAI SPIRITS,機動戦士ガンダム 逆襲のシャア,RG,1/144
,RG 1/144 MSN-04FF サザビー (2023),BANDAI SPIRITS,Universal Century,RG,1/144
,RG 1/144 MSN-04FF サザビー (2026),BANDAI SPIRITS,Universal Century,RG,1/144
4573102616197,RG 1/144 MSN-06S シナンジュ,BANDAI SPIRITS,機動戦士ガンダムUC,RG,1/144
,RG 1/144 MSN-06S シナンジュ (2016),BANDAI SPIRITS,機動戦士ガンダムUC,RG,1/144
,RG 1/144 MSZ-006-3 Zガンダム3号機,BANDAI SPIRITS,機動戦士Zガンダム,RG,1/144
,RG 1/144 MSZ-006-3 Zガンダム3号機 初期検証型 Ver.GFT LIMITED COLOR (2015),BANDAI SPIRITS,Universal Century,RG,1/144
,RG 1/144 MSZ-006-3 ゼータガンダム３号機 (2013),BANDAI SPIRITS,Universal Century,RG,1/144
,RG 1/144 RX-178 ガンダムMk-II(ケロロ仕様) (2026),BANDAI SPIRITS,Universal Century,RG,1/144
4573102615985,RG 1/144 RX-178 ガンダムMk-II（エゥーゴ仕様）,BANDAI SPIRITS,機動戦士Zガンダム,RG,1/144
,RG 1/144 RX-178 ガンダムMk-II（エゥーゴ仕様） (2012),BANDAI SPIRITS,Universal Century,RG,1/144
4573102615978,RG 1/144 RX-178 ガンダムMk-II（ティターンズ仕様）,BANDAI SPIRITS,機動戦士Zガンダム,RG,1/144
,RG 1/144 RX-178 ガンダムMk-II（ティターンズ仕様） (2012),BANDAI SPIRITS,Universal Century,RG,1/144
4573102574039,RG 1/144 RX-78-2 ガンダム,BANDAI SPIRITS,機動戦士ガンダム,RG,1/144
,RG 1/144 RX-78-2 ガンダム & エールストライクガンダム セット (2021),BANDAI SPIRITS,機動戦士ガンダムSEED,RG,1/144
,RG 1/144 RX-78-2 ガンダム & エールストライクガンダム セット [ガンダムワールドコントラストカラー],BANDAI SPIRITS,機動戦士ガンダムSEED,RG,1/144
,RG 1/144 RX-78-2 ガンダム (2010),BANDAI SPIRITS,Universal Century,RG,1/144
4573102671554,RG 1/144 RX-78-2 ガンダム Ver.2.0,BANDAI SPIRITS,機動戦士ガンダム,RG,1/144
,RG 1/144 RX-78-2 ガンダム Ver.2.0 (2026),BANDAI SPIRITS,Universal Century,RG,1/144
,RG 1/144 RX-78-2 ガンダム Ver.2.0用武器セット,BANDAI SPIRITS,機動戦士ガンダム,RG,1/144
,RG 1/144 RX-78-2 ガンダム Ver.2.0用武器セット (2024),BANDAI SPIRITS,Universal Century,RG,1/144
,RG 1/144 RX-78-2 ガンダム カラークリア,BANDAI SPIRITS,機動戦士ガンダム,RG,1/144
,RG 1/144 RX-78-2 ガンダム カラークリア (2015),BANDAI SPIRITS,Universal Century,RG,1/144
4573102582058,RG 1/144 RX-78-2 ガンダム（チームブライトカスタム）,BANDAI SPIRITS,機動戦士ガンダム,RG,1/144
,RG 1/144 RX-78-2 ガンダム（チームブライトカスタム） (2021),BANDAI SPIRITS,Universal Century,RG,1/144
,RG 1/144 RX-78-2ガンダム Ver.2.0 (2024),BANDAI SPIRITS,Universal Century,RG,1/144
,RG 1/144 RX-78-3 G-3ガンダム,BANDAI SPIRITS,機動戦士ガンダム,RG,1/144
,RG 1/144 RX-78-3 G-3ガンダム (2015),BANDAI SPIRITS,Universal Century,RG,1/144
4573102618245,RG 1/144 RX-78GP01 ガンダム試作1号機ゼフィランサス,BANDAI SPIRITS,機動戦士ガンダム0083 STARDUST MEMORY,RG,1/144
,RG 1/144 RX-78GP01 ガンダム試作1号機ゼフィランサス (2013),BANDAI SPIRITS,Universal Century,RG,1/144
4573102603920,RG 1/144 RX-78GP01Fb ガンダム試作1号機フルバーニアン,BANDAI SPIRITS,機動戦士ガンダム0083 STARDUST MEMORY,RG,1/144
,RG 1/144 RX-78GP01Fb ガンダム試作1号機フルバーニアン (2013),BANDAI SPIRITS,Universal Century,RG,1/144
,RG 1/144 RX-93ff νガンダム,BANDAI SPIRITS,機動戦士ガンダム 逆襲のシャア,RG,1/144
,RG 1/144 RX-93ff νガンダム (2022),BANDAI SPIRITS,Universal Century,RG,1/144
,RG 1/144 RX-93ff νガンダム (2024),BANDAI SPIRITS,Universal Century,RG,1/144
,RG 1/144 RX-93ff νガンダム［クリアカラー］,BANDAI SPIRITS,機動戦士ガンダム 逆襲のシャア,RG,1/144
4573102616029,RG 1/144 XXXG-00W0 ウイングガンダムゼロ EW,BANDAI SPIRITS,新機動戦記ガンダムW Endless Waltz,RG,1/144
,RG 1/144 XXXG-00W0 ウイングガンダムゼロ EW (2014),BANDAI SPIRITS,Universal Century,RG,1/144
4573102630537,RG 1/144 XXXG-01W ウイングガンダム EW,BANDAI SPIRITS,新機動戦記ガンダムW Endless Waltz,RG,1/144
,RG 1/144 XXXG-01W ウイングガンダム EW (2016),BANDAI SPIRITS,Universal Century,RG,1/144
,RG 1/144 ZGMF-X09A ジャスティスガンダム (2012),BANDAI SPIRITS,機動戦士ガンダムSEED,RG,1/144
,RG 1/144 ZGMF-X09A ジャスティスガンダム ディアクティブモード,BANDAI SPIRITS,機動戦士ガンダムSEED,RG,1/144
,RG 1/144 ZGMF-X09A ジャスティスガンダム ディアクティブモード (2012),BANDAI SPIRITS,機動戦士ガンダムSEED,RG,1/144
,RG 1/144 ZGMF-X10A フリーダムガンダム (2011),BANDAI SPIRITS,機動戦士ガンダムSEED,RG,1/144
,RG 1/144 ZGMF-X10A フリーダムガンダム ディアクティブモード,BANDAI SPIRITS,機動戦士ガンダムSEED,RG,1/144
,RG 1/144 ZGMF-X10A フリーダムガンダム ディアクティブモード (2012),BANDAI SPIRITS,機動戦士ガンダムSEED,RG,1/144
4573102616166,RG 1/144 ZGMF-X42S デスティニーガンダム,BANDAI SPIRITS,機動戦士ガンダムSEED DESTINY,RG,1/144
,RG 1/144 ZGMF-X42S デスティニーガンダム (2013),BANDAI SPIRITS,機動戦士ガンダムSEED DESTINY,RG,1/144
4573102592422,RG 1/144 Zガンダム,BANDAI SPIRITS,機動戦士Zガンダム,RG,1/144
,RG 1/144 Zガンダム (2012),BANDAI SPIRITS,Universal Century,RG,1/144
,RG 1/144 Zガンダム RGリミテッドカラーVer.,BANDAI SPIRITS,機動戦士Zガンダム,RG,1/144
4573102592422,RG 1/144 Zガンダム（バイオセンサーイメージカラー）,BANDAI SPIRITS,機動戦士Zガンダム,RG,1/144
4573102633842,RG 1/144 νガンダム,BANDAI SPIRITS,機動戦士ガンダム 逆襲のシャア,RG,1/144
,RG 1/144 νガンダム (2019),BANDAI SPIRITS,Universal Century,RG,1/144
,RG 1/144 νガンダム (2021),BANDAI SPIRITS,Universal Century,RG,1/144
4573102590008,RG 1/144 νガンダム フィン・ファンネルエフェクトセット,BANDAI SPIRITS,機動戦士ガンダム 逆襲のシャア,RG,1/144
,RG 1/144 νガンダム フィン・ファンネルエフェクトセット (2019),BANDAI SPIRITS,Universal Century,RG,1/144
,RG 1/144 νガンダム 初回生産限定パッケージ (2020),BANDAI SPIRITS,Universal Century,RG,1/144
,RG 1/144 νガンダム(ダブル・フィン・ファンネル装備型) (2024),BANDAI SPIRITS,Universal Century,RG,1/144
,RG 1/144 νガンダムHWS,BANDAI SPIRITS,機動戦士ガンダム 逆襲のシャア,RG,1/144
,RG 1/144 νガンダムHWS (2020),BANDAI SPIRITS,Universal Century,RG,1/144
,RG 1/144 νガンダムHWS (2021),BANDAI SPIRITS,Universal Century,RG,1/144
,RG 1/144 νガンダムHWS［クリアカラー］,BANDAI SPIRITS,機動戦士ガンダム 逆襲のシャア,RG,1/144
,RG 1/144 νガンダム用 HWS拡張セット,BANDAI SPIRITS,機動戦士ガンダム 逆襲のシャア,RG,1/144
,RG 1/144 νガンダム用 HWS拡張セット (2020),BANDAI SPIRITS,Universal Century,RG,1/144
,RG 1/144 νガンダム用ダブル・フィン・ファンネル拡張ユニット,BANDAI SPIRITS,機動戦士ガンダム 逆襲のシャア,RG,1/144
,RG 1/144 νガンダム用ダブル・フィン・ファンネル拡張ユニット (2019),BANDAI SPIRITS,Universal Century,RG,1/144
4573102633842,RG 1/144 νガンダム（ダブル･フィン･ファンネル装備型）,BANDAI SPIRITS,機動戦士ガンダム 逆襲のシャア,RG,1/144
,RG 1/144 νガンダム［クリアカラー］,BANDAI SPIRITS,機動戦士ガンダム 逆襲のシャア,RG,1/144
,RG 1/144 アカツキガンダム(オオワシ装備) (2024),BANDAI SPIRITS,機動戦士ガンダムSEED DESTINY,RG,1/144
,RG 1/144 アカツキガンダム用シラヌイパック & HGゼウスシルエット用接続パーツ,BANDAI SPIRITS,機動戦士ガンダムSEED DESTINY,RG,1/144
,RG 1/144 アカツキガンダム用シラヌイパック & HGゼウスシルエット用接続パーツ (2024),BANDAI SPIRITS,機動戦士ガンダムSEED DESTINY,RG,1/144
4573102673961,RG 1/144 アカツキガンダム（オオワシ装備）,BANDAI SPIRITS,機動戦士ガンダムSEED DESTINY,RG,1/144
4573102588913,RG 1/144 ウイングガンダム,BANDAI SPIRITS,新機動戦記ガンダムW,RG,1/144
,RG 1/144 ウイングガンダム (2021),BANDAI SPIRITS,Universal Century,RG,1/144
4573102588913,RG 1/144 ウイングガンダムゼロ,BANDAI SPIRITS,新機動戦記ガンダムW,RG,1/144
,RG 1/144 ウイングガンダムゼロ (2025),BANDAI SPIRITS,Universal Century,RG,1/144
,RG 1/144 ウイングガンダムゼロ EW & ドライツバーク［チタニウムフィニッシュ］,BANDAI SPIRITS,新機動戦記ガンダムW Endless Waltz,RG,1/144
,RG 1/144 ウイングガンダムゼロ EW & ドライツバーク［チタニウムフィニッシュ］ (2018),BANDAI SPIRITS,Universal Century,RG,1/144
,RG 1/144 ウイングガンダムゼロ EW -APEX LEGENDS(TM) ヴァルキリー Ver.- (2026),BANDAI SPIRITS,Universal Century,RG,1/144
,RG 1/144 ウイングガンダムゼロ EW パールグロスVer.,BANDAI SPIRITS,新機動戦記ガンダムW Endless Waltz,RG,1/144
,RG 1/144 ウイングガンダムゼロ EW パールグロスVer. (2015),BANDAI SPIRITS,Universal Century,RG,1/144
,RG 1/144 ウイングガンダムゼロ EW用 拡張エフェクトユニット “セラフィムフェザー”,BANDAI SPIRITS,機動戦士ガンダム00,RG,1/144
,RG 1/144 ウイングガンダムゼロ ＥＷ用 拡張エフェクトユニット “セラフィムフェザー” (2015),BANDAI SPIRITS,機動戦士ガンダム00,RG,1/144
,RG 1/144 ウイングガンダムゼロEW用ドライツバーク,BANDAI SPIRITS,新機動戦記ガンダムW Endless Waltz,RG,1/144
4573102616135,RG 1/144 エールストライクガンダム,BANDAI SPIRITS,機動戦士ガンダムSEED,RG,1/144
,RG 1/144 エールストライクガンダム (2011),BANDAI SPIRITS,機動戦士ガンダムSEED,RG,1/144
,RG 1/144 ガンダムMk-II RGリミテッドカラーVer.,BANDAI SPIRITS,機動戦士Zガンダム,RG,1/144
,RG 1/144 ガンダムMk-II RGリミテッドカラーVer. (2017),BANDAI SPIRITS,Universal Century,RG,1/144
4573102606525,RG 1/144 ガンダムアストレア タイプ-F,BANDAI SPIRITS,,RG,1/144
,RG 1/144 ガンダムアストレア タイプ-Ｆ (2014),BANDAI SPIRITS,Universal Century,RG,1/144
,RG 1/144 ガンダムアストレイ ゴールドフレーム (2016),BANDAI SPIRITS,機動戦士ガンダムSEED ASTRAY,RG,1/144
,RG 1/144 ガンダムアストレイ ゴールドフレーム天 (2019),BANDAI SPIRITS,機動戦士ガンダムSEED ASTRAY,RG,1/144
4573102554604,RG 1/144 ガンダムアストレイ ゴールドフレーム天ミナ,BANDAI SPIRITS,機動戦士ガンダムSEED ASTRAY,RG,1/144
,RG 1/144 ガンダムアストレイ ゴールドフレーム天ミナ (2017),BANDAI SPIRITS,機動戦士ガンダムSEED ASTRAY,RG,1/144
,RG 1/144 ガンダムアストレイ ゴールドフレーム天ミナ (2018),BANDAI SPIRITS,機動戦士ガンダムSEED ASTRAY,RG,1/144
,RG 1/144 ガンダムアストレイ ゴールドフレーム天ミナ［スペシャルコーティング］,BANDAI SPIRITS,機動戦士ガンダムSEED ASTRAY,RG,1/144
4573102554604,RG 1/144 ガンダムアストレイ ゴールドフレーム天（アマツ）,BANDAI SPIRITS,機動戦士ガンダムSEED ASTRAY,RG,1/144
,RG 1/144 ガンダムアストレイ ゴールドフレーム天（アマツ） (2017),BANDAI SPIRITS,機動戦士ガンダムSEED ASTRAY,RG,1/144
4573102554604,RG 1/144 ガンダムアストレイ ゴールドフレーム天（アマツ）ハナ,BANDAI SPIRITS,機動戦士ガンダムSEED ASTRAY,RG,1/144
,RG 1/144 ガンダムアストレイ ゴールドフレーム天（アマツ）ハナ (2019),BANDAI SPIRITS,機動戦士ガンダムSEED ASTRAY,RG,1/144
,RG 1/144 ガンダムアストレイ ゴールドフレーム天［スペシャルコーティング］,BANDAI SPIRITS,機動戦士ガンダムSEED ASTRAY,RG,1/144
4543112142023,RG 1/144 ガンダムアストレイ ブルーフレーム,BANDAI SPIRITS,機動戦士ガンダムSEED ASTRAY,RG,1/144
,RG 1/144 ガンダムアストレイ ブルーフレーム (2015),BANDAI SPIRITS,機動戦士ガンダムSEED ASTRAY,RG,1/144
,RG 1/144 ガンダムアストレイ ブルーフレーム メッキVer.,BANDAI SPIRITS,機動戦士ガンダムSEED ASTRAY,RG,1/144
,RG 1/144 ガンダムアストレイ ブルーフレーム メッキVer. (2016),BANDAI SPIRITS,機動戦士ガンダムSEED ASTRAY,RG,1/144
,RG 1/144 ガンダムアストレイ レッドドラゴン,BANDAI SPIRITS,機動戦士ガンダムSEED ASTRAY,RG,1/144
,RG 1/144 ガンダムアストレイ レッドドラゴン (2026),BANDAI SPIRITS,機動戦士ガンダムSEED ASTRAY,RG,1/144
,RG 1/144 ガンダムアストレイ レッドフレーム メッキVer.,BANDAI SPIRITS,機動戦士ガンダムSEED ASTRAY,RG,1/144
,RG 1/144 ガンダムアストレイ レッドフレーム メッキVer. (2016),BANDAI SPIRITS,機動戦士ガンダムSEED ASTRAY,RG,1/144
4573102554604,RG 1/144 ガンダムアストレイゴールドフレーム,BANDAI SPIRITS,機動戦士ガンダムSEED ASTRAY,RG,1/144
4573102590244,RG 1/144 ガンダムアヴァランチエクシアダッシュ,BANDAI SPIRITS,機動戦士ガンダム00,RG,1/144
,RG 1/144 ガンダムアヴァランチエクシアダッシュ (2025),BANDAI SPIRITS,機動戦士ガンダム00,RG,1/144
,RG 1/144 ガンダムエクシア トランザムクリアVer.,BANDAI SPIRITS,機動戦士ガンダム00,RG,1/144
,RG 1/144 ガンダムエクシア トランザムクリアVer. (2016),BANDAI SPIRITS,機動戦士ガンダム00,RG,1/144
4573102557339,RG 1/144 ガンダムエクシア リペアII,BANDAI SPIRITS,機動戦士ガンダム00,RG,1/144
,RG 1/144 ガンダムエクシア リペアII (2017),BANDAI SPIRITS,機動戦士ガンダム00,RG,1/144
,RG 1/144 ガンダムエクシア リペアIII,BANDAI SPIRITS,機動戦士ガンダム00,RG,1/144
,RG 1/144 ガンダムエクシア リペアIII (2019),BANDAI SPIRITS,機動戦士ガンダム00,RG,1/144
,RG 1/144 ガンダムエクシア リペアIV- (2026),BANDAI SPIRITS,機動戦士ガンダム00,RG,1/144
,RG 1/144 ガンダムエクシア （トランザムモード） グロスインジェクションVer. (2014),BANDAI SPIRITS,機動戦士ガンダム00,RG,1/144
,RG 1/144 ガンダムエクシア用 ガンダムアストレアパーツセット,BANDAI SPIRITS,機動戦士ガンダム00,RG,1/144
,RG 1/144 ガンダムエクシア用 ガンダムアストレアパーツセット (2014),BANDAI SPIRITS,機動戦士ガンダム00,RG,1/144
,RG 1/144 ガンダムエクシア用リペアパーツセット,BANDAI SPIRITS,機動戦士ガンダム00,RG,1/144
,RG 1/144 ガンダムエクシア用リペアパーツセット (2014),BANDAI SPIRITS,機動戦士ガンダム00,RG,1/144
4573102579270,RG 1/144 ガンダムエクシア（トランザムモード）グロスインジェクションVer.,BANDAI SPIRITS,機動戦士ガンダム00,RG,1/144
4573102654427,RG 1/144 ガンダムエピオン,BANDAI SPIRITS,新機動戦記ガンダムW,RG,1/144
,RG 1/144 ガンダムエピオン (2023),BANDAI SPIRITS,Universal Century,RG,1/144
,RG 1/144 ガンダムエピオン -APEX LEGENDS(TM) オルター Ver.- (2026),BANDAI SPIRITS,Universal Century,RG,1/144
,RG 1/144 ガンダムフロント東京限定 RX-78-2 ガンダム Ver.GFT (2012),BANDAI SPIRITS,Universal Century,RG,1/144
,RG 1/144 ガンダムベース限定 Hi-νガンダム (2022),BANDAI SPIRITS,Universal Century,RG,1/144
,RG 1/144 ガンダムベース限定 Hi-νガンダム[チタニウムフィニッシュ],BANDAI SPIRITS,機動戦士ガンダム 逆襲のシャア,RG,1/144
,RG 1/144 ガンダムベース限定 RX-0 ユニコーンガンダム (最終決戦仕様) (2023),BANDAI SPIRITS,機動戦士ガンダムUC,RG,1/144
,RG 1/144 ガンダムベース限定 RX-0 ユニコーンガンダム Ver.TWC,BANDAI SPIRITS,機動戦士ガンダムUC,RG,1/144
,RG 1/144 ガンダムベース限定 RX-0 ユニコーンガンダム Ver.TWC (2017),BANDAI SPIRITS,機動戦士ガンダムUC,RG,1/144
,RG 1/144 ガンダムベース限定 RX-0 ユニコーンガンダム(デストロイモード) Ver.TWC(LIGHTING MODEL) (2018),BANDAI SPIRITS,機動戦士ガンダムUC,RG,1/144
,RG 1/144 ガンダムベース限定 RX-0 ユニコーンガンダム（デストロイモード）Ver.TWC（LIGHTING MODEL）,BANDAI SPIRITS,機動戦士ガンダムUC,RG,1/144
,RG 1/144 ガンダムベース限定 RX-0 ユニコーンガンダム（最終決戦仕様）[スペシャルコーティング],BANDAI SPIRITS,機動戦士ガンダムUC,RG,1/144
,RG 1/144 ガンダムベース限定 RX-78-2 ガンダム Ver.2.0 (2025),BANDAI SPIRITS,Universal Century,RG,1/144
,RG 1/144 ガンダムベース限定 RX-78-2 ガンダム Ver.2.0［ガンダムベースカラー］,BANDAI SPIRITS,機動戦士ガンダム,RG,1/144
,RG 1/144 ガンダムベース限定 ZGMF-X10A フリーダムガンダム Ver.GCP (2023),BANDAI SPIRITS,機動戦士ガンダムSEED,RG,1/144
,RG 1/144 ガンダムベース限定 ZGMF-X10A フリーダムガンダム Ver.GCP (2024),BANDAI SPIRITS,機動戦士ガンダムSEED,RG,1/144
,RG 1/144 ガンダムベース限定 νガンダム (2020),BANDAI SPIRITS,Universal Century,RG,1/144
,RG 1/144 ガンダムベース限定 νガンダム[チタニウムフィニッシュ],BANDAI SPIRITS,機動戦士ガンダム 逆襲のシャア,RG,1/144
,RG 1/144 ガンダムベース限定 アカツキガンダム(オオワシ装備) & HG 1/144 ゼウスシルエット + カスタムジョイントパーツセット (2026),BANDAI SPIRITS,機動戦士ガンダムSEED DESTINY,RG,1/144
,RG 1/144 ガンダムベース限定 ウイングガンダムゼロ EW (2017),BANDAI SPIRITS,Universal Century,RG,1/144
,RG 1/144 ガンダムベース限定 ウイングガンダムゼロ EW [クリアカラー],BANDAI SPIRITS,新機動戦記ガンダムW Endless Waltz,RG,1/144
,RG 1/144 ガンダムベース限定 エールストライクガンダム & スカイグラスパー ランチャー/ソードパック セット (2022),BANDAI SPIRITS,機動戦士ガンダムSEED,RG,1/144
,RG 1/144 ガンダムベース限定 エールストライクガンダム & スカイグラスパー ランチャー/ソードパック セット［クリアカラー］,BANDAI SPIRITS,機動戦士ガンダムSEED,RG,1/144
,RG 1/144 ガンダムベース限定 ガンダムエクシア (2020),BANDAI SPIRITS,機動戦士ガンダム00,RG,1/144
,RG 1/144 ガンダムベース限定 ガンダムエクシア［トランザムクリア］,BANDAI SPIRITS,機動戦士ガンダム00,RG,1/144
,RG 1/144 ガンダムベース限定 ガンダムエピオン (2026),BANDAI SPIRITS,Universal Century,RG,1/144
,RG 1/144 ガンダムベース限定 ガンダムエピオン［スペシャルコーティング］,BANDAI SPIRITS,新機動戦記ガンダムW,RG,1/144
,RG 1/144 ガンダムベース限定 ゴッドガンダム ハイパーモード,BANDAI SPIRITS,機動武闘伝Gガンダム,RG,1/144
,RG 1/144 ガンダムベース限定 ゴッドガンダム ハイパーモード (2025),BANDAI SPIRITS,Universal Century,RG,1/144
,RG 1/144 ガンダムベース限定 サザビー (2024),BANDAI SPIRITS,Universal Century,RG,1/144
,RG 1/144 ガンダムベース限定 サザビー［メカニカルコアメッキ］,BANDAI SPIRITS,機動戦士ガンダム 逆襲のシャア,RG,1/144
,RG 1/144 ガンダムベース限定 シナンジュ (2017),BANDAI SPIRITS,機動戦士ガンダムUC,RG,1/144
,RG 1/144 ガンダムベース限定 シナンジュ［メタリックグロスインジェクション］,BANDAI SPIRITS,機動戦士ガンダムUC,RG,1/144
,RG 1/144 ガンダムベース限定 ジオング (2021),BANDAI SPIRITS,Universal Century,RG,1/144
,RG 1/144 ガンダムベース限定 ジオング (2024),BANDAI SPIRITS,Universal Century,RG,1/144
,RG 1/144 ガンダムベース限定 ジオング［クリアカラー］,BANDAI SPIRITS,機動戦士ガンダム,RG,1/144
,RG 1/144 ガンダムベース限定 ジオング［スペシャルコーティング］,BANDAI SPIRITS,機動戦士ガンダム,RG,1/144
,RG 1/144 ガンダムベース限定 ストライクルージュ グランドスラム装備型,BANDAI SPIRITS,機動戦士ガンダムSEED,RG,1/144
,RG 1/144 ガンダムベース限定 ストライクルージュ グランドスラム装備型 (2021),BANDAI SPIRITS,機動戦士ガンダムSEED,RG,1/144
,RG 1/144 ガンダムベース限定 ダブルオークアンタ (2020),BANDAI SPIRITS,機動戦士ガンダム00,RG,1/144
,RG 1/144 ガンダムベース限定 ダブルオークアンタ[トランザムクリア],BANDAI SPIRITS,機動戦士ガンダム00,RG,1/144
,RG 1/144 ガンダムベース限定 ダブルオークアンタフルセイバー (2018),BANDAI SPIRITS,機動戦士ガンダム00,RG,1/144
,RG 1/144 ガンダムベース限定 ダブルオークアンタフルセイバー (2019),BANDAI SPIRITS,機動戦士ガンダム00,RG,1/144
,RG 1/144 ガンダムベース限定 ダブルオークアンタフルセイバー［クリアカラー］,BANDAI SPIRITS,機動戦士ガンダム00,RG,1/144
,RG 1/144 ガンダムベース限定 ダブルオークアンタフルセイバー［トランザムクリア］,BANDAI SPIRITS,機動戦士ガンダム00,RG,1/144
,RG 1/144 ガンダムベース限定 ダブルオーライザー (2020),BANDAI SPIRITS,機動戦士ガンダム00,RG,1/144
,RG 1/144 ガンダムベース限定 ダブルオーライザー［トランザムクリア］,BANDAI SPIRITS,機動戦士ガンダム00,RG,1/144
,RG 1/144 ガンダムベース限定 フリーダムガンダム Ver.GCP,BANDAI SPIRITS,機動戦士ガンダムSEED,RG,1/144
,RG 1/144 ガンダムベース限定 ユニコーンガンダム (2018),BANDAI SPIRITS,機動戦士ガンダムUC,RG,1/144
,RG 1/144 ガンダムベース限定 ユニコーンガンダム ペルフェクティビリティ,BANDAI SPIRITS,機動戦士ガンダムUC,RG,1/144
,RG 1/144 ガンダムベース限定 ユニコーンガンダム ペルフェクティビリティ (2020),BANDAI SPIRITS,機動戦士ガンダムUC,RG,1/144
,RG 1/144 ガンダムベース限定 ユニコーンガンダム2号機 バンシィ・ノルン (デストロイモード) (LIGHTING MODEL) (2019),BANDAI SPIRITS,機動戦士ガンダムUC,RG,1/144
,RG 1/144 ガンダムベース限定 ユニコーンガンダム2号機 バンシィ・ノルン（デストロイモード）（LIGHTING MODEL）,BANDAI SPIRITS,機動戦士ガンダムUC,RG,1/144
,RG 1/144 ガンダムベース限定 ユニコーンガンダム［ゴールドコーティング］,BANDAI SPIRITS,機動戦士ガンダムUC,RG,1/144
,RG 1/144 キャスバル専用ガンダム,BANDAI SPIRITS,,RG,1/144
,RG 1/144 キャスバル専用ガンダム (2014),BANDAI SPIRITS,Universal Century,RG,1/144
,RG 1/144 ギャビー・ハザード専用ザクII,BANDAI SPIRITS,,RG,1/144
4573102576170,RG 1/144 クロスボーン・ガンダムX1,BANDAI SPIRITS,機動新世紀ガンダムX,RG,1/144
,RG 1/144 クロスボーン・ガンダムX1 (2019),BANDAI SPIRITS,Universal Century,RG,1/144
,RG 1/144 クロスボーン・ガンダムX1 (2021),BANDAI SPIRITS,Universal Century,RG,1/144
,RG 1/144 クロスボーン・ガンダムX1［クリアカラー］,BANDAI SPIRITS,機動新世紀ガンダムX,RG,1/144
,RG 1/144 クロスボーン・ガンダムX1［チタニウムフィニッシュ］,BANDAI SPIRITS,機動新世紀ガンダムX,RG,1/144
,RG 1/144 クロスボーン・ガンダムX1［チタニウムフィニッシュ］ (2021),BANDAI SPIRITS,Universal Century,RG,1/144
,RG 1/144 クロスボーン・ガンダムX2,BANDAI SPIRITS,機動新世紀ガンダムX,RG,1/144
,RG 1/144 クロスボーン・ガンダムX2 (2019),BANDAI SPIRITS,Universal Century,RG,1/144
4573102582652,RG 1/144 ゴッドガンダム,BANDAI SPIRITS,機動武闘伝Gガンダム,RG,1/144
,RG 1/144 ゴッドガンダム (2022),BANDAI SPIRITS,Universal Century,RG,1/144
,RG 1/144 ゴッドガンダム ソリッドクリア,BANDAI SPIRITS,機動武闘伝Gガンダム,RG,1/144
,RG 1/144 ゴッドガンダム用 拡張セット,BANDAI SPIRITS,機動武闘伝Gガンダム,RG,1/144
,RG 1/144 ゴッドガンダム用 拡張セット (2022),BANDAI SPIRITS,Universal Century,RG,1/144
4573102616050,RG 1/144 サザビー,BANDAI SPIRITS,機動戦士ガンダム 逆襲のシャア,RG,1/144
,RG 1/144 サザビー (2018),BANDAI SPIRITS,Universal Century,RG,1/144
,RG 1/144 サザビー (2019),BANDAI SPIRITS,Universal Century,RG,1/144
,RG 1/144 サザビー［クリアカラー］,BANDAI SPIRITS,機動戦士ガンダム 逆襲のシャア,RG,1/144
,RG 1/144 サザビー［スペシャルコーティング］,BANDAI SPIRITS,機動戦士ガンダム 逆襲のシャア,RG,1/144
,RG 1/144 サザビー［スペシャルコーティング］ (2019),BANDAI SPIRITS,Universal Century,RG,1/144
,RG 1/144 シナンジュ (2017),BANDAI SPIRITS,機動戦士ガンダムUC,RG,1/144
,RG 1/144 シナンジュ用 拡張セット,BANDAI SPIRITS,機動戦士ガンダムUC,RG,1/144
,RG 1/144 シナンジュ用 拡張セット (2016),BANDAI SPIRITS,機動戦士ガンダムUC,RG,1/144
,RG 1/144 シナンジュ［クリアカラー］,BANDAI SPIRITS,機動戦士ガンダムUC,RG,1/144
,RG 1/144 シナンジュ［スペシャルコーティング］,BANDAI SPIRITS,機動戦士ガンダムUC,RG,1/144
,RG 1/144 シナンジュ［スペシャルコーティング］ (2020),BANDAI SPIRITS,機動戦士ガンダムUC,RG,1/144
4573102685582,RG 1/144 シャイニングガンダム,BANDAI SPIRITS,機動武闘伝Gガンダム,RG,1/144
,RG 1/144 シャイニングガンダム (2025),BANDAI SPIRITS,Universal Century,RG,1/144
4573102604255,RG 1/144 ジオング,BANDAI SPIRITS,機動戦士ガンダム,RG,1/144
,RG 1/144 ジオング (2021),BANDAI SPIRITS,Universal Century,RG,1/144
4573102616159,RG 1/144 ジャスティスガンダム,BANDAI SPIRITS,機動戦士ガンダムSEED,RG,1/144
,RG 1/144 スカイグラスパー (2012),BANDAI SPIRITS,Universal Century,RG,1/144
4573102630520,RG 1/144 スカイグラスパー［ランチャー・ソードパック］,BANDAI SPIRITS,機動戦士ガンダムSEEDシリーズ,RG,1/144
4573102663849,RG 1/144 ストライクフリーダムガンダム,BANDAI SPIRITS,機動戦士ガンダムSEED DESTINY,RG,1/144
,RG 1/144 ストライクフリーダムガンダム (2013),BANDAI SPIRITS,機動戦士ガンダムSEED DESTINY,RG,1/144
,RG 1/144 ストライクフリーダムガンダム ディアクティブモード,BANDAI SPIRITS,機動戦士ガンダムSEED DESTINY,RG,1/144
,RG 1/144 ストライクフリーダムガンダム ディアクティブモード (2014),BANDAI SPIRITS,機動戦士ガンダムSEED DESTINY,RG,1/144
,RG 1/144 ストライクフリーダムガンダム用 拡張エフェクトユニット“天空の翼”,BANDAI SPIRITS,機動戦士ガンダムSEED DESTINY,RG,1/144
,RG 1/144 ストライクフリーダムガンダム用 拡張エフェクトユニット“天空の翼” (2013),BANDAI SPIRITS,機動戦士ガンダムSEED DESTINY,RG,1/144
,RG 1/144 ストライクフリーダムガンダム［チタニウムフィニッシュ］,BANDAI SPIRITS,機動戦士ガンダムSEED DESTINY,RG,1/144
,RG 1/144 ストライクフリーダムガンダム［チタニウムフィニッシュ］ (2021),BANDAI SPIRITS,機動戦士ガンダムSEED DESTINY,RG,1/144
,RG 1/144 ストライクルージュ＋HG 1/144 I.W.S.P. (2013),BANDAI SPIRITS,機動戦士ガンダムSEED,RG,1/144
,RG 1/144 ゼータガンダム (バイオセンサーイメージカラー) (2018),BANDAI SPIRITS,Universal Century,RG,1/144
,RG 1/144 ゼータガンダム RGリミテッドカラーVer. (2017),BANDAI SPIRITS,Universal Century,RG,1/144
4543112314352,RG 1/144 ソードインパルスガンダム,BANDAI SPIRITS,機動戦士ガンダムSEED DESTINY,RG,1/144
,RG 1/144 ソードインパルスガンダム (2020),BANDAI SPIRITS,機動戦士ガンダムSEED DESTINY,RG,1/144
,RG 1/144 ソードインパルスガンダムSpecII,BANDAI SPIRITS,機動戦士ガンダムSEED FREEDOM,RG,1/144
,RG 1/144 ソードインパルスガンダムSpecII (2025),BANDAI SPIRITS,機動戦士ガンダムSEED FREEDOM,RG,1/144
4573102579355,RG 1/144 ダブルオーガンダム セブンソード,BANDAI SPIRITS,機動戦士ガンダム00,RG,1/144
,RG 1/144 ダブルオーガンダム セブンソード (2016),BANDAI SPIRITS,機動戦士ガンダム00,RG,1/144
,RG 1/144 ダブルオーガンダム セブンソード/G インスペクション,BANDAI SPIRITS,機動戦士ガンダム00,RG,1/144
,RG 1/144 ダブルオーガンダム セブンソード/G インスペクション (2017),BANDAI SPIRITS,機動戦士ガンダム00,RG,1/144
,RG 1/144 ダブルオークアンタ フルセイバー (2017),BANDAI SPIRITS,機動戦士ガンダム00,RG,1/144
,RG 1/144 ダブルオークアンタフルセイバー,BANDAI SPIRITS,機動戦士ガンダム00,RG,1/144
,RG 1/144 ダブルオークアンタ（トランザムモード） (2017),BANDAI SPIRITS,機動戦士ガンダム00,RG,1/144
4573102587848,RG 1/144 ダブルオークアンタ（トランザムモード）[メタリックグロスインジェクション],BANDAI SPIRITS,機動戦士ガンダム00,RG,1/144
,RG 1/144 ダブルオーザンライザー,BANDAI SPIRITS,機動戦士ガンダム00,RG,1/144
,RG 1/144 ダブルオーザンライザー (2024),BANDAI SPIRITS,機動戦士ガンダム00,RG,1/144
,RG 1/144 ダブルオーライザー (2018),BANDAI SPIRITS,機動戦士ガンダム00,RG,1/144
,RG 1/144 ダブルオーライザー［クリアカラー］,BANDAI SPIRITS,機動戦士ガンダム00,RG,1/144
,RG 1/144 デスティニーインパルス,BANDAI SPIRITS,機動戦士ガンダムSEED DESTINY,RG,1/144
,RG 1/144 デスティニーインパルス (2023),BANDAI SPIRITS,機動戦士ガンダムSEED DESTINY,RG,1/144
,RG 1/144 デスティニーガンダム ディアクティブモード,BANDAI SPIRITS,機動戦士ガンダムSEED DESTINY,RG,1/144
,RG 1/144 デスティニーガンダム ディアクティブモード (2013),BANDAI SPIRITS,機動戦士ガンダムSEED DESTINY,RG,1/144
,RG 1/144 デスティニーガンダム ハイネ・ヴェステンフルス カラーVer.,BANDAI SPIRITS,機動戦士ガンダムSEED DESTINY,RG,1/144
,RG 1/144 デスティニーガンダム ハイネ・ヴェステンフルス カラーメッキVer.,BANDAI SPIRITS,機動戦士ガンダムSEED DESTINY,RG,1/144
,RG 1/144 デスティニーガンダム用 拡張エフェクトユニット“光の翼”,BANDAI SPIRITS,機動戦士ガンダムSEED DESTINY,RG,1/144
,RG 1/144 デスティニーガンダム用 拡張エフェクトユニット“光の翼” (2013),BANDAI SPIRITS,機動戦士ガンダムSEED DESTINY,RG,1/144
,RG 1/144 デスティニーガンダム［チタニウムフィニッシュ］,BANDAI SPIRITS,機動戦士ガンダムSEED DESTINY,RG,1/144
,RG 1/144 デスティニーガンダム［チタニウムフィニッシュ］ (2020),BANDAI SPIRITS,機動戦士ガンダムSEED DESTINY,RG,1/144
4573102606488,RG 1/144 トランザムライザー グロスインジェクションVer.,BANDAI SPIRITS,機動戦士ガンダム00,RG,1/144
,RG 1/144 トランザムライザー グロスインジェクションVer. (2015),BANDAI SPIRITS,Universal Century,RG,1/144
4573102630858,RG 1/144 トールギス EW,BANDAI SPIRITS,新機動戦記ガンダムW Endless Waltz,RG,1/144
,RG 1/144 トールギス EW (2018),BANDAI SPIRITS,Universal Century,RG,1/144
,RG 1/144 トールギス EW［チタニウムフィニッシュ］,BANDAI SPIRITS,新機動戦記ガンダムW Endless Waltz,RG,1/144
,RG 1/144 トールギス EW［チタニウムフィニッシュ］ (2018),BANDAI SPIRITS,Universal Century,RG,1/144
4902425534411,RG 1/144 トールギスII,BANDAI SPIRITS,新機動戦記ガンダムW,RG,1/144
,RG 1/144 トールギスII (2018),BANDAI SPIRITS,Universal Century,RG,1/144
4902425712598,RG 1/144 トールギスIII,BANDAI SPIRITS,新機動戦記ガンダムW Endless Waltz,RG,1/144
,RG 1/144 トールギスIII (2019),BANDAI SPIRITS,Universal Century,RG,1/144
,RG 1/144 トールギスIII［チタニウムフィニッシュ］,BANDAI SPIRITS,新機動戦記ガンダムW Endless Waltz,RG,1/144
,RG 1/144 トールギスIII［チタニウムフィニッシュ］ (2021),BANDAI SPIRITS,Universal Century,RG,1/144
4573102630858,RG 1/144 トールギス（TVアニメカラーVer.）,BANDAI SPIRITS,新機動戦記ガンダムW,RG,1/144
,RG 1/144 トールギス（TVアニメカラーVer.） (2020),BANDAI SPIRITS,Universal Century,RG,1/144
4573102557506,RG 1/144 パーフェクトストライクガンダム,BANDAI SPIRITS,機動戦士ガンダムSEED,RG,1/144
,RG 1/144 パーフェクトストライクガンダム (2019),BANDAI SPIRITS,機動戦士ガンダムSEED,RG,1/144
,RG 1/144 ビルドストライクガンダム フルパッケージ（RGシステムイメージカラー）,BANDAI SPIRITS,ガンダムビルドシリーズ,RG,1/144
,RG 1/144 ビルドストライクガンダム フルパッケージ（RGシステムイメージカラー） (2017),BANDAI SPIRITS,ガンダムビルドシリーズ,RG,1/144
4573102592286,RG 1/144 フォースインパルスガンダム,BANDAI SPIRITS,機動戦士ガンダムSEED DESTINY,RG,1/144
,RG 1/144 フォースインパルスガンダム (2020),BANDAI SPIRITS,機動戦士ガンダムSEED DESTINY,RG,1/144
,RG 1/144 フォースインパルスガンダム (2021),BANDAI SPIRITS,機動戦士ガンダムSEED DESTINY,RG,1/144
4573102662897,RG 1/144 フォースインパルスガンダム SpecII,BANDAI SPIRITS,機動戦士ガンダムSEED FREEDOM,RG,1/144
,RG 1/144 フォースインパルスガンダム SpecII (2024),BANDAI SPIRITS,機動戦士ガンダムSEED FREEDOM,RG,1/144
,RG 1/144 フォースインパルスガンダム ディアクティブモード (2026),BANDAI SPIRITS,機動戦士ガンダムSEED DESTINY,RG,1/144
,RG 1/144 フォースインパルスガンダム［チタニウムフィニッシュ］,BANDAI SPIRITS,機動戦士ガンダムSEED DESTINY,RG,1/144
4573102662842,RG 1/144 フリーダムガンダム,BANDAI SPIRITS,機動戦士ガンダムSEED,RG,1/144
,RG 1/144 フリーダムガンダム -APEX LEGENDS(TM) クリプト Ver.- (2026),BANDAI SPIRITS,機動戦士ガンダムSEED,RG,1/144
4573102555861,RG 1/144 フルアーマー・ユニコーンガンダム,BANDAI SPIRITS,機動戦士ガンダムUC,RG,1/144
,RG 1/144 フルアーマー・ユニコーンガンダム (2018),BANDAI SPIRITS,機動戦士ガンダムUC,RG,1/144
,RG 1/144 ブラストインパルスガンダムSpecII,BANDAI SPIRITS,機動戦士ガンダムSEED FREEDOM,RG,1/144
,RG 1/144 ブラストインパルスガンダムSpecII (2024),BANDAI SPIRITS,機動戦士ガンダムSEED FREEDOM,RG,1/144
4573102555861,RG 1/144 ユニコーンガンダム,BANDAI SPIRITS,機動戦士ガンダムUC,RG,1/144
,RG 1/144 ユニコーンガンダム (2017),BANDAI SPIRITS,機動戦士ガンダムUC,RG,1/144
,RG 1/144 ユニコーンガンダム (バンデシネVer.) (2018),BANDAI SPIRITS,機動戦士ガンダムUC,RG,1/144
4573102587800,RG 1/144 ユニコーンガンダム2号機 バンシィ・ノルン,BANDAI SPIRITS,機動戦士ガンダムUC,RG,1/144
,RG 1/144 ユニコーンガンダム2号機 バンシィ・ノルン (2018),BANDAI SPIRITS,機動戦士ガンダムUC,RG,1/144
,RG 1/144 ユニコーンガンダム2号機 バンシィ・ノルン （最終決戦仕様） (2019),BANDAI SPIRITS,機動戦士ガンダムUC,RG,1/144
4573102587800,RG 1/144 ユニコーンガンダム2号機 バンシィ・ノルン（最終決戦仕様）,BANDAI SPIRITS,機動戦士ガンダムUC,RG,1/144
4573102587800,RG 1/144 ユニコーンガンダム2号機 バンシィ・ノルン（最終決戦仕様）［スペシャルコーティング］,BANDAI SPIRITS,機動戦士ガンダムUC,RG,1/144
,RG 1/144 ユニコーンガンダム2号機 バンシィ・ノルン［プレミアム“ユニコーンモード”ボックス］ (2018),BANDAI SPIRITS,機動戦士ガンダムUC,RG,1/144
4573102592507,RG 1/144 ユニコーンガンダム3号機 フェネクス（ナラティブVer.）,BANDAI SPIRITS,機動戦士ガンダムUC,RG,1/144
,RG 1/144 ユニコーンガンダム3号機 フェネクス（ナラティブVer.） (2020),BANDAI SPIRITS,機動戦士ガンダムUC,RG,1/144
4549660274735,RG 1/144 ユニコーンガンダム（バンデシネVer.）,BANDAI SPIRITS,機動戦士ガンダムUC,RG,1/144
,RG 1/144 ユニコーンガンダム２号機 バンシィ・ノルン (最終決戦仕様) (2025),BANDAI SPIRITS,機動戦士ガンダムUC,RG,1/144
,RG 1/144 ユニコーンガンダム［プレミアム“ユニコーンモード”ボックス］ (2017),BANDAI SPIRITS,機動戦士ガンダムUC,RG,1/144
,RG 1/144 拡張ユニット アームド・アーマーVN/BS,BANDAI SPIRITS,,RG,1/144
,RG 1/144 拡張ユニット アームド・アーマーVN/BS (2019),BANDAI SPIRITS,Universal Century,RG,1/144
4573102610270,RG 1/144 機動戦士ガンダム ラストシューティング ジオングエフェクトセット,BANDAI SPIRITS,機動戦士ガンダム,RG,1/144
,RG 1/144 機動戦士ガンダム ラストシューティング ジオングエフェクトセット (2021),BANDAI SPIRITS,Universal Century,RG,1/144
4573102577344,RG 1/144 高機動型ザクII（チームモンストルカスタム）,BANDAI SPIRITS,機動戦士ガンダム THE ORIGIN,RG,1/144
,RG 1/144 高機動型ザクII（チームモンストルカスタム） (2021),BANDAI SPIRITS,Universal Century,RG,1/144
,RG エヴァンゲリオン Mark.06 (2021),BANDAI SPIRITS,Universal Century,RG,1/144
,RG エヴァンゲリオン専用拘束兼移動式射出台セット (2022),BANDAI SPIRITS,Universal Century,RG,1/144
,RG エヴァンゲリオン用武器セット (2023),BANDAI SPIRITS,Universal Century,RG,1/144
,RG 汎用ヒト型決戦兵器 人造人間エヴァンゲリオン 初号機（シン・エヴァンゲリオン劇場版） (2022),BANDAI SPIRITS,Universal Century,RG,1/144
,RG 汎用ヒト型決戦兵器 人造人間エヴァンゲリオン 正規実用型 2号機（先行量産機） (2020),BANDAI SPIRITS,Universal Century,RG,1/144
,RG 汎用ヒト型決戦兵器 人造人間エヴァンゲリオン 正規実用型 3号機 ESVシールド セット (2021),BANDAI SPIRITS,Universal Century,RG,1/144
,RG 汎用ヒト型決戦兵器 人造人間エヴァンゲリオン 正規実用型(ヴィレカスタム) 8号機α (2021),BANDAI SPIRITS,Universal Century,RG,1/144
,RG 汎用ヒト型決戦兵器 人造人間エヴァンゲリオン初号機 (2020),BANDAI SPIRITS,Universal Century,RG,1/144
,RG 汎用ヒト型決戦兵器 人造人間エヴァンゲリオン初号機DX 輸送台セット (2020),BANDAI SPIRITS,Universal Century,RG,1/144
,RG 汎用ヒト型決戦兵器 人造人間エヴァンゲリオン試作零号機 (2020),BANDAI SPIRITS,Universal Century,RG,1/144
,RG 汎用ヒト型決戦兵器 人造人間エヴァンゲリオン試作零号機DX 陽電子砲セット (2020),BANDAI SPIRITS,Universal Century,RG,1/144
,RG 汎用ヒト型決戦兵器 人造人間エヴァンゲリオン４号機 (2022),BANDAI SPIRITS,Universal Century,RG,1/144
,『機動戦士ガンダムSEED』20周年記念MSセット (2023),BANDAI SPIRITS,機動戦士ガンダムSEED,RG,1/144
,【トリプルアクションベース付き】RG 1/144 黒い三連星専用ザクII 3機セット,BANDAI SPIRITS,機動戦士ガンダムMSV,RG,1/144
,【トリプルアクションベース付き】RG 1/144 黒い三連星専用ザクII 3機セット (2018),BANDAI SPIRITS,Universal Century,RG,1/144
,ガンダムデカール No.101 RG 1/144 Zガンダム用,BANDAI SPIRITS,機動戦士Zガンダム,RG,1/144
,ガンダムデカール No.102 RG 1/144 ガンダムMk-II（エゥーゴ仕様）用,BANDAI SPIRITS,機動戦士Zガンダム,RG,1/144
4549660196051,ガンダムデカール No.106 RG 1/144 ガンダムエクシア用,BANDAI SPIRITS,機動戦士ガンダム00,RG,1/144
,ガンダムデカール No.109 RG 1/144 ダブルオーライザー用,BANDAI SPIRITS,機動戦士ガンダム00,RG,1/144
4573102611710,ガンダムデカール No.111 RG 1/144 ガンダムアストレイレッドフレーム用,BANDAI SPIRITS,機動戦士ガンダムSEED ASTRAY,RG,1/144
4573102579713,ガンダムデカール No.112 RG 1/144 ユニコーンガンダム用,BANDAI SPIRITS,機動戦士ガンダムUC,RG,1/144
4573102611734,ガンダムデカール No.115 RG 1/144 シナンジュ用,BANDAI SPIRITS,機動戦士ガンダムUC,RG,1/144
4573102611741,ガンダムデカール No.116 RG 1/144 MS-06R汎用1,BANDAI SPIRITS,機動戦士ガンダムMSV,RG,1/144
4549660249160,ガンダムデカール No.117 RG 1/144 ダブルオークアンタ用,BANDAI SPIRITS,機動戦士ガンダム00,RG,1/144
4573102619891,ガンダムデカール No.125 RG 1/144 νガンダム用,BANDAI SPIRITS,機動戦士ガンダム 逆襲のシャア,RG,1/144
4573102619907,ガンダムデカール No.126 RG 1/144 サザビー用,BANDAI SPIRITS,機動戦士ガンダム 逆襲のシャア,RG,1/144
4573102621634,ガンダムデカール No.130 RG 1/144 フォースインパルスガンダム用,BANDAI SPIRITS,機動戦士ガンダムSEED DESTINY,RG,1/144
4573102621641,ガンダムデカール No.131 RG 1/144 ジオング用,BANDAI SPIRITS,ガンプラ周辺グッズ/オプション,RG,1/144
,ガンダムデカール No.132 RG 1/144 Hi-νガンダム用,BANDAI SPIRITS,機動戦士ガンダム 逆襲のシャア,RG,1/144
,ガンダムデカール No.138 RG 1/144 ゴッドガンダム用,BANDAI SPIRITS,機動武闘伝Gガンダム,RG,1/144
,ガンダムデカール No.84 RG 1/144 ガンダム用,BANDAI SPIRITS,ガンプラ周辺グッズ/オプション,RG,1/144
4573102575180,ガンダムデカール No.87 RG 1/144 シャア専用ザク用,BANDAI SPIRITS,ガンプラ周辺グッズ/オプション,RG,1/144
4543112489982,ガンダムデカール No.94 RG 1/144 ストライクフリーダムガンダム用,BANDAI SPIRITS,機動戦士ガンダムSEED DESTINY,RG,1/144
,ガンダムデカール No.95 RG 1/144 デスティニーガンダム用,BANDAI SPIRITS,機動戦士ガンダムSEED DESTINY,RG,1/144
4543112865687,ガンダムデカール No.96 RG 1/144 ガンダム試作1号機 ゼフィランサス/フルバーニアン用,BANDAI SPIRITS,機動戦士ガンダム0083 STARDUST MEMORY,RG,1/144
,ガンダムデカール RG 1/144 MSN-04FF サザビー用 SP Ver.,BANDAI SPIRITS,機動戦士ガンダム 逆襲のシャア,RG,1/144
,ガンダムデカール RG 1/144 RX-93ff νガンダム用 SP Ver.,BANDAI SPIRITS,機動戦士ガンダム 逆襲のシャア,RG,1/144
4902425355672,BB戦士 100 千生大将軍,BANDAI SPIRITS,SDガンダムシリーズ,SD,Non
,BB戦士 101 武者衛府弓銃一,BANDAI SPIRITS,SDガンダムシリーズ,SD,Non
,BB戦士 103 武者全武装頑駄無,BANDAI SPIRITS,SDガンダムシリーズ,SD,Non
4902425366326,BB戦士 104 阿修羅頑駄無,BANDAI SPIRITS,SDガンダムシリーズ,SD,Non
4902425368559,BB戦士 105 仁王頑駄無,BANDAI SPIRITS,SDガンダムシリーズ,SD,Non
4902425370460,BB戦士 106 不知火頑駄無,BANDAI SPIRITS,SDガンダムシリーズ,SD,Non
4902425378077,BB戦士 108 雷帝千生神将軍,BANDAI SPIRITS,SDガンダムシリーズ,SD,Non
4902425380308,BB戦士 110 轟天頑駄無,BANDAI SPIRITS,SDガンダムシリーズ,SD,Non
4902425386935,BB戦士 111 烈破頑駄無,BANDAI SPIRITS,SDガンダムシリーズ,SD,Non
4902425390499,BB戦士 112 烈空頑駄無,BANDAI SPIRITS,SDガンダムシリーズ,SD,Non
,BB戦士 113 風車の百式とうっかりざくれろ,BANDAI SPIRITS,SDガンダムシリーズ,SD,Non
4902425393599,BB戦士 114 飛天頑駄無超将軍,BANDAI SPIRITS,SDガンダムシリーズ,SD,Non
4902425395999,BB戦士 115 頑駄無白龍大帝,BANDAI SPIRITS,SDガンダムシリーズ,SD,Non
4902425410074,BB戦士 116 頑駄無阿修羅王,BANDAI SPIRITS,SDガンダムシリーズ,SD,Non
,BB戦士 118 武者頑星刃,BANDAI SPIRITS,SDガンダムシリーズ,SD,Non
,BB戦士 119 頑駄無真駆参,BANDAI SPIRITS,SDガンダムシリーズ,SD,Non
4902425418278,BB戦士 120 新世大将軍,BANDAI SPIRITS,SDガンダムシリーズ,SD,Non
4902425425245,BB戦士 123 荒鬼頑駄無,BANDAI SPIRITS,SDガンダムシリーズ,SD,Non
,BB戦士 124 Vダッシュガンダム,BANDAI SPIRITS,SDガンダムシリーズ,SD,Non
4902425427591,BB戦士 125 雷鳴頑駄無,BANDAI SPIRITS,SDガンダムシリーズ,SD,Non
4902425434247,BB戦士 127 獣王頑駄無,BANDAI SPIRITS,SDガンダムシリーズ,SD,Non
4902425436326,BB戦士 128 天地頑駄無,BANDAI SPIRITS,SDガンダムシリーズ,SD,Non
4902425244914,BB戦士 13 ガンダムMk-II,BANDAI SPIRITS,SDガンダムシリーズ,SD,Non
4573102556141,BB戦士 130 機動武者大鋼,BANDAI SPIRITS,SDガンダムシリーズ,SD,Non
,BB戦士 131 覇道武者魔殺駆,BANDAI SPIRITS,SDガンダムシリーズ,SD,Non
4573102557179,BB戦士 133 千力頑駄無,BANDAI SPIRITS,SDガンダムシリーズ,SD,Non
4902425448060,BB戦士 135 爆流頑駄無,BANDAI SPIRITS,SDガンダムシリーズ,SD,Non
4902425450858,BB戦士 137 鉄斗羅頑駄無,BANDAI SPIRITS,SDガンダムシリーズ,SD,Non
4573102556158,BB戦士 139 飛駆鳥大将軍,BANDAI SPIRITS,SDガンダムシリーズ,SD,Non
4902425464398,BB戦士 141 武者號斗丸,BANDAI SPIRITS,SDガンダムシリーズ,SD,Non
4902425471679,BB戦士 143 輝龍頑駄無,BANDAI SPIRITS,SDガンダムシリーズ,SD,Non
4902425471686,BB戦士 144 武者真紅主,BANDAI SPIRITS,SDガンダムシリーズ,SD,Non
4902425472256,BB戦士 145 武者鷺主,BANDAI SPIRITS,SDガンダムシリーズ,SD,Non
4902425473680,BB戦士 146 武者冒流刀,BANDAI SPIRITS,SDガンダムシリーズ,SD,Non
4902425481432,BB戦士 151 武零斗頑駄無,BANDAI SPIRITS,SDガンダムシリーズ,SD,Non
,BB戦士 157 雷龍頑駄無,BANDAI SPIRITS,SDガンダムシリーズ,SD,Non
,BB戦士 158 天零頑駄無 輝羅鋼極彩Ver.,BANDAI SPIRITS,SDガンダムシリーズ,SD,Non
,BB戦士 159 獣破頑駄無,BANDAI SPIRITS,SDガンダムシリーズ,SD,Non
4902425247212,BB戦士 16 ジオング,BANDAI SPIRITS,SDガンダムシリーズ,SD,Non
,BB戦士 161 百烈将頑駄無,BANDAI SPIRITS,SDガンダムシリーズ,SD,Non
,BB戦士 163 武威鳳大将軍 輝羅鋼極彩Ver.,BANDAI SPIRITS,SDガンダムシリーズ,SD,Non
,BB戦士 164 頑駄無轟炎王,BANDAI SPIRITS,SDガンダムシリーズ,SD,Non
,BB戦士 165 武者刀流義守,BANDAI SPIRITS,SDガンダムシリーズ,SD,Non
,BB戦士 166 新凰頑駄無,BANDAI SPIRITS,SDガンダムシリーズ,SD,Non
,BB戦士 167 輝神大将軍獅龍凰 輝羅鋼極彩Ver.,BANDAI SPIRITS,SDガンダムシリーズ,SD,Non
,BB戦士 168 大旋鬼頑駄無,BANDAI SPIRITS,SDガンダムシリーズ,SD,Non
,BB戦士 169 撃流破頑駄無,BANDAI SPIRITS,SDガンダムシリーズ,SD,Non
,BB戦士 171 鉄機武者真星勢多,BANDAI SPIRITS,SDガンダムシリーズ,SD,Non
,BB戦士 172 豪剣頑駄無 輝羅鋼極彩Ver.,BANDAI SPIRITS,SDガンダムシリーズ,SD,Non
,BB戦士 173 鉄機将飛閃,BANDAI SPIRITS,SDガンダムシリーズ,SD,Non
,BB戦士 174 烈龍頑駄無,BANDAI SPIRITS,SDガンダムシリーズ,SD,Non
,BB戦士 175 爆炎頑駄無,BANDAI SPIRITS,SDガンダムシリーズ,SD,Non
,BB戦士 176 天界武将戦刃丸,BANDAI SPIRITS,SDガンダムシリーズ,SD,Non
,BB戦士 177 烈風頑駄無,BANDAI SPIRITS,SDガンダムシリーズ,SD,Non
,BB戦士 180 刀覇大将軍,BANDAI SPIRITS,SDガンダムシリーズ,SD,Non
,BB戦士 181 武者頑駄無零壱,BANDAI SPIRITS,SDガンダムシリーズ,SD,Non
,BB戦士 187 剣聖頑駄無 輝羅鋼極彩,BANDAI SPIRITS,SDガンダムシリーズ,SD,Non
,BB戦士 188 彗聖頑駄無 輝羅鋼極彩,BANDAI SPIRITS,SDガンダムシリーズ,SD,Non
,BB戦士 189 紅蓮頑駄無 輝羅鋼極彩,BANDAI SPIRITS,SDガンダムシリーズ,SD,Non
,BB戦士 190 魁斬頑駄無 輝羅鋼極彩,BANDAI SPIRITS,SDガンダムシリーズ,SD,Non
,BB戦士 191 天星大将軍 輝羅鋼極彩,BANDAI SPIRITS,SDガンダムシリーズ,SD,Non
,BB戦士 192 ムシャウイングゼロ,BANDAI SPIRITS,SDガンダムシリーズ,SD,Non
,BB戦士 192 武者ウイングゼロ,BANDAI SPIRITS,SDガンダムシリーズ,SD,Non
,BB戦士 197 武者デスサイズ,BANDAI SPIRITS,SDガンダムシリーズ,SD,Non
4573102592439,BB戦士 198 Zガンダム,BANDAI SPIRITS,SDガンダムシリーズ,SD,Non
4573102582720,BB戦士 203 ウイングガンダムゼロカスタム,BANDAI SPIRITS,SDガンダムシリーズ,SD,Non
,BB戦士 209 νガンダム（HWS装備）,BANDAI SPIRITS,SDガンダムシリーズ,SD,Non
,BB戦士 211 機兵伝説 聖龍騎士Zガンダム,BANDAI SPIRITS,SDガンダムシリーズ,SD,Non
4573102606822,BB戦士 212 ZZガンダム,BANDAI SPIRITS,SDガンダムシリーズ,SD,Non
4573102582744,BB戦士 221 ガンタンク,BANDAI SPIRITS,SDガンダムシリーズ,SD,Non
4573102582751,BB戦士 225 ガンキャノン,BANDAI SPIRITS,SDガンダムシリーズ,SD,Non
,BB戦士 228 トウ王頑駄無,BANDAI SPIRITS,SDガンダムシリーズ,SD,Non
,BB戦士 230 爆王頑駄無,BANDAI SPIRITS,SDガンダムシリーズ,SD,Non
,BB戦士 232 若神丸（ワカマル）,BANDAI SPIRITS,SDガンダムシリーズ,SD,Non
4573102574114,BB戦士 234 ジオング（パーフェクト仕様）,BANDAI SPIRITS,SDガンダムシリーズ,SD,Non
4573102574121,BB戦士 236 パーフェクトガンダム,BANDAI SPIRITS,SDガンダムシリーズ,SD,Non
,BB戦士 238 ゴック&アッガイ&ゾック,BANDAI SPIRITS,SDガンダムシリーズ,SD,Non
4573102574145,BB戦士 239 シャイニングガンダム,BANDAI SPIRITS,SDガンダムシリーズ,SD,Non
4573102604057,BB戦士 246 ストライクガンダム,BANDAI SPIRITS,SDガンダムシリーズ,SD,Non
,BB戦士 247 破牙丸（バキマル）,BANDAI SPIRITS,SDガンダムシリーズ,SD,Non
,BB戦士 249 武侍丸,BANDAI SPIRITS,SDガンダムシリーズ,SD,Non
,BB戦士 250 鉄板丸,BANDAI SPIRITS,SDガンダムシリーズ,SD,Non
,BB戦士 252 神槍丸,BANDAI SPIRITS,SDガンダムシリーズ,SD,Non
,BB戦士 253 努貫丸（ドッカンマル）,BANDAI SPIRITS,SDガンダムシリーズ,SD,Non
,BB戦士 254 蒼天丸&紅天丸（ソウテンマル&コウテンマル）,BANDAI SPIRITS,SDガンダムシリーズ,SD,Non
,BB戦士 256 円従烏賊と火威獣丸,BANDAI SPIRITS,SDガンダムシリーズ,SD,Non
4573102575944,BB戦士 257 フリーダムガンダム,BANDAI SPIRITS,SDガンダムシリーズ,SD,Non
4573102574169,BB戦士 259 ストライクガンダム ストライカーウェポンシステム,BANDAI SPIRITS,SDガンダムシリーズ,SD,Non
,BB戦士 260 超将軍闘我,BANDAI SPIRITS,SDガンダムシリーズ,SD,Non
4573102579898,BB戦士 261 イージスガンダム,BANDAI SPIRITS,SDガンダムシリーズ,SD,Non
,BB戦士 262 ヘビーウェポン・キャプテンガンダム,BANDAI SPIRITS,SDガンダムシリーズ,SD,Non
,BB戦士 262 ヘビーウエポン・キャプテンガンダム,BANDAI SPIRITS,SDガンダムシリーズ,SD,Non
4543112253057,BB戦士 263 ザッパーザク,BANDAI SPIRITS,SDガンダムシリーズ,SD,Non
4543112253057,BB戦士 263 ザッパーザク（重武装型）,BANDAI SPIRITS,SDガンダムシリーズ,SD,Non
4573102604064,BB戦士 264 ブリッツガンダム,BANDAI SPIRITS,SDガンダムシリーズ,SD,Non
,BB戦士 265 少年武者烈丸（ショウネンムシャレツマル）,BANDAI SPIRITS,SDガンダムシリーズ,SD,Non
,BB戦士 266 武者頑駄無爆熱丸,BANDAI SPIRITS,SDガンダムシリーズ,SD,Non
,BB戦士 267 烈火武者頑駄無,BANDAI SPIRITS,SDガンダムシリーズ,SD,Non
4573102604071,BB戦士 268 ジャスティスガンダム,BANDAI SPIRITS,SDガンダムシリーズ,SD,Non
,BB戦士 269 武者頑駄無爆心丸,BANDAI SPIRITS,SDガンダムシリーズ,SD,Non
,BB戦士 271 疾風剣豪精太,BANDAI SPIRITS,SDガンダムシリーズ,SD,Non
,BB戦士 274 少年法師霧丸,BANDAI SPIRITS,SDガンダムシリーズ,SD,Non
,BB戦士 275 龍神導師仁宇（リュウジンドウシニュー）,BANDAI SPIRITS,SDガンダムシリーズ,SD,Non
4573102604088,BB戦士 276 デュエルガンダム,BANDAI SPIRITS,SDガンダムシリーズ,SD,Non
4573102604088,BB戦士 276 デュエルガンダムアサルトシュラウド,BANDAI SPIRITS,SDガンダムシリーズ,SD,Non
,BB戦士 278 剛熱機械師駄舞留精太,BANDAI SPIRITS,SDガンダムシリーズ,SD,Non
,BB戦士 279 隠密武者農丸,BANDAI SPIRITS,SDガンダムシリーズ,SD,Non
4573102604095,BB戦士 280 フォースインパルスガンダム,BANDAI SPIRITS,SDガンダムシリーズ,SD,Non
,BB戦士 282 天翔狩人摩亜屈,BANDAI SPIRITS,SDガンダムシリーズ,SD,Non
4543112384164,BB戦士 284 鉄機武者斎胡,BANDAI SPIRITS,SDガンダムシリーズ,SD,Non
4573102604101,BB戦士 288 ストライクフリーダムガンダム,BANDAI SPIRITS,SDガンダムシリーズ,SD,Non
4573102604118,BB戦士 290 デスティニーガンダム,BANDAI SPIRITS,SDガンダムシリーズ,SD,Non
,BB戦士 292 青狼頑駄無,BANDAI SPIRITS,SDガンダムシリーズ,SD,Non
4573102604125,BB戦士 293 ストライクノワールガンダム,BANDAI SPIRITS,SDガンダムシリーズ,SD,Non
4573102604132,BB戦士 294 ヴェルデバスターガンダム,BANDAI SPIRITS,SDガンダムシリーズ,SD,Non
4573102604149,BB戦士 295 ブルデュエルガンダム,BANDAI SPIRITS,SDガンダムシリーズ,SD,Non
4573102575951,BB戦士 297 スターゲイザーガンダム,BANDAI SPIRITS,SDガンダムシリーズ,SD,Non
4902425278247,BB戦士 30 武者影ガンダム,BANDAI SPIRITS,SDガンダムシリーズ,SD,Non
4543112498359,BB戦士 300 劉備（リュウビ）ガンダム,BANDAI SPIRITS,SDガンダムシリーズ,SD,Non
4543112498373,BB戦士 301 張飛（チョウヒ）ガンダム,BANDAI SPIRITS,SDガンダムシリーズ,SD,Non
4543112498366,BB戦士 302 関羽（カンウ）ガンダム,BANDAI SPIRITS,SDガンダムシリーズ,SD,Non
4543112505385,BB戦士 303 司馬懿サザビー,BANDAI SPIRITS,SDガンダムシリーズ,SD,Non
4543112512451,BB戦士 304 曹操ガンダム,BANDAI SPIRITS,SDガンダムシリーズ,SD,Non
4543112519252,BB戦士 305 孫権（ソンケン）ガンダム,BANDAI SPIRITS,SDガンダムシリーズ,SD,Non
4543112523716,BB戦士 307 夏侯惇（カコウトン）ギロス,BANDAI SPIRITS,SDガンダムシリーズ,SD,Non
4543112538062,BB戦士 308 孔明リ・ガズィ,BANDAI SPIRITS,SDガンダムシリーズ,SD,Non
,BB戦士 309 夏侯淵ダラス,BANDAI SPIRITS,SDガンダムシリーズ,SD,Non
4543112545022,BB戦士 310 関平ガンダム,BANDAI SPIRITS,SDガンダムシリーズ,SD,Non
4543112546012,BB戦士 311 趙雲ガンダム・飛影閃,BANDAI SPIRITS,SDガンダムシリーズ,SD,Non
4543112555366,BB戦士 312 呂蒙ディジェ・甘寧ケンプファー 轟強襲水軍,BANDAI SPIRITS,SDガンダムシリーズ,SD,Non
4573102582775,BB戦士 313 ガンダムエクシア,BANDAI SPIRITS,SDガンダムシリーズ,SD,Non
4543112557483,BB戦士 314 張遼ゲルググ,BANDAI SPIRITS,SDガンダムシリーズ,SD,Non
4543112566591,BB戦士 317 周倉ドーベンウルフ,BANDAI SPIRITS,SDガンダムシリーズ,SD,Non
4543112568830,BB戦士 318 翔烈帝（ショウレツテイ）劉備（リュウビ）ガンダム,BANDAI SPIRITS,SDガンダムシリーズ,SD,Non
,BB戦士 319 陸孫ゼータプラス,BANDAI SPIRITS,SDガンダムシリーズ,SD,Non
,BB戦士 321 馬超ブルーデスティニー,BANDAI SPIRITS,SDガンダムシリーズ,SD,Non
4543112584380,BB戦士 323 黄忠ガンダム,BANDAI SPIRITS,SDガンダムシリーズ,SD,Non
4543112584953,BB戦士 324 部隊兵,BANDAI SPIRITS,SDガンダムシリーズ,SD,Non
4543112587572,BB戦士 325 徐晃サーペント,BANDAI SPIRITS,SDガンダムシリーズ,SD,Non
4543112587589,BB戦士 326 孫尚香ガーベラ,BANDAI SPIRITS,SDガンダムシリーズ,SD,Non
4543112594426,BB戦士 327 曹丕ガンダム,BANDAI SPIRITS,SDガンダムシリーズ,SD,Non
4543112594433,BB戦士 328 白銀流星馬,BANDAI SPIRITS,SDガンダムシリーズ,SD,Non
4573102569318,BB戦士 330 天翔竜 孔明νガンダム,BANDAI SPIRITS,SDガンダムシリーズ,SD,Non
4543112602299,BB戦士 331 武田信玄頑駄無,BANDAI SPIRITS,SDガンダムシリーズ,SD,Non
4543112602305,BB戦士 332 上杉謙信頑駄無,BANDAI SPIRITS,SDガンダムシリーズ,SD,Non
4573102569325,BB戦士 335 阿修羅王 孟獲ガンダム・祝融ガンダム・巨神象セット,BANDAI SPIRITS,SDガンダムシリーズ,SD,Non
4543112602381,BB戦士 336 南方牙隊,BANDAI SPIRITS,SDガンダムシリーズ,SD,Non
4543112603944,BB戦士 337 劉封ガンダム,BANDAI SPIRITS,SDガンダムシリーズ,SD,Non
4543112603951,BB戦士 338 周泰ガンダム,BANDAI SPIRITS,SDガンダムシリーズ,SD,Non
4573102609618,BB戦士 339 直江兼続頑駄無,BANDAI SPIRITS,SDガンダムシリーズ,SD,Non
4543112599506,BB戦士 340 太史慈ドム,BANDAI SPIRITS,SDガンダムシリーズ,SD,Non
4573102609625,BB戦士 343 真田幸村頑駄無,BANDAI SPIRITS,SDガンダムシリーズ,SD,Non
4573102569387,BB戦士 344 織田信長頑駄無,BANDAI SPIRITS,SDガンダムシリーズ,SD,Non
4543112605405,BB戦士 345 姜維ガンダムF91,BANDAI SPIRITS,SDガンダムシリーズ,SD,Non
4543112605412,BB戦士 346 丁奉ガンダム,BANDAI SPIRITS,SDガンダムシリーズ,SD,Non
4543112610096,BB戦士 347 馬岱ガンダム,BANDAI SPIRITS,SDガンダムシリーズ,SD,Non
4543112610089,BB戦士 348 馬謖ガンダム,BANDAI SPIRITS,SDガンダムシリーズ,SD,Non
4543112610072,BB戦士 349 孫策サイサリスガンダム,BANDAI SPIRITS,SDガンダムシリーズ,SD,Non
4573102609632,BB戦士 350 伊達政宗頑駄無（ダテマサムネガンダム）,BANDAI SPIRITS,SDガンダムシリーズ,SD,Non
4573102569431,BB戦士 351 轟大帝 孫権ガンダム・虎燐魄,BANDAI SPIRITS,SDガンダムシリーズ,SD,Non
4573102569448,BB戦士 352 戦神合身 蚩尤ガンダム,BANDAI SPIRITS,SDガンダムシリーズ,SD,Non
4543112614094,BB戦士 353 楽進ガンダム,BANDAI SPIRITS,SDガンダムシリーズ,SD,Non
4573102588531,BB戦士 354 豊臣秀吉頑駄無（トヨトミヒデヨシガンダム）,BANDAI SPIRITS,SDガンダムシリーズ,SD,Non
4573102588548,BB戦士 355 徳川家康頑駄無（トクガワイエヤスガンダム）,BANDAI SPIRITS,SDガンダムシリーズ,SD,Non
4543112614209,BB戦士 356 郭嘉ヴァサーゴ,BANDAI SPIRITS,SDガンダムシリーズ,SD,Non
4573102569479,BB戦士 357 玄武装 呂布トールギス,BANDAI SPIRITS,SDガンダムシリーズ,SD,Non
4543112614216,BB戦士 358 厳顔ガンダム,BANDAI SPIRITS,SDガンダムシリーズ,SD,Non
4543112614223,BB戦士 359 凌統ガンダム,BANDAI SPIRITS,SDガンダムシリーズ,SD,Non
,BB戦士 36 武者サイコガンダム,BANDAI SPIRITS,SDガンダムシリーズ,SD,Non
4543112619334,BB戦士 361 于禁ガンダム,BANDAI SPIRITS,SDガンダムシリーズ,SD,Non
4573102569516,BB戦士 362 天熾鵬 司馬懿サザビー,BANDAI SPIRITS,SDガンダムシリーズ,SD,Non
4543112620637,BB戦士 363 張苞ガンダム,BANDAI SPIRITS,SDガンダムシリーズ,SD,Non
4573102558817,BB戦士 366 ウィングガンダム EW,BANDAI SPIRITS,SDガンダムシリーズ,SD,Non
,BB戦士 378 魔竜剣士ゼロガンダム,BANDAI SPIRITS,SDガンダムシリーズ,SD,Non
4573102606761,BB戦士 379 デルタプラス,BANDAI SPIRITS,SDガンダムシリーズ,SD,Non
,BB戦士 381 殺駆頭（闇将軍）,BANDAI SPIRITS,SDガンダムシリーズ,SD,Non
4543112823274,BB戦士 383 ストライク劉備ガンダム,BANDAI SPIRITS,SDガンダムシリーズ,SD,Non
4573102606877,BB戦士 386 クスィーガンダム,BANDAI SPIRITS,SDガンダムシリーズ,SD,Non
4549660240266,BB戦士 405 胡軫ギャン&部隊兵（董卓軍）,BANDAI SPIRITS,SDガンダムシリーズ,SD,Non
,BB戦士 406 公孫サンイージーエイト&四神鬼甲戦車,BANDAI SPIRITS,SDガンダムシリーズ,SD,Non
4549660240297,BB戦士 407 董卓ザク&部隊兵（董卓軍）,BANDAI SPIRITS,SDガンダムシリーズ,SD,Non
4549660240280,BB戦士 408 袁術ズサ&天鎧装,BANDAI SPIRITS,SDガンダムシリーズ,SD,Non
4549660240273,BB戦士 409 袁紹バウ&玉璽,BANDAI SPIRITS,SDガンダムシリーズ,SD,Non
4549660240310,BB戦士 410 典韋アッシマー カクアシュタロン 攻城兵器セット&合体武装6種（甲）,BANDAI SPIRITS,SDガンダムシリーズ,SD,Non
4549660240303,BB戦士 411 黄蓋グフ&合体武装6種（乙）,BANDAI SPIRITS,SDガンダムシリーズ,SD,Non
4549660240334,BB戦士 412 貂蝉キュベレイ&武将座,BANDAI SPIRITS,SDガンダムシリーズ,SD,Non
4573102568571,BB戦士 48 サタンガンダム,BANDAI SPIRITS,SDガンダムシリーズ,SD,Non
4902425293936,BB戦士 49 ナイトサザビー,BANDAI SPIRITS,SDガンダムシリーズ,SD,Non
4902425295121,BB戦士 50 武者風雷主,BANDAI SPIRITS,SDガンダムシリーズ,SD,Non
4902425297118,BB戦士 51 武者荒烈駆主,BANDAI SPIRITS,SDガンダムシリーズ,SD,Non
4902425297736,BB戦士 52 武者江須,BANDAI SPIRITS,SDガンダムシリーズ,SD,Non
4902425297743,BB戦士 53 武者百士鬼改,BANDAI SPIRITS,SDガンダムシリーズ,SD,Non
4902425299402,BB戦士 54 二代目将頑駄無,BANDAI SPIRITS,SDガンダムシリーズ,SD,Non
4902425299419,BB戦士 55 信玄頑駄無,BANDAI SPIRITS,SDガンダムシリーズ,SD,Non
4902425299426,BB戦士 56 謙信頑駄無,BANDAI SPIRITS,SDガンダムシリーズ,SD,Non
,BB戦士 57 武者サザビー,BANDAI SPIRITS,SDガンダムシリーズ,SD,Non
4902425304564,BB戦士 58 疾風の仁宇,BANDAI SPIRITS,SDガンダムシリーズ,SD,Non
4902425304571,BB戦士 59 コマンドガンダム,BANDAI SPIRITS,SDガンダムシリーズ,SD,Non
4902425307596,BB戦士 60 璽悪,BANDAI SPIRITS,SDガンダムシリーズ,SD,Non
4902425307589,BB戦士 61 密林の摩亜屈,BANDAI SPIRITS,SDガンダムシリーズ,SD,Non
4902425309675,BB戦士 62 火炎の駄舞留精太,BANDAI SPIRITS,SDガンダムシリーズ,SD,Non
4902425309682,BB戦士 63 巨山の斎胡,BANDAI SPIRITS,SDガンダムシリーズ,SD,Non
4902425310411,BB戦士 64 武者砕虎摩亜屈,BANDAI SPIRITS,SDガンダムシリーズ,SD,Non
4902425310428,BB戦士 65 若殺駆頭,BANDAI SPIRITS,SDガンダムシリーズ,SD,Non
4902425312620,BB戦士 66 頑駄無副将軍,BANDAI SPIRITS,SDガンダムシリーズ,SD,Non
4902425312613,BB戦士 67 三代目頑駄無大将軍,BANDAI SPIRITS,SDガンダムシリーズ,SD,Non
,BB戦士 68 キャプテンガンダム,BANDAI SPIRITS,SDガンダムシリーズ,SD,Non
,BB戦士 69 DXバーサルナイトガンダム,BANDAI SPIRITS,SDガンダムシリーズ,SD,Non
,BB戦士 70 ガンセイバーZ,BANDAI SPIRITS,SDガンダムシリーズ,SD,Non
4902425317021,BB戦士 71 アルガスナイトZ,BANDAI SPIRITS,SDガンダムシリーズ,SD,Non
4902425325194,BB戦士 73 新荒烈駆主,BANDAI SPIRITS,SDガンダムシリーズ,SD,Non
4902425325200,BB戦士 74 ガンダムF91,BANDAI SPIRITS,SDガンダムシリーズ,SD,Non
4902425327976,BB戦士 75 鳳凰頑駄無,BANDAI SPIRITS,SDガンダムシリーズ,SD,Non
4902425329949,BB戦士 76 雷頑駄無,BANDAI SPIRITS,SDガンダムシリーズ,SD,Non
4902425333298,BB戦士 77 武神頑駄無,BANDAI SPIRITS,SDガンダムシリーズ,SD,Non
4902425333304,BB戦士 78 クラウンナイトガンダム,BANDAI SPIRITS,SDガンダムシリーズ,SD,Non
4902425334684,BB戦士 79 初代頑駄無大将軍,BANDAI SPIRITS,SDガンダムシリーズ,SD,Non
4902425334660,BB戦士 80 獅頑駄無,BANDAI SPIRITS,SDガンダムシリーズ,SD,Non
,BB戦士 81 アーマーナイトガンダムF90,BANDAI SPIRITS,SDガンダムシリーズ,SD,Non
,BB戦士 82 スペリオルランダー,BANDAI SPIRITS,SDガンダムシリーズ,SD,Non
4902425338149,BB戦士 83 龍頑駄無,BANDAI SPIRITS,SDガンダムシリーズ,SD,Non
,BB戦士 84 Vコマンドガンダム,BANDAI SPIRITS,SDガンダムシリーズ,SD,Non
4902425338156,BB戦士 85 犀頑駄無,BANDAI SPIRITS,SDガンダムシリーズ,SD,Non
4902425338170,BB戦士 86 麗騎士,BANDAI SPIRITS,SDガンダムシリーズ,SD,Non
4902425340463,BB戦士 87 影荒烈駆主,BANDAI SPIRITS,SDガンダムシリーズ,SD,Non
4902425340470,BB戦士 88 武者璽威武装,BANDAI SPIRITS,SDガンダムシリーズ,SD,Non
4902425340456,BB戦士 89 隼頑駄無,BANDAI SPIRITS,SDガンダムシリーズ,SD,Non
4902425342405,BB戦士 90 龍将飛将,BANDAI SPIRITS,SDガンダムシリーズ,SD,Non
4902425342948,BB戦士 91 豪華初代頑駄無大将軍,BANDAI SPIRITS,SDガンダムシリーズ,SD,Non
4902425342955,BB戦士 92 バーンナイトF91,BANDAI SPIRITS,SDガンダムシリーズ,SD,Non
4902425342399,BB戦士 93 黒魔神闇皇帝,BANDAI SPIRITS,SDガンダムシリーズ,SD,Non
4902425345673,BB戦士 94 四代目頑駄無大将軍,BANDAI SPIRITS,SDガンダムシリーズ,SD,Non
,BB戦士 95 キングガンダム2世,BANDAI SPIRITS,SDガンダムシリーズ,SD,Non
4902425346151,BB戦士 96 ガンダムF90,BANDAI SPIRITS,SDガンダムシリーズ,SD,Non
4902425350325,BB戦士 97 白龍頑駄無,BANDAI SPIRITS,SDガンダムシリーズ,SD,Non
4902425352466,BB戦士 98 青龍頑駄無,BANDAI SPIRITS,SDガンダムシリーズ,SD,Non
4902425355290,BB戦士 99 赤龍頑駄無,BANDAI SPIRITS,SDガンダムシリーズ,SD,Non
4573102674555,BB戦士 C.E.73 -STARGAZER- セット,BANDAI SPIRITS,SDガンダムシリーズ,SD,Non
4573102674531,BB戦士 C.E.運命の対決セット,BANDAI SPIRITS,SDガンダムシリーズ,SD,Non
,BB戦士 DXバーサルナイトガンダムフルカラーメッキバージョン,BANDAI SPIRITS,SDガンダムシリーズ,SD,Non
4902425275505,BB戦士 Gアーマー,BANDAI SPIRITS,SDガンダムシリーズ,SD,Non
4573102582812,BB戦士 Hi-νガンダム,BANDAI SPIRITS,SDガンダムシリーズ,SD,Non
4573102622211,BB戦士 LEGENDBB フルアーマー騎士ガンダム,BANDAI SPIRITS,SDガンダムシリーズ,SD,Non
4573102622211,BB戦士 LEGENDBB フルアーマー騎士ガンダム（伝説の巨人編Ver.）,BANDAI SPIRITS,SDガンダムシリーズ,SD,Non
4573102622228,BB戦士 LEGENDBB 二代目頑駄無大将軍（白鋼Ver.）,BANDAI SPIRITS,SDガンダムシリーズ,SD,Non
,BB戦士 LEGENDBB 新世大将軍,BANDAI SPIRITS,SDガンダムシリーズ,SD,Non
4573102579652,BB戦士 LEGENDBB 武者號斗丸（最終決戦Ver.）,BANDAI SPIRITS,SDガンダムシリーズ,SD,Non
4573102604163,BB戦士 LEGENDBB 武者頑駄無（超鋼Ver.）,BANDAI SPIRITS,SDガンダムシリーズ,SD,Non
,BB戦士 LEGENDBB 武者飛駆鳥 超鋼Ver.,BANDAI SPIRITS,SDガンダムシリーズ,SD,Non
4543112815842,BB戦士 LEGENDBB 殺駆頭（闇将軍 超鋼Ver.）,BANDAI SPIRITS,SDガンダムシリーズ,SD,Non
,BB戦士 LEGENDBB 烈光頑駄無,BANDAI SPIRITS,SDガンダムシリーズ,SD,Non
4549660156352,BB戦士 LEGENDBB 真駆参大将軍,BANDAI SPIRITS,SDガンダムシリーズ,SD,Non
,BB戦士 LEGENDBB 飛駆鳥大将軍,BANDAI SPIRITS,SDガンダムシリーズ,SD,Non
4573102590275,BB戦士 LEGENDBB 騎士ユニコーンガンダム,BANDAI SPIRITS,SDガンダムシリーズ,SD,Non
4573102590275,BB戦士 LEGENDBB 騎士ユニコーンガンダム（ビーストモード アルティメットバトルVer.）,BANDAI SPIRITS,SDガンダムシリーズ,SD,Non
,BB戦士 MSN-04FF サザビー,BANDAI SPIRITS,SDガンダムシリーズ,SD,Non
,BB戦士 Oガンダム（実戦配備型）,BANDAI SPIRITS,SDガンダムシリーズ,SD,Non
4573102574084,BB戦士 RX-78-2 ガンダム,BANDAI SPIRITS,SDガンダムシリーズ,SD,Non
4573102582782,BB戦士 RX-78-2 ガンダム（アニメカラー）,BANDAI SPIRITS,SDガンダムシリーズ,SD,Non
,BB戦士 RX-93ff νガンダム,BANDAI SPIRITS,SDガンダムシリーズ,SD,Non
4543112094674,BB戦士 SDガンダム V作戦セット,BANDAI SPIRITS,SDガンダムシリーズ,SD,Non
4573102656988,BB戦士 SDガンダムワールドセット(豪華メッキバージョン),BANDAI SPIRITS,SDガンダムシリーズ,SD,Non
4902425271323,BB戦士 Sガンダム,BANDAI SPIRITS,SDガンダムシリーズ,SD,Non
,BB戦士 V2アサルトバスターガンダム,BANDAI SPIRITS,SDガンダムシリーズ,SD,Non
4573102674548,BB戦士 ZGMFザクシリーズセット,BANDAI SPIRITS,SDガンダムシリーズ,SD,Non
4573102567550,BB戦士 νガンダム,BANDAI SPIRITS,SDガンダムシリーズ,SD,Non
4902425756752,BB戦士 ウイングガンダム,BANDAI SPIRITS,SDガンダムシリーズ,SD,Non
4543112611284,BB戦士 ウイングガンダムゼロ,BANDAI SPIRITS,SDガンダムシリーズ,SD,Non
4573102641199,BB戦士 ガナーザクウォーリア（ルナマリア・ホーク専用機）,BANDAI SPIRITS,SDガンダムシリーズ,SD,Non
4573102635143,BB戦士 ガンダムAGE-1,BANDAI SPIRITS,SDガンダムシリーズ,SD,Non
4573102635150,BB戦士 ガンダムAGE-2（ノーマル・ダブルバレット）,BANDAI SPIRITS,SDガンダムシリーズ,SD,Non
4573102635167,BB戦士 ガンダムAGE-3（ノーマル フォートレス オービタル）,BANDAI SPIRITS,SDガンダムシリーズ,SD,Non
4573102635181,BB戦士 ガンダムAGE-FX,BANDAI SPIRITS,SDガンダムシリーズ,SD,Non
,BB戦士 ガンダムGP01 フルバーニアン,BANDAI SPIRITS,SDガンダムシリーズ,SD,Non
,BB戦士 ガンダムGP02A サイサリス,BANDAI SPIRITS,SDガンダムシリーズ,SD,Non
,BB戦士 ガンダムGP03D デンドロビウム,BANDAI SPIRITS,SDガンダムシリーズ,SD,Non
4902425033334,BB戦士 ガンダムMk-II,BANDAI SPIRITS,SDガンダムシリーズ,SD,Non
4902425279664,BB戦士 ガンダムNT-1,BANDAI SPIRITS,SDガンダムシリーズ,SD,Non
4573102577146,BB戦士 ガンダムアストレイ,BANDAI SPIRITS,SDガンダムシリーズ,SD,Non
4573102579904,BB戦士 ガンダムアストレイゴールドフレーム,BANDAI SPIRITS,SDガンダムシリーズ,SD,Non
4573102606846,BB戦士 ガンダムエクシアリペアII,BANDAI SPIRITS,SDガンダムシリーズ,SD,Non
4573102619167,BB戦士 ガンダムエピオン,BANDAI SPIRITS,SDガンダムシリーズ,SD,Non
4573102618269,BB戦士 ガンダムバルバトスDX,BANDAI SPIRITS,SDガンダムシリーズ,SD,Non
4573102618276,BB戦士 ガンダムバルバトスルプスDX,BANDAI SPIRITS,SDガンダムシリーズ,SD,Non
,BB戦士 ガンダムベース福岡限定 ユニコーンガンダム ペルフェクティビリティ（最終決戦仕様）Ver.GSF,BANDAI SPIRITS,SDガンダムシリーズ,SD,Non
,BB戦士 ガンダムベース限定 Hi-νガンダム[スペシャルコーティング],BANDAI SPIRITS,SDガンダムシリーズ,SD,Non
,BB戦士 ガンダムベース限定 フルアーマー・ユニコーンガンダム&ネオ・ジオング [クリアカラー],BANDAI SPIRITS,SDガンダムシリーズ,SD,Non
,BB戦士 ガンダムベース限定 ユニコーンガンダムペルフェクティビリティ,BANDAI SPIRITS,SDガンダムシリーズ,SD,Non
4902425448565,BB戦士 ガンダムマックスター,BANDAI SPIRITS,SDガンダムシリーズ,SD,Non
4573102635174,BB戦士 ガンダムレギルス,BANDAI SPIRITS,SDガンダムシリーズ,SD,Non
4902425243924,BB戦士 ギラドーガ,BANDAI SPIRITS,SDガンダムシリーズ,SD,Non
4573102606754,BB戦士 クシャトリヤ,BANDAI SPIRITS,SDガンダムシリーズ,SD,Non
4902425283616,BB戦士 ケンプファー,BANDAI SPIRITS,SDガンダムシリーズ,SD,Non
4902425247205,BB戦士 ゲルググ,BANDAI SPIRITS,SDガンダムシリーズ,SD,Non
4573102633583,BB戦士 ゴッドガンダム,BANDAI SPIRITS,SDガンダムシリーズ,SD,Non
4573102582805,BB戦士 サザビー,BANDAI SPIRITS,SDガンダムシリーズ,SD,Non
4573102582737,BB戦士 ザクII F型,BANDAI SPIRITS,SDガンダムシリーズ,SD,Non
4573102582768,BB戦士 ザクII S型,BANDAI SPIRITS,SDガンダムシリーズ,SD,Non
4902425244921,BB戦士 ザクIII,BANDAI SPIRITS,SDガンダムシリーズ,SD,Non
,BB戦士 シェンロンガンダム,BANDAI SPIRITS,SDガンダムシリーズ,SD,Non
4573102558800,BB戦士 シナンジュ,BANDAI SPIRITS,SDガンダムシリーズ,SD,Non
4902425237589,BB戦士 ジェガン,BANDAI SPIRITS,SDガンダムシリーズ,SD,Non
4902425278230,BB戦士 ジョニー・ライデンザクII,BANDAI SPIRITS,SDガンダムシリーズ,SD,Non
,BB戦士 ジ・O,BANDAI SPIRITS,SDガンダムシリーズ,SD,Non
4543112538031,BB戦士 ストライクフリーダムガンダムVSデスティニーガンダム,BANDAI SPIRITS,SDガンダムシリーズ,SD,Non
4543112823274,BB戦士 ストライク劉備ガンダム,BANDAI SPIRITS,SDガンダムシリーズ,SD,Non
4573102641007,BB戦士 スーパーガンダム,BANDAI SPIRITS,SDガンダムシリーズ,SD,Non
4902425267579,BB戦士 ゼータプラス,BANDAI SPIRITS,SDガンダムシリーズ,SD,Non
4573102606839,BB戦士 ダブルオーガンダム,BANDAI SPIRITS,SDガンダムシリーズ,SD,Non
4573102606860,BB戦士 ダブルオーガンダム セブンソード/G,BANDAI SPIRITS,SDガンダムシリーズ,SD,Non
4573102606853,BB戦士 ダブルオークアンタ,BANDAI SPIRITS,SDガンダムシリーズ,SD,Non
4573102575968,BB戦士 ダブルオーライザー,BANDAI SPIRITS,SDガンダムシリーズ,SD,Non
4573102638410,BB戦士 デビルガンダム,BANDAI SPIRITS,SDガンダムシリーズ,SD,Non
4902425437309,BB戦士 ドラゴンガンダム,BANDAI SPIRITS,SDガンダムシリーズ,SD,Non
4902425287263,BB戦士 ナイトガンダム,BANDAI SPIRITS,SDガンダムシリーズ,SD,Non
4573102595744,BB戦士 ネオ・ジオング,BANDAI SPIRITS,SDガンダムシリーズ,SD,Non
,BB戦士 ネオ・ジオング メタリックVer.,BANDAI SPIRITS,SDガンダムシリーズ,SD,Non
4573102640994,BB戦士 ノイエ・ジール,BANDAI SPIRITS,SDガンダムシリーズ,SD,Non
4902425248042,BB戦士 バウンドドック,BANDAI SPIRITS,SDガンダムシリーズ,SD,Non
4902425320366,BB戦士 バーサルナイトガンダム,BANDAI SPIRITS,SDガンダムシリーズ,SD,Non
4573102579935,BB戦士 ビルドストライクガンダム フルパッケージ,BANDAI SPIRITS,SDガンダムシリーズ,SD,Non
4573102606884,BB戦士 ビルドバーニングガンダム,BANDAI SPIRITS,SDガンダムシリーズ,SD,Non
,BB戦士 ファーストガンダム大将軍,BANDAI SPIRITS,SDガンダムシリーズ,SD,Non
4902425250540,BB戦士 フルアーマーZZガンダム,BANDAI SPIRITS,SDガンダムシリーズ,SD,Non
4573102579881,BB戦士 フルアーマーガンダム,BANDAI SPIRITS,SDガンダムシリーズ,SD,Non
4573102590299,BB戦士 フルアーマー・ユニコーンガンダム,BANDAI SPIRITS,SDガンダムシリーズ,SD,Non
4573102641212,BB戦士 ブレイズザクウォーリア,BANDAI SPIRITS,SDガンダムシリーズ,SD,Non
4573102672209,BB戦士 ブレイズザクファントム（ハイネ・ヴェステンフルス専用機）,BANDAI SPIRITS,SDガンダムシリーズ,SD,Non
4573102641205,BB戦士 ブレイズザクファントム（レイ・ザ・バレル専用機）,BANDAI SPIRITS,SDガンダムシリーズ,SD,Non
4902425236476,BB戦士 ヤクト・ドーガ,BANDAI SPIRITS,SDガンダムシリーズ,SD,Non
4573102582799,BB戦士 ユニコーンガンダム,BANDAI SPIRITS,SDガンダムシリーズ,SD,Non
4573102579928,BB戦士 ユニコーンガンダム2号機 バンシィ,BANDAI SPIRITS,SDガンダムシリーズ,SD,Non
4573102588944,BB戦士 ユニコーンガンダム2号機 バンシィ・ノルン,BANDAI SPIRITS,SDガンダムシリーズ,SD,Non
4573102606778,BB戦士 ユニコーンガンダム3号機 フェネクス,BANDAI SPIRITS,SDガンダムシリーズ,SD,Non
4573102606891,BB戦士 ライトニングガンダム,BANDAI SPIRITS,SDガンダムシリーズ,SD,Non
4902425243931,BB戦士 リ・ガズィ,BANDAI SPIRITS,SDガンダムシリーズ,SD,Non
,BB戦士 三国伝エクストラ武装セット&ストライク劉備ガンダム 瞑装態（ディアクティブカラー）,BANDAI SPIRITS,SDガンダムシリーズ,SD,Non
,BB戦士 三国伝劉備ガンダムメタリックバージョン,BANDAI SPIRITS,SDガンダムシリーズ,SD,Non
,BB戦士 三国伝呂布トールギス・赤兎馬・天玉鎧クリアカラーバーション,BANDAI SPIRITS,SDガンダムシリーズ,SD,Non
,BB戦士 三国伝孔明リ・ガズィ周瑜ヒャクシキレッドクリフカラー,BANDAI SPIRITS,SDガンダムシリーズ,SD,Non
4543112585196,BB戦士 三国伝孫権ガンダム周瑜ヒャクシキ赤壁の轟砲,BANDAI SPIRITS,SDガンダムシリーズ,SD,Non
,BB戦士 三国伝桃園の誓いセット,BANDAI SPIRITS,SDガンダムシリーズ,SD,Non
4543112594440,BB戦士 三国伝機武帝曹操ガンダム徐晃サーペント・曹丕ガンダム,BANDAI SPIRITS,SDガンダムシリーズ,SD,Non
4543112585240,BB戦士 三国伝機駕太傅司馬懿サザビー,BANDAI SPIRITS,SDガンダムシリーズ,SD,Non
,BB戦士 三国伝趙雲ガンダム・飛影閃メタリックバージョン,BANDAI SPIRITS,SDガンダムシリーズ,SD,Non
4543112610065,BB戦士 五誇将（ごこしょう）ガンダム・龍輝宝（りゅうきほう）セット,BANDAI SPIRITS,SDガンダムシリーズ,SD,Non
,BB戦士 剛覇頑駄無,BANDAI SPIRITS,SDガンダムシリーズ,SD,Non
4902425420882,BB戦士 大牙頑駄無超将軍,BANDAI SPIRITS,SDガンダムシリーズ,SD,Non
4543112610065,BB戦士 将ガンダム,BANDAI SPIRITS,SDガンダムシリーズ,SD,Non
,BB戦士 幼年軍師雷丸（ヨウネングンシイカズチマル）,BANDAI SPIRITS,SDガンダムシリーズ,SD,Non
4543112656551,BB戦士 張コウザクIII,BANDAI SPIRITS,SDガンダムシリーズ,SD,Non
4902425278278,BB戦士 影忍者シャザク,BANDAI SPIRITS,SDガンダムシリーズ,SD,Non
4573102582829,BB戦士 戦国アストレイ頑駄無,BANDAI SPIRITS,SDガンダムシリーズ,SD,Non
,BB戦士 斗機丸零参(トキマルゼロスリー),BANDAI SPIRITS,SDガンダムシリーズ,SD,Non
,BB戦士 機兵伝説武者ウイングガンダムゼロ,BANDAI SPIRITS,SDガンダムシリーズ,SD,Non
,BB戦士 機兵伝説武者ガンダム,BANDAI SPIRITS,SDガンダムシリーズ,SD,Non
,BB戦士 機兵伝説騎士ウイングガンダムゼロ,BANDAI SPIRITS,SDガンダムシリーズ,SD,Non
,BB戦士 機兵伝説騎士ガンダム,BANDAI SPIRITS,SDガンダムシリーズ,SD,Non
4573102683311,BB戦士 機動戦士ガンダム ジオン公国軍MSセット,BANDAI SPIRITS,SDガンダムシリーズ,SD,Non
4573102683168,BB戦士 機動戦士ガンダム0083 STARDUST MEMORYセット,BANDAI SPIRITS,SDガンダムシリーズ,SD,Non
4902425476872,BB戦士 機動武神天鎧王,BANDAI SPIRITS,SDガンダムシリーズ,SD,Non
,BB戦士 機動武者烈火大鋼(キドウムシャレッカダイハガネ),BANDAI SPIRITS,SDガンダムシリーズ,SD,Non
,BB戦士 機甲神エルガイヤー,BANDAI SPIRITS,SDガンダムシリーズ,SD,Non
4902425275291,BB戦士 武者ZZガンダム,BANDAI SPIRITS,SDガンダムシリーズ,SD,Non
4902425271316,BB戦士 武者Zガンダム,BANDAI SPIRITS,SDガンダムシリーズ,SD,Non
,BB戦士 武者νガンダム,BANDAI SPIRITS,SDガンダムシリーズ,SD,Non
4902425248035,BB戦士 武者ガンダム,BANDAI SPIRITS,SDガンダムシリーズ,SD,Non
4902425273129,BB戦士 武者ガンダムMk-II,BANDAI SPIRITS,SDガンダムシリーズ,SD,Non
4573102607959,BB戦士 武者ガンダムMk-IV,BANDAI SPIRITS,SDガンダムシリーズ,SD,Non
4902425761534,BB戦士 武者ガーベラガンダム,BANDAI SPIRITS,SDガンダムシリーズ,SD,Non
,BB戦士 武者サンドロック,BANDAI SPIRITS,SDガンダムシリーズ,SD,Non
4573102604019,BB戦士 武者ターンエーガンダム,BANDAI SPIRITS,SDガンダムシリーズ,SD,Non
4902425278292,BB戦士 武者ドム,BANDAI SPIRITS,SDガンダムシリーズ,SD,Non
4902425278261,BB戦士 武者ドライセン,BANDAI SPIRITS,SDガンダムシリーズ,SD,Non
,BB戦士 武者ナタク,BANDAI SPIRITS,SDガンダムシリーズ,SD,Non
,BB戦士 武者ブルーガンダム,BANDAI SPIRITS,SDガンダムシリーズ,SD,Non
,BB戦士 武者ヘビーアームズ,BANDAI SPIRITS,SDガンダムシリーズ,SD,Non
,BB戦士 武者マスターガンダム,BANDAI SPIRITS,SDガンダムシリーズ,SD,Non
,BB戦士 武者丸(ムシャマル),BANDAI SPIRITS,SDガンダムシリーズ,SD,Non
,BB戦士 武者多威無掘駆主・壱（ムシャタイムボックス・イチ）,BANDAI SPIRITS,SDガンダムシリーズ,SD,Non
,BB戦士 武者多威無掘駆主・弐（ムシャタイムボックス・ニ）,BANDAI SPIRITS,SDガンダムシリーズ,SD,Non
4902425278254,BB戦士 武者影ZZガンダム,BANDAI SPIRITS,SDガンダムシリーズ,SD,Non
4902425278285,BB戦士 武者影Zガンダム,BANDAI SPIRITS,SDガンダムシリーズ,SD,Non
,BB戦士 武者激闘頑駄無,BANDAI SPIRITS,SDガンダムシリーズ,SD,Non
4902425279657,BB戦士 武者百士貴,BANDAI SPIRITS,SDガンダムシリーズ,SD,Non
,BB戦士 武者紅零斗丸,BANDAI SPIRITS,SDガンダムシリーズ,SD,Non
4902425432045,BB戦士 武者飛駆鳥,BANDAI SPIRITS,SDガンダムシリーズ,SD,Non
4902425286099,BB戦士 殺駆三兄弟,BANDAI SPIRITS,SDガンダムシリーズ,SD,Non
4902425380070,BB戦士 烈光頑駄無,BANDAI SPIRITS,SDガンダムシリーズ,SD,Non
,BB戦士 爆熱頑駄無,BANDAI SPIRITS,SDガンダムシリーズ,SD,Non
,BB戦士 白凰頑駄無(ハクオウガンダム),BANDAI SPIRITS,SDガンダムシリーズ,SD,Non
4543112623577,BB戦士 真 三国伝三位一体セット,BANDAI SPIRITS,SDガンダムシリーズ,SD,Non
,BB戦士 砕牙頑駄無,BANDAI SPIRITS,SDガンダムシリーズ,SD,Non
4902425482910,BB戦士 羽荒斗頑駄無,BANDAI SPIRITS,SDガンダムシリーズ,SD,Non
4902425459073,BB戦士 聖龍機マルスドラグーン,BANDAI SPIRITS,SDガンダムシリーズ,SD,Non
,BB戦士 蒼雷頑駄無,BANDAI SPIRITS,SDガンダムシリーズ,SD,Non
4902425287232,BB戦士 豪華頑駄無大将軍,BANDAI SPIRITS,SDガンダムシリーズ,SD,Non
,BB戦士 赤獅子頑駄無(セキジシガンダム),BANDAI SPIRITS,SDガンダムシリーズ,SD,Non
,BB戦士 超機甲神ガンジェネシス,BANDAI SPIRITS,SDガンダムシリーズ,SD,Non
4902425286143,BB戦士 農丸頑駄無,BANDAI SPIRITS,SDガンダムシリーズ,SD,Non
,BB戦士 迅風頑駄無,BANDAI SPIRITS,SDガンダムシリーズ,SD,Non
,BB戦士 逆襲のシャアセット,BANDAI SPIRITS,SDガンダムシリーズ,SD,Non
,BB戦士 鉄機武者爆進丸,BANDAI SPIRITS,SDガンダムシリーズ,SD,Non
4902425469218,BB戦士 鉄機武者鋼丸,BANDAI SPIRITS,SDガンダムシリーズ,SD,Non
,BB戦士 鎧丸(ヨロイマル),BANDAI SPIRITS,SDガンダムシリーズ,SD,Non
4902425283609,BB戦士 闇将軍,BANDAI SPIRITS,SDガンダムシリーズ,SD,Non
4902425287256,BB戦士 闇皇帝,BANDAI SPIRITS,SDガンダムシリーズ,SD,Non
4902425373515,BB戦士 頑駄無大光帝,BANDAI SPIRITS,SDガンダムシリーズ,SD,Non
4902425287249,BB戦士 頑駄無大将軍,BANDAI SPIRITS,SDガンダムシリーズ,SD,Non
4902425287249,BB戦士 頑駄無大将軍（頑駄無異歩流武版）（ガンダムダイショウグンガンダムイボルブ版）,BANDAI SPIRITS,SDガンダムシリーズ,SD,Non
4902425607030,BB戦士 頑駄無流星王,BANDAI SPIRITS,SDガンダムシリーズ,SD,Non
,BB戦士 頑駄無闇元帥,BANDAI SPIRITS,SDガンダムシリーズ,SD,Non
,BB戦士 魂武者闘刃丸,BANDAI SPIRITS,SDガンダムシリーズ,SD,Non
,BB戦士 魔刃頑駄無,BANDAI SPIRITS,SDガンダムシリーズ,SD,Non
4902425481395,BB戦士 魔星大将軍,BANDAI SPIRITS,SDガンダムシリーズ,SD,Non
,BB戦士 黒龍頑駄無（コクリュウガンダム）,BANDAI SPIRITS,SDガンダムシリーズ,SD,Non
,Baby Milo & RX-78-2 GUNDAM [SD EX-STANDARD],BANDAI SPIRITS,SDガンダムシリーズ,SD,Non
4573102674326,MGSD ウイングガンダムゼロ EW,BANDAI SPIRITS,SDガンダムシリーズ,SD,Non
4573102688460,MGSD ガンダムエアリアル,BANDAI SPIRITS,SDガンダムシリーズ,SD,Non
4573102656995,MGSD ガンダムバルバトス,BANDAI SPIRITS,SDガンダムシリーズ,SD,Non
,MGSD ガンダムベース限定 ガンダムバルバトス［アイアンブラッドコーティング］,BANDAI SPIRITS,SDガンダムシリーズ,SD,Non
,MGSD ガンダムベース限定 フリーダムガンダム［クリアカラー］,BANDAI SPIRITS,SDガンダムシリーズ,SD,Non
4573102720276,MGSD デスティニーガンダム,BANDAI SPIRITS,SDガンダムシリーズ,SD,Non
4573102642578,MGSD フリーダムガンダム,BANDAI SPIRITS,SDガンダムシリーズ,SD,Non
,SD RX-78-2 ガンダム Ver.GFT,BANDAI SPIRITS,SDガンダムシリーズ,SD,Non
,SD RX-78-3 G-3ガンダム Ver.GFT,BANDAI SPIRITS,SDガンダムシリーズ,SD,Non
,SD ガンダムベース限定 RX-零丸（獅子吼）,BANDAI SPIRITS,SDガンダムシリーズ,SD,Non
,SD ゴッグ&アッガイ&ゾック Ver.GFT トリコロールペイント,BANDAI SPIRITS,SDガンダムシリーズ,SD,Non
4573102588562,SD 三国創傑伝 BUG & 部隊兵 セット,BANDAI SPIRITS,SDガンダムシリーズ,SD,Non
4573102577153,SD 三国創傑伝 トリニティバイク,BANDAI SPIRITS,SDガンダムシリーズ,SD,Non
4573102583024,SD 三国創傑伝 典韋マスターガンダム,BANDAI SPIRITS,SDガンダムシリーズ,SD,Non
4573102567536,SD 三国創傑伝 劉備ユニコーンガンダム,BANDAI SPIRITS,SDガンダムシリーズ,SD,Non
4573102582072,SD 三国創傑伝 司馬懿デスティニーガンダム,BANDAI SPIRITS,SDガンダムシリーズ,SD,Non
4573102576101,SD 三国創傑伝 呂布シナンジュ&赤兎馬,BANDAI SPIRITS,SDガンダムシリーズ,SD,Non
4573102582089,SD 三国創傑伝 周瑜アカツキ,BANDAI SPIRITS,SDガンダムシリーズ,SD,Non
4573102578211,SD 三国創傑伝 夏侯惇トールギス III,BANDAI SPIRITS,SDガンダムシリーズ,SD,Non
4573102580955,SD 三国創傑伝 夏侯淵トールギス,BANDAI SPIRITS,SDガンダムシリーズ,SD,Non
4573102583093,SD 三国創傑伝 大喬ガンダムアルテミー/小喬GNアーチャー,BANDAI SPIRITS,SDガンダムシリーズ,SD,Non
4573102583086,SD 三国創傑伝 天覇曹操ウイングガンダム,BANDAI SPIRITS,SDガンダムシリーズ,SD,Non
4573102580979,SD 三国創傑伝 太史慈デュエルガンダム,BANDAI SPIRITS,SDガンダムシリーズ,SD,Non
4573102567697,SD 三国創傑伝 孫堅ガンダムアストレイ,BANDAI SPIRITS,SDガンダムシリーズ,SD,Non
4573102581877,SD 三国創傑伝 孫尚香ストライクルージュ,BANDAI SPIRITS,SDガンダムシリーズ,SD,Non
4573102577146,SD 三国創傑伝 孫権ガンダムアストレイ,BANDAI SPIRITS,SDガンダムシリーズ,SD,Non
4573102580962,SD 三国創傑伝 孫策ガンダムアストレイ,BANDAI SPIRITS,SDガンダムシリーズ,SD,Non
4573102578204,SD 三国創傑伝 張コウアルトロンガンダム,BANDAI SPIRITS,SDガンダムシリーズ,SD,Non
4573102581860,SD 三国創傑伝 張遼サザビー,BANDAI SPIRITS,SDガンダムシリーズ,SD,Non
4573102567543,SD 三国創傑伝 張飛ゴッドガンダム,BANDAI SPIRITS,SDガンダムシリーズ,SD,Non
4573102582232,SD 三国創傑伝 徐晃ガンダムデスサイズ,BANDAI SPIRITS,SDガンダムシリーズ,SD,Non
4573102567680,SD 三国創傑伝 曹操ウイングガンダム,BANDAI SPIRITS,SDガンダムシリーズ,SD,Non
4573102589330,SD 三国創傑伝 武聖関羽雲長νガンダム,BANDAI SPIRITS,SDガンダムシリーズ,SD,Non
4573102589231,SD 三国創傑伝 炎皇張飛ゴッドガンダム,BANDAI SPIRITS,SDガンダムシリーズ,SD,Non
4573102588616,SD 三国創傑伝 甘寧クロスボーンガンダム,BANDAI SPIRITS,SDガンダムシリーズ,SD,Non
4573102582997,SD 三国創傑伝 荀イクストライクノワール,BANDAI SPIRITS,SDガンダムシリーズ,SD,Non
4573102581853,SD 三国創傑伝 諸葛亮フリーダムガンダム,BANDAI SPIRITS,SDガンダムシリーズ,SD,Non
4573102576118,SD 三国創傑伝 貂蝉クシャトリヤ,BANDAI SPIRITS,SDガンダムシリーズ,SD,Non
4573102576095,SD 三国創傑伝 趙雲ダブルオーガンダム&碧竜駆,BANDAI SPIRITS,SDガンダムシリーズ,SD,Non
4573102567550,SD 三国創傑伝 関羽雲長νガンダム,BANDAI SPIRITS,SDガンダムシリーズ,SD,Non
4573102577139,SD 三国創傑伝 馬超ガンダムバルバトス,BANDAI SPIRITS,SDガンダムシリーズ,SD,Non
4573102578198,SD 三国創傑伝 黄忠ガンダムデュナメス,BANDAI SPIRITS,SDガンダムシリーズ,SD,Non
4573102588791,SD 三国創傑伝 龍賢劉備ユニコーンガンダム,BANDAI SPIRITS,SDガンダムシリーズ,SD,Non
4573102661432,SDBD RX-零丸,BANDAI SPIRITS,SDガンダムシリーズ,SD,Non
4573102557070,SDBD RX-零丸 神気結晶,BANDAI SPIRITS,SDガンダムシリーズ,SD,Non
4573102588708,SDBD:R アヴァランチレックスバスター,BANDAI SPIRITS,SDガンダムシリーズ,SD,Non
4573102602411,SDBD:R エクスヴァルキランダー,BANDAI SPIRITS,SDガンダムシリーズ,SD,Non
4573102582195,SDBD:R ヴァルキランダー,BANDAI SPIRITS,SDガンダムシリーズ,SD,Non
,SDBF S×D×Gガンダム,BANDAI SPIRITS,SDガンダムシリーズ,SD,Non
4543112943675,SDBF ウイニングガンダム,BANDAI SPIRITS,SDガンダムシリーズ,SD,Non
4573102554390,SDBF スターウイニングガンダム,BANDAI SPIRITS,SDガンダムシリーズ,SD,Non
4549660006336,SDBF 紅武者アメイジング,BANDAI SPIRITS,SDガンダムシリーズ,SD,Non
4573102662934,SDW HEROES 78代目武者頑駄無,BANDAI SPIRITS,SDガンダムシリーズ,SD,Non
4573102683649,SDW HEROES GF ガンダムアストレア タイプ-B,BANDAI SPIRITS,SDガンダムシリーズ,SD,Non
4573102683656,SDW HEROES GF ガンダムアストレア タイプ-F,BANDAI SPIRITS,SDガンダムシリーズ,SD,Non
4573102619174,SDW HEROES アルセーヌガンダムX,BANDAI SPIRITS,SDガンダムシリーズ,SD,Non
4573102621696,SDW HEROES アーサーガンダムMk-III,BANDAI SPIRITS,SDガンダムシリーズ,SD,Non
4573102637024,SDW HEROES ウォーロックイージスガンダム,BANDAI SPIRITS,SDガンダムシリーズ,SD,Non
4573102616562,SDW HEROES エドワードセカンドV,BANDAI SPIRITS,SDガンダムシリーズ,SD,Non
4573102642646,SDW HEROES オルタナティブジャスティス インフィニットドラゴン,BANDAI SPIRITS,SDガンダムシリーズ,SD,Non
4573102683632,SDW HEROES キャプテンクアンタ GF,BANDAI SPIRITS,SDガンダムシリーズ,SD,Non
,SDW HEROES クリアカラーセット,BANDAI SPIRITS,SDガンダムシリーズ,SD,Non
,SDW HEROES クリアカラーセットII,BANDAI SPIRITS,SDガンダムシリーズ,SD,Non
,SDW HEROES クリアカラーセットIII,BANDAI SPIRITS,SDガンダムシリーズ,SD,Non
4573102620125,SDW HEROES クレオパトラキュベレイ,BANDAI SPIRITS,SDガンダムシリーズ,SD,Non
4573102619167,SDW HEROES クレオパトラキュベレイ ダークマスクVer.,BANDAI SPIRITS,SDガンダムシリーズ,SD,Non
4573102615503,SDW HEROES サージェントヴェルデバスターガンダム,BANDAI SPIRITS,SDガンダムシリーズ,SD,Non
4573102619914,SDW HEROES サージェントヴェルデバスターガンダムDXセット,BANDAI SPIRITS,SDガンダムシリーズ,SD,Non
4573102637055,SDW HEROES シャイングラスパードラゴン,BANDAI SPIRITS,SDガンダムシリーズ,SD,Non
4573102621702,SDW HEROES シーザーレジェンドガンダム,BANDAI SPIRITS,SDガンダムシリーズ,SD,Non
4573102640161,SDW HEROES スペリオルストライク フリーダムドラゴン,BANDAI SPIRITS,SDガンダムシリーズ,SD,Non
,SDW HEROES スペリオルフォーミュラー ファイナルドラゴン,BANDAI SPIRITS,SDガンダムシリーズ,SD,Non
,SDW HEROES スペリオルフォーミュラー ファイナルドラゴン［クリアカラー］,BANDAI SPIRITS,SDガンダムシリーズ,SD,Non
4573102640055,SDW HEROES ダークグラスパードラゴン,BANDAI SPIRITS,SDガンダムシリーズ,SD,Non
4573102650986,SDW HEROES ドミナントスペリオル ダークネスドラゴン,BANDAI SPIRITS,SDガンダムシリーズ,SD,Non
4573102621740,SDW HEROES ナイトストライクガンダム,BANDAI SPIRITS,SDガンダムシリーズ,SD,Non
4573102656988,SDW HEROES ヒーロー再臨! 復活の悟空インパルスガンダム & 三蔵ストライクフリーダムガンダム セット,BANDAI SPIRITS,SDガンダムシリーズ,SD,Non
4573102616555,SDW HEROES ベンジャミンV2ガンダム,BANDAI SPIRITS,SDガンダムシリーズ,SD,Non
4573102637048,SDW HEROES レイフガンダムGP04,BANDAI SPIRITS,SDガンダムシリーズ,SD,Non
4573102621733,SDW HEROES ロビンフッドガンダムAGE-2,BANDAI SPIRITS,SDガンダムシリーズ,SD,Non
4573102619921,SDW HEROES ヴェルデバスター隊員,BANDAI SPIRITS,SDガンダムシリーズ,SD,Non
4573102616630,SDW HEROES 佐助デルタガンダム,BANDAI SPIRITS,SDガンダムシリーズ,SD,Non
4573102615497,SDW HEROES 信長ガンダムエピオン,BANDAI SPIRITS,SDガンダムシリーズ,SD,Non
4573102619167,SDW HEROES 信長ガンダムエピオン ダークマスクVer.,BANDAI SPIRITS,SDガンダムシリーズ,SD,Non
4573102657190,SDW HEROES 信長専用軍馬,BANDAI SPIRITS,SDガンダムシリーズ,SD,Non
4573102662989,SDW HEROES 天下無双大将軍,BANDAI SPIRITS,SDガンダムシリーズ,SD,Non
4573102640109,SDW HEROES 孫権ガンダムアストレイ 赫炎翔虎,BANDAI SPIRITS,SDガンダムシリーズ,SD,Non
4573102615480,SDW HEROES 悟空インパルスガンダム,BANDAI SPIRITS,SDガンダムシリーズ,SD,Non
4573102617835,SDW HEROES 悟空インパルスガンダムDXセット,BANDAI SPIRITS,SDガンダムシリーズ,SD,Non
,SDW HEROES 悟空インパルスガンダムDXセット ダークVer.,BANDAI SPIRITS,SDガンダムシリーズ,SD,Non
4573102621818,SDW HEROES 才蔵ガンダムデルタカイ,BANDAI SPIRITS,SDガンダムシリーズ,SD,Non
4573102620170,SDW HEROES 斉天大聖悟空インパルスガンダム-闘戦勝仏-,BANDAI SPIRITS,SDガンダムシリーズ,SD,Non
4573102617842,SDW HEROES 曹操ウイングガンダム 倚聖の装,BANDAI SPIRITS,SDガンダムシリーズ,SD,Non
4573102620118,SDW HEROES 窮奇ストライクフリーダムガンダム,BANDAI SPIRITS,SDガンダムシリーズ,SD,Non
4573102637086,SDW HEROES 趙雲ダブルオーガンダム コマンドパッケージ,BANDAI SPIRITS,SDガンダムシリーズ,SD,Non
4573102616647,SDW HEROES 軍馬,BANDAI SPIRITS,SDガンダムシリーズ,SD,Non
4573102621825,SDW HEROES 軍馬 ナイトワールド Ver.,BANDAI SPIRITS,SDガンダムシリーズ,SD,Non
4573102657237,SDW HEROES 隠密ガンダムエアリアル,BANDAI SPIRITS,SDガンダムシリーズ,SD,Non
4573102620187,SDW HEROES 龍尊劉備ユニコーンガンダム,BANDAI SPIRITS,SDガンダムシリーズ,SD,Non
4573102656155,SDガンダム EXスタンダード RX-78-2 ガンダム,BANDAI SPIRITS,SDガンダムシリーズ,SD,Non
4573102609281,SDガンダム EXスタンダード νガンダム,BANDAI SPIRITS,SDガンダムシリーズ,SD,Non
,SDガンダム EXスタンダード νガンダム vs サザビー セット［クリアカラー］,BANDAI SPIRITS,SDガンダムシリーズ,SD,Non
4573102617866,SDガンダム EXスタンダード ウイングガンダムゼロ,BANDAI SPIRITS,SDガンダムシリーズ,SD,Non
4573102656186,SDガンダム EXスタンダード ウイングガンダムゼロ EW,BANDAI SPIRITS,SDガンダムシリーズ,SD,Non
4573102656162,SDガンダム EXスタンダード エールストライクガンダム,BANDAI SPIRITS,SDガンダムシリーズ,SD,Non
4573102656216,SDガンダム EXスタンダード ガンダムアストレイ レッドフレーム,BANDAI SPIRITS,SDガンダムシリーズ,SD,Non
4573102630315,SDガンダム EXスタンダード ガンダムエアリアル,BANDAI SPIRITS,SDガンダムシリーズ,SD,Non
4573102656179,SDガンダム EXスタンダード ガンダムエクシア,BANDAI SPIRITS,SDガンダムシリーズ,SD,Non
4573102656261,SDガンダム EXスタンダード ガンダムデスサイズヘル EW,BANDAI SPIRITS,SDガンダムシリーズ,SD,Non
4573102656247,SDガンダム EXスタンダード ガンダムバルバトス,BANDAI SPIRITS,SDガンダムシリーズ,SD,Non
,SDガンダム EXスタンダード ガンダムバルバトスルプス,BANDAI SPIRITS,SDガンダムシリーズ,SD,Non
,SDガンダム EXスタンダード ガンダムベース限定 ZGMF-X10A フリーダムガンダム Ver.GCP,BANDAI SPIRITS,SDガンダムシリーズ,SD,Non
4573102609298,SDガンダム EXスタンダード サザビー,BANDAI SPIRITS,SDガンダムシリーズ,SD,Non
4573102656278,SDガンダム EXスタンダード シナンジュ,BANDAI SPIRITS,SDガンダムシリーズ,SD,Non
4573102656209,SDガンダム EXスタンダード ストライクフリーダムガンダム,BANDAI SPIRITS,SDガンダムシリーズ,SD,Non
4573102656223,SDガンダム EXスタンダード ダブルオーガンダム,BANDAI SPIRITS,SDガンダムシリーズ,SD,Non
,SDガンダム EXスタンダード ダブルオーガンダム ソリッドクリア,BANDAI SPIRITS,SDガンダムシリーズ,SD,Non
4573102656230,SDガンダム EXスタンダード デスティニーガンダム,BANDAI SPIRITS,SDガンダムシリーズ,SD,Non
4573102656254,SDガンダム EXスタンダード トライバーニングガンダム,BANDAI SPIRITS,SDガンダムシリーズ,SD,Non
4573102656285,SDガンダム EXスタンダード ユニコーンガンダム2号機バンシィ・ノルン（デストロイ・モード）,BANDAI SPIRITS,SDガンダムシリーズ,SD,Non
4573102656193,SDガンダム EXスタンダード ユニコーンガンダム（デストロイモード）,BANDAI SPIRITS,SDガンダムシリーズ,SD,Non
4573102662866,SDガンダム EXスタンダード ライジングフリーダムガンダム,BANDAI SPIRITS,SDガンダムシリーズ,SD,Non
4573102657114,SDガンダム クロスシルエット F9ノ1改,BANDAI SPIRITS,SDガンダムシリーズ,SD,Non
4573102592521,SDガンダム クロスシルエット RX-78-2 ガンダム,BANDAI SPIRITS,SDガンダムシリーズ,SD,Non
4573102595737,SDガンダム クロスシルエット RX-78-2 ガンダム & クロスシルエットフレーム セット,BANDAI SPIRITS,SDガンダムシリーズ,SD,Non
4573102595720,SDガンダム クロスシルエット Zガンダム,BANDAI SPIRITS,SDガンダムシリーズ,SD,Non
4573102595720,SDガンダム クロスシルエット Zガンダム（クロスシルエットフレームVer.）［クリアカラー］,BANDAI SPIRITS,SDガンダムシリーズ,SD,Non
4573102591241,SDガンダム クロスシルエット アースリィガンダム,BANDAI SPIRITS,SDガンダムシリーズ,SD,Non
4573102578419,SDガンダム クロスシルエット ウイングガンダムゼロEW,BANDAI SPIRITS,SDガンダムシリーズ,SD,Non
4573102578419,SDガンダム クロスシルエット ウイングガンダムゼロEW（クロスシルエットフレームVer.）[クリアカラー],BANDAI SPIRITS,SDガンダムシリーズ,SD,Non
4573102666918,SDガンダム クロスシルエット ガンダムキャリバーン,BANDAI SPIRITS,SDガンダムシリーズ,SD,Non
4573102553430,SDガンダム クロスシルエット ガンダムダブルオーダイバーエース,BANDAI SPIRITS,SDガンダムシリーズ,SD,Non
,SDガンダム クロスシルエット ガンダムベース限定 RX-78-2 ガンダム（クロスシルエットフレームVer.）［ガンダムベースカラー］,BANDAI SPIRITS,SDガンダムシリーズ,SD,Non
,SDガンダム クロスシルエット ガンダムベース限定 RX-78-2 ガンダム［クリアカラー］,BANDAI SPIRITS,SDガンダムシリーズ,SD,Non
,SDガンダム クロスシルエット ガンダムベース限定 RX-78-3 G-3ガンダム（クロスシルエットフレームVer.）,BANDAI SPIRITS,SDガンダムシリーズ,SD,Non
,SDガンダム クロスシルエット ガンダムベース限定 ナイチンゲール［スペシャルコーティング］,BANDAI SPIRITS,SDガンダムシリーズ,SD,Non
4573102588647,SDガンダム クロスシルエット クロスシルエットフレーム［グリーン］,BANDAI SPIRITS,SDガンダムシリーズ,SD,Non
4573102606723,SDガンダム クロスシルエット クロスシルエットフレーム［グレー］,BANDAI SPIRITS,SDガンダムシリーズ,SD,Non
4573102606716,SDガンダム クロスシルエット クロスシルエットフレーム［ホワイト］,BANDAI SPIRITS,SDガンダムシリーズ,SD,Non
4573102588630,SDガンダム クロスシルエット クロスシルエットフレーム［レッド］,BANDAI SPIRITS,SDガンダムシリーズ,SD,Non
4573102606709,SDガンダム クロスシルエット クロスボーン・ガンダムX1,BANDAI SPIRITS,SDガンダムシリーズ,SD,Non
4573102606709,SDガンダム クロスシルエット クロスボーン・ガンダムX1（クロスシルエットフレームVer.）[クリアカラー],BANDAI SPIRITS,SDガンダムシリーズ,SD,Non
4573102595713,SDガンダム クロスシルエット ザクII,BANDAI SPIRITS,SDガンダムシリーズ,SD,Non
4573102595713,SDガンダム クロスシルエット ザクII（クロスシルエットフレームVer.）［クリアカラー］,BANDAI SPIRITS,SDガンダムシリーズ,SD,Non
4573102575739,SDガンダム クロスシルエット シスクード,BANDAI SPIRITS,SDガンダムシリーズ,SD,Non
4573102570109,SDガンダム クロスシルエット シスクード（ティターンズカラー）,BANDAI SPIRITS,SDガンダムシリーズ,SD,Non
4573102588623,SDガンダム クロスシルエット シャア専用ザクII,BANDAI SPIRITS,SDガンダムシリーズ,SD,Non
4573102588623,SDガンダム クロスシルエット シャア専用ザクII（クロスシルエットフレームVer.）[クリアカラー],BANDAI SPIRITS,SDガンダムシリーズ,SD,Non
4573102604361,SDガンダム クロスシルエット シルエットブースター2 [ホワイト],BANDAI SPIRITS,SDガンダムシリーズ,SD,Non
4573102578402,SDガンダム クロスシルエット シルエットブースター[グレー],BANDAI SPIRITS,SDガンダムシリーズ,SD,Non
4573102606815,SDガンダム クロスシルエット ナイチンゲール,BANDAI SPIRITS,SDガンダムシリーズ,SD,Non
4573102602503,SDガンダム クロスシルエット フェニックスガンダム,BANDAI SPIRITS,SDガンダムシリーズ,SD,Non
4573102567529,SDガンダム クロスシルエット フリーダムガンダム,BANDAI SPIRITS,SDガンダムシリーズ,SD,Non
4573102671738,SDガンダム クロスシルエット マイティーストライクフリーダムガンダム,BANDAI SPIRITS,SDガンダムシリーズ,SD,Non
4573102555786,SDガンダム クロスシルエット ユニコーンガンダム3号機 フェネクス（デストロイモード）（ナラティブVer.）,BANDAI SPIRITS,SDガンダムシリーズ,SD,Non
4573102576910,SDガンダム クロスシルエット ユニコーンガンダム（デストロイモード）,BANDAI SPIRITS,SDガンダムシリーズ,SD,Non
4573102576149,SDガンダム クロスシルエット 陸戦型ガンダム,BANDAI SPIRITS,SDガンダムシリーズ,SD,Non
,SDガンダムBB戦士 徳川家康頑駄無 漆黒の鎧版,BANDAI SPIRITS,SDガンダムシリーズ,SD,Non
,SDガンダムBB戦士 武者七人衆セット,BANDAI SPIRITS,SDガンダムシリーズ,SD,Non
4573102607850,SDガンダムGジェネレーション 10 ジオング,BANDAI SPIRITS,SDガンダムシリーズ,SD,Non
4902425727905,SDガンダムGジェネレーション 12 ZZガンダム & メガライダー,BANDAI SPIRITS,SDガンダムシリーズ,SD,Non
4573102607867,SDガンダムGジェネレーション 13 パーフェクトガンダム（フル装備型）,BANDAI SPIRITS,SDガンダムシリーズ,SD,Non
4573102607874,SDガンダムGジェネレーション 14 アムロ専用ゼータプラス,BANDAI SPIRITS,SDガンダムシリーズ,SD,Non
4573102569554,SDガンダムGジェネレーション 15 Sガンダム & コアブースター,BANDAI SPIRITS,SDガンダムシリーズ,SD,Non
4573102607881,SDガンダムGジェネレーション 17 ザクII（フル装備型）,BANDAI SPIRITS,SDガンダムシリーズ,SD,Non
4573102607898,SDガンダムGジェネレーション 18 ジムカスタム,BANDAI SPIRITS,SDガンダムシリーズ,SD,Non
4573102607928,SDガンダムGジェネレーション 24 V2ガンダム（フル装備型）,BANDAI SPIRITS,SDガンダムシリーズ,SD,Non
4573102607942,SDガンダムGジェネレーション 29 ガンダムエックス,BANDAI SPIRITS,SDガンダムシリーズ,SD,Non
4573102569899,SDガンダムGジェネレーション 30 シャア専用ズゴック,BANDAI SPIRITS,SDガンダムシリーズ,SD,Non
4573102607966,SDガンダムGジェネレーション 32 グフカスタム,BANDAI SPIRITS,SDガンダムシリーズ,SD,Non
4573102607973,SDガンダムGジェネレーション 33 ジェミナス01,BANDAI SPIRITS,SDガンダムシリーズ,SD,Non
4573102607980,SDガンダムGジェネレーション 35 ガンダムデスサイズ,BANDAI SPIRITS,SDガンダムシリーズ,SD,Non
4573102607997,SDガンダムGジェネレーション 36 ガンダムヘビーアームズ,BANDAI SPIRITS,SDガンダムシリーズ,SD,Non
4573102608017,SDガンダムGジェネレーション 38 シェンロンガンダム,BANDAI SPIRITS,SDガンダムシリーズ,SD,Non
,SDガンダムGジェネレーション 39 ガンダムイージーエイト,BANDAI SPIRITS,SDガンダムシリーズ,SD,Non
4573102608031,SDガンダムGジェネレーション 40 ターンエーガンダム,BANDAI SPIRITS,SDガンダムシリーズ,SD,Non
4573102569905,SDガンダムGジェネレーション 42 ドム,BANDAI SPIRITS,SDガンダムシリーズ,SD,Non
4573102569912,SDガンダムGジェネレーション 43 量産型ズゴック,BANDAI SPIRITS,SDガンダムシリーズ,SD,Non
4573102608048,SDガンダムGジェネレーション 44 ガンダムダブルエックス,BANDAI SPIRITS,SDガンダムシリーズ,SD,Non
4573102608055,SDガンダムGジェネレーション 45 ガンダムレオパルド,BANDAI SPIRITS,SDガンダムシリーズ,SD,Non
4573102608062,SDガンダムGジェネレーション 46 ガンダムエアマスター,BANDAI SPIRITS,SDガンダムシリーズ,SD,Non
4573102608079,SDガンダムGジェネレーション 47 ガンダムエピオン,BANDAI SPIRITS,SDガンダムシリーズ,SD,Non
4573102608086,SDガンダムGジェネレーション 48 トールギス,BANDAI SPIRITS,SDガンダムシリーズ,SD,Non
4573102608093,SDガンダムGジェネレーション 49 百式,BANDAI SPIRITS,SDガンダムシリーズ,SD,Non
4573102608109,SDガンダムGジェネレーション 50 ガンダムアクエリアス,BANDAI SPIRITS,SDガンダムシリーズ,SD,Non
4573102608116,SDガンダムGジェネレーション 51 ガンダムGP04,BANDAI SPIRITS,SDガンダムシリーズ,SD,Non
4573102608123,SDガンダムGジェネレーション 52 ブルーディスティニー3号機,BANDAI SPIRITS,SDガンダムシリーズ,SD,Non
4573102608130,SDガンダムGジェネレーション 53 クインマンサ,BANDAI SPIRITS,SDガンダムシリーズ,SD,Non
4573102608147,SDガンダムGジェネレーション 54 グフ,BANDAI SPIRITS,SDガンダムシリーズ,SD,Non
4573102608154,SDガンダムGジェネレーション 55 マグアナック,BANDAI SPIRITS,SDガンダムシリーズ,SD,Non
4573102569929,SDガンダムGジェネレーション 56 ビグザム,BANDAI SPIRITS,SDガンダムシリーズ,SD,Non
4573102608161,SDガンダムGジェネレーション 57 NT専用モビルアーマー,BANDAI SPIRITS,SDガンダムシリーズ,SD,Non
4573102608178,SDガンダムGジェネレーション 58 マスターガンダム,BANDAI SPIRITS,SDガンダムシリーズ,SD,Non
4573102608185,SDガンダムGジェネレーション 59 クロスボーンガンダムX1,BANDAI SPIRITS,SDガンダムシリーズ,SD,Non
4573102608192,SDガンダムGジェネレーション 60 キュベレイ,BANDAI SPIRITS,SDガンダムシリーズ,SD,Non
4573102608208,SDガンダムGジェネレーション 61 ブルーディスティニー1号機,BANDAI SPIRITS,SDガンダムシリーズ,SD,Non
,SDガンダムGジェネレーション 62 百式&メガバズーカランチャー,BANDAI SPIRITS,SDガンダムシリーズ,SD,Non
4573102608222,SDガンダムGジェネレーション 63 クロスボーンガンダムX2,BANDAI SPIRITS,SDガンダムシリーズ,SD,Non
,SDガンダムGジェネレーション 8 ザク3改,BANDAI SPIRITS,SDガンダムシリーズ,SD,Non
4573102607843,SDガンダムGジェネレーション 9 ジョニー･ライデン ゲルググ,BANDAI SPIRITS,SDガンダムシリーズ,SD,Non
,SDガンダムGジェネレーション ZガンダムMSコレクション,BANDAI SPIRITS,SDガンダムシリーズ,SD,Non
4902425761541,SDガンダムGジェネレーション ウイングガンダムゼロ,BANDAI SPIRITS,SDガンダムシリーズ,SD,Non
4573102608000,SDガンダムGジェネレーション ガンダムサンドロック,BANDAI SPIRITS,SDガンダムシリーズ,SD,Non
4902425771724,SDガンダムGジェネレーション シャア専用MSコレクション,BANDAI SPIRITS,SDガンダムシリーズ,SD,Non
,SDガンダムGジェネレーション ドラゴンガンダム（ドラゴンクローモード）,BANDAI SPIRITS,SDガンダムシリーズ,SD,Non
,SDガンダムGジェネレーション31 ガンダムMk-IV,BANDAI SPIRITS,SDガンダムシリーズ,SD,Non
4573102602763,SDガンダムクロスシルエット RX-78-2 ガンダム&シャア専用ザクII,BANDAI SPIRITS,SDガンダムシリーズ,SD,Non
,SDガンダムクロスシルエット RX-78F00 ガンダム,BANDAI SPIRITS,SDガンダムシリーズ,SD,Non
4573102592293,SDガンダムクロスシルエット ガンダムバルバトスルプスレクス,BANDAI SPIRITS,SDガンダムシリーズ,SD,Non
,SDガンダムクロスシルエット ガンダムベース限定 ガンダムバルバトスルプスレクス［クリアカラー］,BANDAI SPIRITS,SDガンダムシリーズ,SD,Non
4573102651174,SDガンダムクロスシルエット トルネードガンダム,BANDAI SPIRITS,SDガンダムシリーズ,SD,Non
4573102621597,SDガンダムクロスシルエット ユニコーンガンダム２号機バンシィ（デストロイモード）＆バンシィ・ノルン パーツセット,BANDAI SPIRITS,SDガンダムシリーズ,SD,Non
,SDガンダム三国伝 039 真 孔明リ・ガズィ,BANDAI SPIRITS,SDガンダムシリーズ,SD,Non
4543112670908,SDガンダム三国伝 046 真 翔烈帝 龍装 劉備ガンダム・天玉鎧 蒼龍,BANDAI SPIRITS,SDガンダムシリーズ,SD,Non
4543112642639,SD三国伝 024 真 袁術ズサ,BANDAI SPIRITS,SDガンダムシリーズ,SD,Non
4543112642660,SD三国伝 026 真 徐晃サーペント,BANDAI SPIRITS,SDガンダムシリーズ,SD,Non
4543112645685,SD三国伝 029 真 猛虎装 孫権ガンダム・天玉鎧 弩虎,BANDAI SPIRITS,SDガンダムシリーズ,SD,Non
4543112653024,SD三国伝 031 真 典韋アッシマー・賈クアシュタロン 攻城兵器セット,BANDAI SPIRITS,SDガンダムシリーズ,SD,Non
4543112667854,SD三国伝 042 真 翔烈帝 龍装 劉備ガンダム 龍輝宝・的盧,BANDAI SPIRITS,SDガンダムシリーズ,SD,Non
4543112656551,SD三国伝 真 張コウザクIII,BANDAI SPIRITS,SDガンダムシリーズ,SD,Non
4573102567703,SD三国創傑伝 董卓プロヴィデンスガンダム,BANDAI SPIRITS,SDガンダムシリーズ,SD,Non
,SD千生大将軍/雷帝千生神将軍コンパチブルカラーメッキバージョン,BANDAI SPIRITS,SDガンダムシリーズ,SD,Non
,SD武者ガンダム BB戦士395 LEGEND BB 二代目頑駄無大将軍,BANDAI SPIRITS,SDガンダムシリーズ,SD,Non
,ガンプラ入りラウンドBOX SDガンダム EXスタンダード ガンダムエアリアル［クリアカラー］,BANDAI SPIRITS,SDガンダムシリーズ,SD,Non
4573102581693,ハロプラ SD 三国創傑伝 ハロ,BANDAI SPIRITS,SDガンダムシリーズ,SD,Non
4573102589248,ハローキティ / RX-78-2 ガンダム［SD EX-STANDARD］,BANDAI SPIRITS,SDガンダムシリーズ,SD,Non
,ハローキティ / RX-78-2 ガンダム［SD EX-STANDARD］［クリアカラー］,BANDAI SPIRITS,SDガンダムシリーズ,SD,Non
4573102610300,ハローキティ/ザクII［SDガンダムクロスシルエット］,BANDAI SPIRITS,SDガンダムシリーズ,SD,Non
4573102610294,ハローキティ/ザクII［SDガンダムクロスシルエット］［クリアカラー］,BANDAI SPIRITS,SDガンダムシリーズ,SD,Non
4573102610294,ハローキティ/シャア専用ザクII［SDガンダムクロスシルエット］,BANDAI SPIRITS,SDガンダムシリーズ,SD,Non
,バンダイホビーセンター専用エコプラ SDガンダム RX-78-2 ガンダム,BANDAI SPIRITS,SDガンダムシリーズ,SD,Non
,バンダイホビーセンター専用エコプラ SDガンダム νガンダム,BANDAI SPIRITS,SDガンダムシリーズ,SD,Non
,バンダイホビーセンター専用エコプラ SDガンダム サザビー,BANDAI SPIRITS,SDガンダムシリーズ,SD,Non
,バンダイホビーセンター専用エコプラ SDガンダム ザクII F型,BANDAI SPIRITS,SDガンダムシリーズ,SD,Non
